file,class,type,cbo,cboModified,fanin,fanout,wmc,dit,noc,rfc,lcom,lcom*,tcc,lcc,totalMethodsQty,staticMethodsQty,publicMethodsQty,privateMethodsQty,protectedMethodsQty,defaultMethodsQty,visibleMethodsQty,abstractMethodsQty,finalMethodsQty,synchronizedMethodsQty,totalFieldsQty,staticFieldsQty,publicFieldsQty,privateFieldsQty,protectedFieldsQty,defaultFieldsQty,finalFieldsQty,synchronizedFieldsQty,nosi,loc,returnQty,loopQty,comparisonsQty,tryCatchQty,parenthesizedExpsQty,stringLiteralsQty,numbersQty,assignmentsQty,mathOperationsQty,variablesQty,maxNestedBlocksQty,anonymousClassesQty,innerClassesQty,lambdasQty,uniqueWordsQty,modifiers,logStatementsQty
C:\Users\All Five Projects\spring-batch-main\spring-batch-core\src\main\java\org\springframework\batch\core\job\flow\FlowHolder.java,org.springframework.batch.core.job.flow.FlowHolder,interface,1,6,5,1,1,1,0,0,0,0.0,NaN,NaN,1,0,0,0,0,1,1,0,0,0,0,0,0,0,0,0,0,0,0,3,0,0,0,0,0,0,0,0,0,0,0,0,0,0,11,1,0
C:\Users\All Five Projects\spring-batch-main\spring-batch-core\src\test\java\org\springframework\batch\core\test\repository\MySQLJdbcJobRepositoryIntegrationTests.java,org.springframework.batch.core.test.repository.MySQLJdbcJobRepositoryIntegrationTests$TestConfiguration,innerclass,14,14,0,14,5,1,0,12,6,0.0,0.0,0.0,4,0,4,0,0,0,4,0,0,0,0,0,0,0,0,0,0,0,0,34,5,0,0,1,0,4,0,3,0,6,2,0,0,2,32,8,0
C:\Users\All Five Projects\spring-batch-main\spring-batch-samples\src\main\java\org\springframework\batch\samples\file\multirecordtype\DelegatingTradeLineAggregator.java,org.springframework.batch.samples.file.multirecordtype.DelegatingTradeLineAggregator,class,3,4,1,3,5,1,0,1,0,0.33333334,0.6666667,1.0,3,0,3,0,0,0,3,0,0,0,2,0,0,2,0,0,0,0,0,21,2,0,0,0,0,0,0,2,0,2,1,0,0,0,16,1,0
C:\Users\All Five Projects\spring-batch-main\spring-batch-samples\src\main\java\org\springframework\batch\samples\jpa\CustomerCreditPagingAndSortingRepository.java,org.springframework.batch.samples.jpa.CustomerCreditPagingAndSortingRepository,interface,4,5,1,4,1,1,0,0,0,0.0,NaN,NaN,1,0,0,0,0,1,1,0,0,0,0,0,0,0,0,0,0,0,0,3,0,0,0,0,0,0,0,0,0,0,0,0,0,0,14,1,0
C:\Users\All Five Projects\spring-batch-main\spring-batch-infrastructure\src\test\java\org\springframework\batch\item\file\SimpleResourceSuffixCreatorTests.java,org.springframework.batch.item.file.SimpleResourceSuffixCreatorTests,class,2,2,0,2,1,1,0,2,0,0.0,NaN,NaN,1,0,0,0,0,1,1,0,0,0,1,0,0,1,0,0,1,0,0,8,0,0,0,0,0,3,3,1,0,1,0,0,0,0,10,0,0
C:\Users\All Five Projects\spring-batch-main\spring-batch-core\src\main\java\org\springframework\batch\core\configuration\xml\SplitParser.java,org.springframework.batch.core.configuration.xml.SplitParser,class,12,13,1,12,7,1,0,17,0,0.25,1.0,1.0,2,0,2,0,0,0,2,0,0,0,2,1,0,2,0,0,2,0,1,44,1,1,0,0,0,12,3,14,2,14,3,0,0,0,100,1,2
C:\Users\All Five Projects\spring-batch-main\spring-batch-core\src\test\java\org\springframework\batch\core\EntityTests.java,org.springframework.batch.core.EntityTests,class,2,2,0,2,14,1,0,14,0,0.07692308,0.84615386,0.84615386,13,0,0,0,0,13,13,0,0,0,1,0,0,1,0,0,0,0,2,51,0,0,1,0,0,1,3,6,0,4,0,0,0,0,31,0,0
C:\Users\All Five Projects\spring-batch-main\spring-batch-core\src\test\java\org\springframework\batch\core\job\builder\FlowBuilderTests.java,org.springframework.batch.core.job.builder.FlowBuilderTests,class,13,14,1,13,6,1,0,15,15,0.0,0.0,0.0,6,1,0,1,0,5,5,0,0,0,0,0,0,0,0,0,0,0,6,75,1,0,0,0,0,29,0,24,0,24,0,4,0,0,44,0,0
C:\Users\All Five Projects\spring-batch-main\spring-batch-infrastructure\src\test\java\org\springframework\batch\item\data\builder\MongoPagingItemReaderBuilderTests.java,org.springframework.batch.item.data.builder.MongoPagingItemReaderBuilderTests,class,11,12,1,11,16,1,0,40,0,0.34375,0.84615386,1.0,16,0,0,2,0,14,14,0,0,0,2,0,0,2,0,0,0,0,1,95,1,0,0,0,0,49,15,9,0,17,1,0,0,7,70,0,0
C:\Users\All Five Projects\spring-batch-main\spring-batch-infrastructure\src\test\java\org\springframework\batch\item\database\builder\JdbcPagingItemReaderBuilderTests.java,org.springframework.batch.item.database.builder.JdbcPagingItemReaderBuilderTests,class,15,15,0,15,12,1,0,44,0,0.5,0.6727273,0.8181818,11,0,1,0,0,10,11,0,0,0,2,0,0,2,0,0,0,0,0,208,0,0,1,0,0,61,71,43,0,41,1,0,2,5,91,0,0
C:\Users\All Five Projects\spring-batch-main\spring-batch-samples\src\main\java\org\springframework\batch\samples\adapter\tasklet\Task.java,org.springframework.batch.samples.adapter.tasklet.Task,class,1,1,0,1,1,1,0,5,0,0.0,NaN,NaN,1,0,1,0,0,0,1,0,0,0,0,0,0,0,0,0,0,0,0,6,1,0,0,0,0,2,0,0,0,0,0,0,0,0,7,1,0
C:\Users\All Five Projects\spring-batch-main\spring-batch-core\src\main\java\org\springframework\batch\core\step\tasklet\StoppableTasklet.java,org.springframework.batch.core.step.tasklet.StoppableTasklet,interface,1,3,2,1,1,1,0,0,0,0.0,NaN,NaN,1,0,0,0,0,1,1,0,0,0,0,0,0,0,0,0,0,0,0,3,0,0,0,0,0,0,0,0,0,0,0,0,0,0,59,1,0
C:\Users\All Five Projects\spring-batch-main\spring-batch-core\src\main\java\org\springframework\batch\core\launch\support\RunIdIncrementer.java,org.springframework.batch.core.launch.support.RunIdIncrementer,class,5,6,1,5,5,1,0,7,0,0.5,1.0,1.0,2,0,2,0,0,0,2,0,0,0,2,1,0,2,0,0,1,0,1,21,1,0,2,1,1,2,2,7,2,5,2,0,0,0,77,1,0
C:\Users\All Five Projects\spring-batch-main\spring-batch-samples\src\main\java\org\springframework\batch\samples\file\xml\XmlJobConfiguration.java,org.springframework.batch.samples.file.xml.XmlJobConfiguration,class,25,27,2,25,4,1,0,17,6,0.0,0.0,0.0,4,0,4,0,0,0,4,0,0,0,0,0,0,0,0,0,0,0,1,17,4,0,0,0,0,11,1,1,0,1,0,0,0,0,30,1,0
C:\Users\All Five Projects\spring-batch-main\spring-batch-infrastructure\src\main\java\org\springframework\batch\repeat\policy\DefaultResultCompletionPolicy.java,org.springframework.batch.repeat.policy.DefaultResultCompletionPolicy,class,3,6,3,3,3,2,2,1,1,0.0,0.0,0.0,2,0,2,0,0,0,2,0,0,0,0,0,0,0,0,0,0,0,0,8,2,0,1,0,1,0,0,0,0,0,0,0,0,0,37,1,0
C:\Users\All Five Projects\spring-batch-main\spring-batch-core\src\test\java\org\springframework\batch\core\scope\TestCollaborator.java,org.springframework.batch.core.scope.TestCollaborator,class,1,6,5,1,6,1,1,0,9,0.6666667,0.2,0.2,6,0,6,0,0,0,6,0,0,0,3,0,0,3,0,0,0,0,0,23,3,0,0,0,0,1,0,3,0,3,0,0,0,0,11,1,0
C:\Users\All Five Projects\spring-batch-main\spring-batch-infrastructure\src\test\java\org\springframework\batch\item\util\ExecutionContextUserSupportTests.java,org.springframework.batch.item.util.ExecutionContextUserSupportTests,class,2,2,0,2,2,1,0,4,0,0.0,1.0,1.0,2,0,0,0,0,2,2,0,0,0,1,0,0,1,0,0,1,0,0,11,0,0,0,0,0,5,0,1,0,1,0,0,0,1,29,0,0
C:\Users\All Five Projects\spring-batch-main\spring-batch-core\src\main\java\org\springframework\batch\core\step\builder\AbstractTaskletStepBuilder.java,org.springframework.batch.core.step.builder.AbstractTaskletStepBuilder,class,23,29,6,23,31,2,0,27,137,0.80681825,0.2034632,0.66233766,22,0,12,0,10,0,22,1,0,0,8,0,0,7,1,0,1,0,0,133,18,1,5,1,2,2,2,23,0,12,2,0,0,0,215,1025,0
C:\Users\All Five Projects\spring-batch-main\spring-batch-infrastructure\src\main\java\org\springframework\batch\item\database\support\H2PagingQueryProvider.java,org.springframework.batch.item.database.support.H2PagingQueryProvider,class,3,5,2,3,3,2,0,5,3,0.0,0.0,0.0,3,0,2,1,0,0,2,0,0,0,0,0,0,0,0,0,0,0,2,11,3,0,0,0,0,2,0,0,0,0,0,0,0,0,34,1,0
C:\Users\All Five Projects\spring-batch-main\spring-batch-infrastructure\src\test\java\org\springframework\batch\item\database\builder\JdbcBatchItemWriterBuilderTests.java,org.springframework.batch.item.database.builder.JdbcBatchItemWriterBuilderTests$Foo,innerclass,0,0,0,0,7,1,0,0,3,0.5714286,0.42857143,1.0,7,0,7,0,0,0,7,0,0,0,3,0,0,3,0,0,0,0,0,28,3,0,0,0,0,0,0,6,0,3,0,0,0,0,9,9,0
C:\Users\All Five Projects\spring-batch-main\spring-batch-infrastructure\src\test\java\org\springframework\batch\item\xml\StaxEventItemReaderTests.java,org.springframework.batch.item.xml.StaxEventItemReaderTests$NonExistentResource,innerclass,1,1,0,1,5,2,0,0,10,0.0,0.0,0.0,5,0,5,0,0,0,5,0,0,0,0,0,0,0,0,0,0,0,0,16,4,0,0,0,0,2,0,0,0,0,0,0,0,0,19,10,0
C:\Users\All Five Projects\spring-batch-main\spring-batch-core\src\main\java\org\springframework\batch\core\configuration\support\GenericApplicationContextFactory.java,org.springframework.batch.core.configuration.support.GenericApplicationContextFactory$ResourceAnnotationApplicationContext,innerclass,5,5,0,5,3,3,0,4,1,0.33333334,0.33333334,0.33333334,3,0,2,0,1,0,3,0,0,0,1,0,0,1,0,0,1,0,0,42,1,0,0,0,0,1,0,1,1,1,0,0,1,0,19,18,0
C:\Users\All Five Projects\spring-batch-main\spring-batch-core\src\test\java\org\springframework\batch\core\repository\dao\JdbcJobInstanceDaoCustomTests.java,org.springframework.batch.core.repository.dao.CustomJobKeyGenerator,class,1,2,1,1,1,1,0,0,0,0.0,NaN,NaN,1,0,1,0,0,0,1,0,0,0,0,0,0,0,0,0,0,0,0,5,1,0,0,0,0,1,0,0,0,0,0,0,0,0,6,0,0
C:\Users\All Five Projects\spring-batch-main\spring-batch-infrastructure\src\test\java\org\springframework\batch\item\file\transform\PatternMatchingCompositeLineTokenizerTests.java,org.springframework.batch.item.file.transform.PatternMatchingCompositeLineTokenizerTests,class,7,7,0,7,5,1,0,9,0,0.0,1.0,1.0,5,0,0,0,0,5,5,0,0,0,1,0,0,1,0,0,1,0,2,36,0,0,0,0,0,12,4,6,0,9,0,0,0,4,40,0,0
C:\Users\All Five Projects\spring-batch-main\spring-batch-test\src\test\java\org\springframework\batch\test\context\BatchTestContextCustomizerFactoryTests.java,org.springframework.batch.test.context.BatchTestContextCustomizerFactoryTests$MyJobTest$MyNestedTest,innerclass,1,1,0,1,0,1,0,0,0,0.0,-1.0,-1.0,0,0,0,0,0,0,0,0,0,0,0,0,0,0,0,0,0,0,0,2,0,0,0,0,0,0,0,0,0,0,0,0,0,0,3,0,0
C:\Users\All Five Projects\spring-batch-main\spring-batch-infrastructure\src\main\java\org\springframework\batch\repeat\policy\SimpleCompletionPolicy.java,org.springframework.batch.repeat.policy.SimpleCompletionPolicy$SimpleTerminationContext,innerclass,2,2,0,2,4,3,0,2,3,0.0,0.0,0.0,3,0,3,0,0,0,3,0,0,0,0,0,0,0,0,0,0,0,0,11,1,0,0,0,0,0,0,0,0,0,0,0,0,0,15,4,0
C:\Users\All Five Projects\spring-batch-main\spring-batch-core\src\main\java\org\springframework\batch\core\Entity.java,org.springframework.batch.core.Entity,class,1,23,22,1,17,1,3,7,3,0.5,0.46666667,0.8,10,0,10,0,0,0,10,0,0,0,2,0,0,2,0,0,0,0,1,55,10,0,6,0,1,1,4,5,3,2,1,0,0,0,121,1,0
C:\Users\All Five Projects\spring-batch-main\spring-batch-infrastructure\src\test\java\org\springframework\batch\item\xml\StaxEventItemReaderTests.java,org.springframework.batch.item.xml.StaxEventItemReaderTests,class,21,22,1,21,37,4,0,58,0,0.8175824,0.84879035,0.9375,35,0,0,3,0,32,32,0,0,0,13,2,0,13,0,0,11,0,1,479,3,2,0,0,0,29,12,57,7,49,1,2,6,2,217,0,0
C:\Users\All Five Projects\spring-batch-main\spring-batch-core\src\test\java\org\springframework\batch\core\configuration\xml\FlowStepParserTests.java,org.springframework.batch.core.configuration.xml.FlowStepParserTests$Decider,innerclass,5,5,0,5,2,1,0,0,0,0.0,NaN,NaN,1,0,1,0,0,0,1,0,0,0,1,0,0,0,0,1,0,0,0,9,2,0,0,0,0,2,2,1,0,1,1,0,0,0,9,9,0
C:\Users\All Five Projects\spring-batch-main\spring-batch-integration\src\main\java\org\springframework\batch\integration\chunk\ChunkHandler.java,org.springframework.batch.integration.chunk.ChunkHandler,interface,3,5,2,3,1,1,0,0,0,0.0,NaN,NaN,1,0,0,0,0,1,1,0,0,0,0,0,0,0,0,0,0,0,0,3,0,0,0,0,0,0,0,0,0,0,0,0,0,0,76,1,0
C:\Users\All Five Projects\spring-batch-main\spring-batch-infrastructure\src\main\java\org\springframework\batch\item\kafka\KafkaItemWriter.java,org.springframework.batch.item.kafka.KafkaItemWriter,class,5,7,2,5,10,2,0,7,0,0.4666667,0.7,1.0,5,0,2,0,3,0,5,0,0,0,3,0,0,1,2,0,1,0,0,35,0,1,2,0,0,2,2,4,0,3,2,0,0,0,57,1,0
C:\Users\All Five Projects\spring-batch-main\spring-batch-infrastructure\src\test\java\org\springframework\batch\item\file\FlatFileItemReaderTests.java,org.springframework.batch.item.file.FlatFileItemReaderTests$Item,innerclass,1,1,0,1,5,1,0,0,2,0.5,0.4,0.4,5,0,5,0,0,0,5,0,0,0,2,0,0,2,0,0,0,0,0,19,2,0,0,0,0,1,0,3,0,2,0,0,0,0,9,10,0
C:\Users\All Five Projects\spring-batch-main\spring-batch-infrastructure\src\main\java\org\springframework\batch\item\file\transform\BeanWrapperFieldExtractor.java,org.springframework.batch.item.file.transform.BeanWrapperFieldExtractor,class,5,6,1,5,5,1,0,7,0,0.0,1.0,1.0,3,0,3,0,0,0,3,0,0,0,1,0,0,1,0,0,0,0,1,18,1,1,1,0,0,2,0,3,0,3,1,0,0,0,45,1,0
C:\Users\All Five Projects\spring-batch-main\spring-batch-infrastructure\src\main\java\org\springframework\batch\repeat\exception\DefaultExceptionHandler.java,org.springframework.batch.repeat.exception.DefaultExceptionHandler,class,2,4,2,2,1,1,0,0,0,0.0,NaN,NaN,1,0,1,0,0,0,1,0,0,0,0,0,0,0,0,0,0,0,0,5,0,0,0,0,0,0,0,0,0,0,0,0,0,0,17,1,0
C:\Users\All Five Projects\spring-batch-main\spring-batch-core\src\test\java\org\springframework\batch\core\step\item\SkipReaderStub.java,org.springframework.batch.core.step.item.SkipReaderStub,class,4,7,3,4,8,2,0,4,1,0.5,0.46666667,0.6666667,6,0,6,0,0,0,6,0,0,0,3,0,0,3,0,0,1,0,0,33,3,0,0,0,0,3,3,6,0,4,1,0,0,0,28,1,0
C:\Users\All Five Projects\spring-batch-main\spring-batch-core\src\main\java\org\springframework\batch\core\launch\support\SimpleJvmExitCodeMapper.java,org.springframework.batch.core.launch.support.SimpleJvmExitCodeMapper,class,3,5,2,3,6,1,0,7,0,0.375,1.0,1.0,4,0,4,0,0,0,4,0,0,0,2,0,0,1,1,0,1,0,0,27,2,0,1,1,1,1,0,4,0,3,1,0,0,0,93,1,0
C:\Users\All Five Projects\spring-batch-main\spring-batch-core\src\main\java\org\springframework\batch\core\JobInterruptedException.java,org.springframework.batch.core.JobInterruptedException,class,2,7,5,2,3,4,0,0,1,0.33333334,0.33333334,0.33333334,3,0,3,0,0,0,3,0,0,0,1,0,0,1,0,0,0,0,0,13,1,0,0,0,0,0,0,2,0,1,0,0,0,0,63,1,0
C:\Users\All Five Projects\spring-batch-main\spring-batch-infrastructure\src\main\java\org\springframework\batch\repeat\policy\TimeoutTerminationPolicy.java,org.springframework.batch.repeat.policy.TimeoutTerminationPolicy$TimeoutBatchContext,innerclass,2,2,0,2,3,3,0,1,1,0.5,0.0,0.0,2,0,2,0,0,0,2,0,0,0,2,0,0,2,0,0,2,0,2,10,1,0,0,0,1,0,0,2,1,2,0,0,0,0,10,4,0
C:\Users\All Five Projects\spring-batch-main\spring-batch-infrastructure\src\main\java\org\springframework\batch\item\database\support\SybasePagingQueryProvider.java,org.springframework.batch.item.database.support.SybasePagingQueryProvider,class,3,5,2,3,4,2,0,8,3,0.0,0.0,0.0,3,0,2,1,0,0,2,0,0,0,0,0,0,0,0,0,0,0,3,16,4,0,0,0,0,1,0,0,0,0,1,0,0,0,32,1,0
C:\Users\All Five Projects\spring-batch-main\spring-batch-core\src\test\java\org\springframework\batch\core\step\item\SimpleStepFactoryBeanTests.java,org.springframework.batch.core.step.item.SimpleStepFactoryBeanTests$1TestItemListenerWriter,innerclass,9,9,0,9,14,1,0,1,91,0.0,0.0,0.0,14,0,14,0,0,0,14,0,0,0,0,0,0,0,0,0,0,0,0,35,1,0,0,0,0,4,0,0,0,0,0,0,0,0,22,0,0
C:\Users\All Five Projects\spring-batch-main\spring-batch-core\src\main\java\org\springframework\batch\core\configuration\support\ReferenceJobFactory.java,org.springframework.batch.core.configuration.support.ReferenceJobFactory,class,2,5,3,2,3,1,0,1,0,0.0,1.0,1.0,3,0,3,0,0,0,3,0,1,0,1,0,0,1,0,0,1,0,0,12,2,0,0,0,0,0,0,1,0,1,0,0,0,0,29,1,0
C:\Users\All Five Projects\spring-batch-main\spring-batch-core\src\main\java\org\springframework\batch\core\configuration\support\GenericApplicationContextFactory.java,org.springframework.batch.core.configuration.support.GenericApplicationContextFactory$ResourceXmlApplicationContext,innerclass,5,5,0,5,3,3,0,4,1,0.33333334,0.33333334,0.33333334,3,0,2,0,1,0,3,0,0,0,1,0,0,1,0,0,1,0,0,36,1,0,0,0,0,1,0,1,1,1,0,0,1,0,19,18,0
C:\Users\All Five Projects\spring-batch-main\spring-batch-infrastructure\src\test\java\org\springframework\batch\repeat\support\AbstractTradeBatchTests.java,org.springframework.batch.repeat.support.AbstractTradeBatchTests$TradeWriter,innerclass,2,2,0,2,1,1,0,0,0,0.0,NaN,NaN,1,0,1,0,0,0,1,0,0,1,1,0,0,0,0,1,0,0,0,6,0,0,0,0,0,0,1,1,0,1,0,0,0,0,5,12,0
C:\Users\All Five Projects\spring-batch-main\spring-batch-test\src\test\java\org\springframework\batch\test\ExecutionContextTestUtilsTests.java,org.springframework.batch.test.ExecutionContextTestUtilsTests,class,4,4,0,4,4,1,0,12,6,0.0,0.0,0.0,4,0,0,0,0,4,4,0,0,0,0,0,0,0,0,0,0,0,6,28,0,0,0,0,0,14,2,11,0,11,0,0,0,1,20,0,0
C:\Users\All Five Projects\spring-batch-main\spring-batch-core\src\main\java\org\springframework\batch\core\configuration\DuplicateJobException.java,org.springframework.batch.core.configuration.DuplicateJobException,class,1,4,3,1,2,4,0,0,1,0.0,0.0,0.0,2,0,2,0,0,0,2,0,0,0,0,0,0,0,0,0,0,0,0,8,0,0,0,0,0,0,0,0,0,0,0,0,0,0,33,1,0
C:\Users\All Five Projects\spring-batch-main\spring-batch-core\src\main\java\org\springframework\batch\core\step\tasklet\Tasklet.java,org.springframework.batch.core.step.tasklet.Tasklet,interface,4,29,25,4,1,1,0,0,0,0.0,NaN,NaN,1,0,0,0,0,1,1,0,0,0,0,0,0,0,0,0,0,0,0,3,0,0,0,0,0,0,0,0,0,0,0,0,0,0,65,1,0
C:\Users\All Five Projects\spring-batch-main\spring-batch-infrastructure\src\test\java\org\springframework\batch\repeat\exception\DefaultExceptionHandlerTests.java,org.springframework.batch.repeat.exception.DefaultExceptionHandlerTests,class,5,5,0,5,2,1,0,4,0,0.0,1.0,1.0,2,0,0,0,0,2,2,0,0,0,2,0,0,2,0,0,2,0,0,12,0,0,0,0,0,4,0,4,0,4,0,0,0,2,17,0,0
C:\Users\All Five Projects\spring-batch-main\spring-batch-infrastructure\src\main\java\org\springframework\batch\item\file\FlatFileItemWriter.java,org.springframework.batch.item.file.FlatFileItemWriter,class,5,10,5,5,7,2,0,7,0,0.25,0.5,0.5,4,0,4,0,0,0,4,0,0,0,1,0,0,0,1,0,0,0,0,22,1,1,1,0,0,1,0,3,0,2,1,0,0,0,81,1,0
C:\Users\All Five Projects\spring-batch-main\spring-batch-core\src\test\java\org\springframework\batch\core\StepContributionTests.java,org.springframework.batch.core.StepContributionTests,class,3,3,0,3,3,1,0,6,0,0.5,1.0,1.0,3,0,0,0,0,3,3,0,0,0,2,0,0,2,0,0,2,0,0,16,0,0,0,0,0,3,3,2,0,2,0,0,0,0,17,0,0
C:\Users\All Five Projects\spring-batch-main\spring-batch-infrastructure\src\test\java\org\springframework\batch\item\database\support\SqlPagingQueryProviderFactoryBeanTests.java,org.springframework.batch.item.database.support.SqlPagingQueryProviderFactoryBeanTests,class,6,6,0,6,12,1,0,21,0,0.0,1.0,1.0,11,0,0,0,0,11,11,0,0,0,1,0,0,1,0,0,1,0,2,57,0,1,0,0,0,12,2,9,2,9,1,0,0,0,44,0,0
C:\Users\All Five Projects\spring-batch-main\spring-batch-core\src\test\java\org\springframework\batch\core\listener\JobListenerFactoryBeanTests.java,org.springframework.batch.core.listener.JobListenerFactoryBeanTests$AnnotatedTestClass,innerclass,2,2,0,2,2,1,0,0,1,0.5,0.0,0.0,2,0,2,0,0,0,2,0,0,0,2,0,0,0,0,2,0,0,0,10,0,0,0,0,0,0,0,4,0,2,0,0,0,0,9,10,0
C:\Users\All Five Projects\spring-batch-main\spring-batch-infrastructure\src\test\java\org\springframework\batch\item\database\support\SqlServerPagingQueryProviderTests.java,org.springframework.batch.item.database.support.SqlServerPagingQueryProviderTests,class,3,3,0,3,7,2,0,4,21,0.0,0.0,0.0,7,0,0,0,0,7,7,0,0,0,0,0,0,0,0,0,0,0,0,33,2,0,0,0,0,8,0,9,0,8,0,0,0,0,59,0,0
C:\Users\All Five Projects\spring-batch-main\spring-batch-samples\src\test\java\org\springframework\batch\samples\file\fixed\FixedLengthFunctionalTests.java,org.springframework.batch.samples.file.fixed.FixedLengthFunctionalTests,class,12,12,0,12,2,1,0,7,1,0.5,0.0,0.0,2,0,1,0,0,1,2,0,0,0,1,0,0,1,0,0,0,0,0,16,0,0,0,0,0,10,0,7,0,8,0,0,0,0,37,0,0
C:\Users\All Five Projects\spring-batch-main\spring-batch-core\src\main\java\org\springframework\batch\core\partition\StepExecutionSplitter.java,org.springframework.batch.core.partition.StepExecutionSplitter,interface,1,5,4,1,2,1,0,0,1,0.0,0.0,0.0,2,0,0,0,0,2,2,0,0,0,0,0,0,0,0,0,0,0,0,4,0,0,0,0,0,0,0,0,0,0,0,0,0,0,92,1,0
C:\Users\All Five Projects\spring-batch-main\spring-batch-core\src\test\java\org\springframework\batch\core\configuration\xml\ChunkElementParserTests.java,org.springframework.batch.core.configuration.xml.ChunkElementParserTests,class,23,24,1,23,43,1,0,36,465,0.0,0.0,0.0,31,0,0,11,0,20,20,0,0,0,0,0,0,0,0,0,0,0,1,219,10,5,0,0,0,66,18,67,2,58,2,0,0,2,122,0,0
C:\Users\All Five Projects\spring-batch-main\spring-batch-infrastructure\src\test\java\org\springframework\batch\item\queue\BlockingQueueItemReaderTests.java,org.springframework.batch.item.queue.BlockingQueueItemReaderTests,class,3,3,0,3,1,1,0,7,0,0.0,NaN,NaN,1,0,0,0,0,1,1,0,0,0,0,0,0,0,0,0,0,0,0,9,0,0,0,0,0,2,2,2,0,2,0,0,0,0,14,0,0
C:\Users\All Five Projects\spring-batch-main\spring-batch-core\src\main\java\org\springframework\batch\core\StepExecution.java,org.springframework.batch.core.StepExecution,class,9,135,126,9,60,2,0,31,1110,0.92712545,0.079183675,0.49142858,52,0,50,2,0,0,50,0,0,2,19,0,0,19,0,0,2,0,3,206,30,0,7,0,5,8,13,47,10,22,1,0,0,0,230,1,0
C:\Users\All Five Projects\spring-batch-main\spring-batch-core\src\test\java\org\springframework\batch\core\step\skip\ReprocessExceptionTests.java,org.springframework.batch.core.step.skip.ReprocessExceptionTests$Person,innerclass,0,0,0,0,7,1,0,0,0,0.42857143,0.52380955,0.71428573,7,0,7,0,0,0,7,0,0,0,2,0,0,2,0,0,0,0,0,25,3,0,0,0,0,2,0,4,1,2,0,0,0,0,10,9,0
C:\Users\All Five Projects\spring-batch-main\spring-batch-infrastructure\src\main\java\org\springframework\batch\item\xml\stax\NoStartEndDocumentStreamWriter.java,org.springframework.batch.item.xml.stax.NoStartEndDocumentStreamWriter,class,1,3,2,1,5,2,0,4,3,0.0,0.0,0.0,3,0,3,0,0,0,3,0,0,0,0,0,0,0,0,0,0,0,0,13,0,0,0,0,2,0,0,0,0,0,1,0,0,0,31,1,0
C:\Users\All Five Projects\spring-batch-main\spring-batch-core\src\main\java\org\springframework\batch\core\repository\dao\Jackson2ExecutionContextStringSerializer.java,org.springframework.batch.core.repository.dao.Jackson2ExecutionContextStringSerializer$JobParametersModule$JobParameterDeserializer,innerclass,5,5,0,5,3,2,0,6,1,1.0,0.0,0.0,2,0,1,0,0,1,2,0,0,0,1,1,0,1,0,0,1,0,1,20,1,0,0,1,0,3,1,7,1,7,1,0,0,0,47,2,0
C:\Users\All Five Projects\spring-batch-main\spring-batch-infrastructure\src\main\java\org\springframework\batch\item\database\support\Db2PagingQueryProvider.java,org.springframework.batch.item.database.support.Db2PagingQueryProvider,class,3,5,2,3,4,2,0,8,3,0.0,0.0,0.0,3,0,2,1,0,0,2,0,0,0,0,0,0,0,0,0,0,0,3,16,4,0,0,0,0,2,0,0,0,0,1,0,0,0,42,1,0
C:\Users\All Five Projects\spring-batch-main\spring-batch-core\src\test\java\org\springframework\batch\core\step\item\SkippableException.java,org.springframework.batch.core.step.item.SkippableException,class,0,6,6,0,1,3,1,0,0,0.0,NaN,NaN,1,0,1,0,0,0,1,0,0,0,0,0,0,0,0,0,0,0,0,5,0,0,0,0,0,1,0,0,0,0,0,0,0,0,5,1,0
C:\Users\All Five Projects\spring-batch-main\spring-batch-core\src\test\java\org\springframework\batch\core\step\item\TaskletStepExceptionTests.java,org.springframework.batch.core.step.item.TaskletStepExceptionTests$UpdateCountingJobRepository,innerclass,6,6,0,6,25,1,0,1,124,0.8676471,0.04411765,0.11029412,17,0,17,0,0,0,17,0,0,0,4,0,0,4,0,0,0,0,0,61,8,0,1,0,2,2,3,7,0,4,2,0,0,0,38,10,0
C:\Users\All Five Projects\spring-batch-main\spring-batch-infrastructure\src\main\java\org\springframework\batch\item\Chunk.java,org.springframework.batch.item.Chunk,class,3,46,43,3,32,1,0,18,28,0.7361111,0.44927537,1.0,24,1,24,0,0,0,24,0,0,0,6,0,0,6,0,0,3,0,10,133,15,0,5,0,3,1,11,14,12,7,1,0,1,0,142,1,0
C:\Users\All Five Projects\spring-batch-main\spring-batch-infrastructure\src\test\java\org\springframework\batch\item\function\SupplierItemReaderTests.java,org.springframework.batch.item.function.SupplierItemReaderTests$Anonymous1,anonymous,0,0,0,0,2,1,0,0,0,0.0,NaN,NaN,1,0,1,0,0,0,1,0,0,0,1,0,0,1,0,0,0,0,0,6,1,0,0,0,0,1,2,1,1,1,0,0,0,0,3,-1,0
C:\Users\All Five Projects\spring-batch-main\spring-batch-core\src\main\java\org\springframework\batch\core\job\AbstractJob.java,org.springframework.batch.core.job.AbstractJob,class,33,43,10,33,49,1,4,65,342,0.9090908,0.08615384,0.24,29,0,22,3,4,0,26,3,2,0,11,1,0,10,1,0,2,0,9,187,9,1,3,4,0,16,0,29,6,20,4,0,0,0,255,1025,8
C:\Users\All Five Projects\spring-batch-main\spring-batch-core\src\main\java\org\springframework\batch\core\listener\MethodInvokerMethodInterceptor.java,org.springframework.batch.core.listener.MethodInvokerMethodInterceptor,class,5,8,3,5,12,1,0,10,0,0.3,1.0,1.0,5,0,5,0,0,0,5,0,0,0,2,0,0,2,0,0,2,0,0,43,6,1,2,0,1,1,0,8,0,6,3,0,0,0,59,1,0
C:\Users\All Five Projects\spring-batch-main\spring-batch-core\src\test\java\org\springframework\batch\core\configuration\support\DefaultJobLoaderTests.java,org.springframework.batch.core.configuration.support.DefaultJobLoaderTests$StubJob,innerclass,4,4,0,4,2,2,0,1,1,0.0,0.0,0.0,2,0,2,0,0,0,2,0,0,0,0,0,0,0,0,0,0,0,1,8,1,0,0,0,0,2,0,0,1,0,0,0,0,0,14,9,0
C:\Users\All Five Projects\spring-batch-main\spring-batch-core\src\test\java\org\springframework\batch\core\configuration\xml\FailTransitionDefaultStatusJobParserTests.java,org.springframework.batch.core.configuration.xml.FailTransitionDefaultStatusJobParserTests,class,5,5,0,5,1,2,0,11,0,0.0,NaN,NaN,1,0,0,0,0,1,1,0,0,0,0,0,0,0,0,0,0,0,0,13,0,0,0,0,0,2,1,2,0,2,0,0,0,0,22,0,0
C:\Users\All Five Projects\spring-batch-main\spring-batch-infrastructure\src\test\java\org\springframework\batch\item\file\mapping\PropertyMatchesTests.java,org.springframework.batch.item.file.mapping.PropertyMatchesTests,class,3,3,0,3,6,2,0,6,15,0.0,0.0,0.0,6,0,0,0,0,6,6,0,0,0,0,0,0,0,0,0,0,0,0,39,0,0,0,0,0,11,8,6,0,6,0,0,2,0,22,0,0
C:\Users\All Five Projects\spring-batch-main\spring-batch-infrastructure\src\main\java\org\springframework\batch\item\avro\builder\AvroItemWriterBuilder.java,org.springframework.batch.item.avro.builder.AvroItemWriterBuilder,class,6,7,1,6,7,1,0,8,3,0.62500006,0.4,1.0,6,0,6,0,0,0,6,0,0,0,4,0,0,4,0,0,0,0,0,39,6,0,1,0,0,9,0,7,1,5,0,0,0,0,49,1,0
C:\Users\All Five Projects\spring-batch-main\spring-batch-infrastructure\src\main\java\org\springframework\batch\item\amqp\builder\AmqpItemWriterBuilder.java,org.springframework.batch.item.amqp.builder.AmqpItemWriterBuilder,class,4,6,2,4,2,1,0,1,0,0.0,1.0,1.0,2,0,2,0,0,0,2,0,0,0,1,0,0,1,0,0,0,0,0,12,2,0,0,0,0,1,0,2,0,2,0,0,0,0,27,1,0
C:\Users\All Five Projects\spring-batch-main\spring-batch-core\src\test\java\org\springframework\batch\core\configuration\annotation\TransactionManagerConfigurationTests.java,org.springframework.batch.core.configuration.annotation.TransactionManagerConfigurationTests,class,9,9,0,9,4,1,0,6,1,1.0,0.0,0.0,2,1,0,0,0,2,2,0,0,0,2,2,0,0,2,0,0,0,0,17,3,1,0,0,0,2,0,2,0,4,2,0,0,0,36,1024,0
C:\Users\All Five Projects\spring-batch-main\spring-batch-core\src\main\java\org\springframework\batch\core\launch\NoSuchJobInstanceException.java,org.springframework.batch.core.launch.NoSuchJobInstanceException,class,1,3,2,1,2,4,0,0,1,0.0,0.0,0.0,2,0,2,0,0,0,2,0,0,0,0,0,0,0,0,0,0,0,0,8,0,0,0,0,0,0,0,0,0,0,0,0,0,0,32,1,0
C:\Users\All Five Projects\spring-batch-main\spring-batch-infrastructure\src\test\java\org\springframework\batch\item\function\PredicateFilteringItemProcessorTests.java,org.springframework.batch.item.function.PredicateFilteringItemProcessorTests,class,2,2,0,2,2,1,0,5,1,0.5,0.0,0.0,2,0,0,0,0,2,2,0,0,0,1,0,0,1,0,0,1,0,0,12,0,0,0,0,0,6,0,2,0,3,0,0,0,2,19,0,0
C:\Users\All Five Projects\spring-batch-main\spring-batch-infrastructure\src\main\java\org\springframework\batch\item\database\JdbcPagingItemReader.java,org.springframework.batch.item.database.JdbcPagingItemReader,class,9,21,12,9,44,3,0,42,69,0.8511904,0.2,0.62222224,14,0,9,4,1,0,10,0,0,0,12,2,1,11,0,0,2,0,1,159,4,3,15,0,0,11,5,29,6,21,3,0,1,0,228,1,4
C:\Users\All Five Projects\spring-batch-main\spring-batch-core\src\test\java\org\springframework\batch\core\listener\StepListenerFactoryBeanTests.java,org.springframework.batch.core.listener.StepListenerFactoryBeanTests,class,21,21,0,21,20,1,0,34,48,0.7,0.3736842,0.4105263,20,0,0,0,0,20,20,0,0,0,3,0,0,3,0,0,3,0,0,333,0,0,0,0,24,21,8,44,0,45,0,10,3,1,80,0,0
C:\Users\All Five Projects\spring-batch-main\spring-batch-core\src\test\java\org\springframework\batch\core\configuration\annotation\BatchRegistrarTests.java,org.springframework.batch.core.configuration.annotation.BatchRegistrarTests$JobConfigurationWithUserDefinedInfrastructureBeans,innerclass,9,9,0,9,6,1,0,1,15,0.0,0.0,0.0,6,0,6,0,0,0,6,0,0,0,0,0,0,0,0,0,0,0,0,20,6,0,0,0,0,0,0,0,0,0,0,0,0,0,16,9,0
C:\Users\All Five Projects\spring-batch-main\spring-batch-samples\src\main\java\org\springframework\batch\samples\partitioning\remote\aggregating\ManagerConfiguration.java,org.springframework.batch.samples.partitioning.remote.aggregating.ManagerConfiguration,class,18,20,2,18,7,1,0,17,19,0.78571427,0.04761905,0.04761905,7,0,7,0,0,0,7,0,0,0,2,1,0,2,0,0,2,0,0,25,6,0,0,0,0,5,1,2,0,2,0,0,0,0,53,1,0
C:\Users\All Five Projects\spring-batch-main\spring-batch-core\src\test\java\org\springframework\batch\core\step\item\SkipProcessorStub.java,org.springframework.batch.core.step.item.SkipProcessorStub,class,4,6,2,4,8,2,0,4,1,0.5,0.46666667,0.6666667,6,0,6,0,0,0,6,0,0,0,3,0,0,3,0,0,2,0,0,38,4,0,0,1,0,0,0,5,0,3,2,0,0,0,26,1,0
C:\Users\All Five Projects\spring-batch-main\spring-batch-core\src\test\java\org\springframework\batch\core\configuration\xml\DummyCompletionPolicy.java,org.springframework.batch.core.configuration.xml.DummyCompletionPolicy,class,3,5,2,3,4,1,0,0,6,0.0,0.0,0.0,4,0,4,0,0,0,4,0,0,0,0,0,0,0,0,0,0,0,0,13,3,0,0,0,0,0,0,0,0,0,0,0,0,0,17,1,0
C:\Users\All Five Projects\spring-batch-main\spring-batch-infrastructure\src\test\java\org\springframework\batch\item\database\builder\JdbcPagingItemReaderBuilderTests.java,org.springframework.batch.item.database.builder.JdbcPagingItemReaderBuilderTests$Foo,innerclass,0,0,0,0,10,1,0,0,21,0.7,0.26666668,0.8,10,0,10,0,0,0,10,0,0,0,4,0,0,4,0,0,0,0,0,38,4,0,0,0,0,0,0,8,0,4,0,0,0,0,11,9,0
C:\Users\All Five Projects\spring-batch-main\spring-batch-core\src\test\java\org\springframework\batch\core\launch\NoSuchJobInstanceExceptionTests.java,org.springframework.batch.core.launch.NoSuchJobInstanceExceptionTests,class,2,2,0,2,2,3,0,0,1,0.0,0.0,0.0,2,0,2,0,0,0,2,0,0,0,0,0,0,0,0,0,0,0,0,8,2,0,0,0,0,0,0,0,0,0,0,0,0,0,13,1,0
C:\Users\All Five Projects\spring-batch-main\spring-batch-core\src\main\java\org\springframework\batch\core\BatchStatus.java,org.springframework.batch.core.BatchStatus,enum,1,22,21,1,22,1,0,6,28,0.0,0.071428575,0.10714286,8,2,8,0,0,0,8,0,0,0,0,0,0,0,0,0,0,0,3,45,11,1,6,0,0,0,3,0,0,0,2,0,0,0,137,1,0
C:\Users\All Five Projects\spring-batch-main\spring-batch-infrastructure\src\main\java\org\springframework\batch\item\xml\stax\FragmentEventReader.java,org.springframework.batch.item.xml.stax.FragmentEventReader,interface,0,3,3,0,3,1,0,0,3,0.0,0.0,0.0,3,0,0,0,0,3,3,0,0,0,0,0,0,0,0,0,0,0,0,5,0,0,0,0,0,0,0,0,0,0,0,0,0,0,60,1,0
C:\Users\All Five Projects\spring-batch-main\spring-batch-infrastructure\src\test\java\org\springframework\batch\item\file\separator\DefaultRecordSeparatorPolicyTests.java,org.springframework.batch.item.file.separator.DefaultRecordSeparatorPolicyTests,class,2,2,0,2,11,1,0,8,0,0.0,1.0,1.0,11,0,0,0,0,11,11,0,0,0,1,0,0,1,0,0,1,0,0,45,0,0,0,0,0,15,0,8,2,8,0,0,0,0,29,0,0
C:\Users\All Five Projects\spring-batch-main\spring-batch-integration\src\test\java\org\springframework\batch\integration\async\AsyncItemWriterTests.java,org.springframework.batch.integration.async.AsyncItemWriterTests$ListItemStreamWriter,innerclass,3,3,0,3,5,1,0,2,8,0.75,0.1,0.1,5,0,5,0,0,0,5,0,0,0,4,0,3,0,1,0,0,0,0,21,0,0,0,0,0,0,0,7,0,4,0,0,0,0,20,10,0
C:\Users\All Five Projects\spring-batch-main\spring-batch-core\src\test\java\org\springframework\batch\core\configuration\annotation\JobLoaderConfigurationTests.java,org.springframework.batch.core.configuration.annotation.JobLoaderConfigurationTests$VanillaConfiguration,innerclass,11,11,0,11,2,1,0,4,1,0.0,0.0,0.0,2,0,1,0,1,0,2,0,0,0,0,0,0,0,0,0,0,0,0,14,2,0,0,0,0,2,0,1,0,1,0,1,0,0,16,9,0
C:\Users\All Five Projects\spring-batch-main\spring-batch-core\src\test\java\org\springframework\batch\core\explore\support\JobExplorerFactoryBeanTests.java,org.springframework.batch.core.explore.support.JobExplorerFactoryBeanTests$CustomJobKeyGenerator,innerclass,1,1,0,1,1,1,0,0,0,0.0,NaN,NaN,1,0,1,0,0,0,1,0,0,0,0,0,0,0,0,0,0,0,0,5,1,0,0,0,0,1,0,0,0,0,0,0,0,0,6,0,0
C:\Users\All Five Projects\spring-batch-main\spring-batch-infrastructure\src\test\java\org\springframework\batch\item\xml\stax\AbstractEventWriterWrapperTests.java,org.springframework.batch.item.xml.stax.AbstractEventWriterWrapperTests,class,3,3,0,3,9,2,0,21,0,0.0,1.0,1.0,9,0,0,0,0,9,9,0,0,0,2,0,0,2,0,0,2,0,0,53,0,0,0,0,0,4,0,10,0,10,0,0,1,0,36,0,0
C:\Users\All Five Projects\spring-batch-main\spring-batch-infrastructure\src\test\java\org\springframework\batch\item\json\GsonJsonFileItemWriterFunctionalTests.java,org.springframework.batch.item.json.GsonJsonFileItemWriterFunctionalTests,class,6,6,0,6,4,2,0,2,6,0.0,0.0,0.0,4,0,0,0,4,0,4,0,0,0,0,0,0,0,0,0,0,0,0,15,4,0,0,0,0,2,0,1,0,1,0,0,0,0,23,0,0
C:\Users\All Five Projects\spring-batch-main\spring-batch-samples\src\test\java\org\springframework\batch\samples\amqp\AmqpJobFunctionalTests.java,org.springframework.batch.samples.amqp.AmqpJobFunctionalTests$AmqpConfiguration,innerclass,11,11,0,11,3,1,0,8,0,0.33333334,0.0,0.0,3,0,3,0,0,0,3,0,0,0,2,2,2,0,0,0,2,0,0,24,3,0,0,0,0,3,0,6,0,6,0,0,0,0,41,8,0
C:\Users\All Five Projects\spring-batch-main\spring-batch-core\src\test\java\org\springframework\batch\core\repository\dao\AbstractExecutionContextSerializerTests.java,org.springframework.batch.core.repository.dao.AbstractExecutionContextSerializerTests$ComplexObject,innerclass,2,2,0,2,21,1,0,6,1,0.6727272,0.4909091,1.0,11,0,11,0,0,0,11,0,0,0,5,1,0,5,0,0,1,0,4,61,12,0,7,0,4,3,8,10,7,7,1,0,0,0,35,9,0
C:\Users\All Five Projects\spring-batch-main\spring-batch-infrastructure\src\test\java\org\springframework\batch\item\data\Neo4jItemReaderTests.java,org.springframework.batch.item.data.Neo4jItemReaderTests,class,9,10,1,9,6,1,0,32,0,0.2777778,1.0,1.0,6,0,0,1,0,5,5,0,0,0,3,0,0,3,0,0,0,0,3,84,1,0,0,0,0,33,1,15,0,13,0,0,0,0,65,0,0
C:\Users\All Five Projects\spring-batch-main\spring-batch-infrastructure\src\test\java\org\springframework\batch\item\data\builder\RepositoryItemReaderBuilderTests.java,org.springframework.batch.item.data.builder.RepositoryItemReaderBuilderTests$TestRepository,interface,2,2,0,2,2,1,0,0,1,0.0,0.0,0.0,2,0,0,0,0,2,2,0,0,0,0,0,0,0,0,0,0,0,0,4,0,0,0,0,0,0,0,0,0,0,0,0,0,0,7,1,0
C:\Users\All Five Projects\spring-batch-main\spring-batch-infrastructure\src\test\java\org\springframework\batch\jms\ExternalRetryInBatchTests.java,org.springframework.batch.jms.ExternalRetryInBatchTests$Anonymous1,anonymous,3,3,0,3,1,1,0,2,0,0.0,NaN,NaN,1,0,1,0,0,0,1,0,0,0,0,0,0,0,0,0,0,0,0,7,1,0,0,0,0,1,0,1,0,1,0,0,0,0,2,-1,0
C:\Users\All Five Projects\spring-batch-main\spring-batch-infrastructure\src\test\java\org\springframework\batch\repeat\support\TaskExecutorRepeatTemplateBulkAsynchronousTests.java,org.springframework.batch.repeat.support.TaskExecutorRepeatTemplateBulkAsynchronousTests$Anonymous2,anonymous,2,2,0,2,2,1,0,1,0,0.0,NaN,NaN,1,0,1,0,0,0,1,0,0,0,1,0,0,1,0,0,1,0,0,12,1,0,1,0,0,1,2,2,0,2,1,0,0,0,16,-1,0
C:\Users\All Five Projects\spring-batch-main\spring-batch-core\src\main\java\org\springframework\batch\core\repository\dao\Jackson2ExecutionContextStringSerializer.java,org.springframework.batch.core.repository.dao.Jackson2ExecutionContextStringSerializer,class,11,12,1,11,5,3,0,13,0,0.8,1.0,1.0,5,1,4,1,0,0,4,0,0,0,4,3,0,4,0,0,3,0,1,144,2,0,0,0,0,6,0,9,0,6,0,1,3,0,138,1,0
C:\Users\All Five Projects\spring-batch-main\spring-batch-infrastructure\src\test\java\org\springframework\batch\repeat\support\TaskExecutorRepeatTemplateBulkAsynchronousTests.java,org.springframework.batch.repeat.support.TaskExecutorRepeatTemplateBulkAsynchronousTests$Anonymous1,anonymous,3,3,0,3,7,1,0,7,0,0.0,NaN,NaN,1,0,1,0,0,0,1,0,0,0,1,0,0,1,0,0,1,0,1,19,1,0,4,0,0,3,1,4,1,4,1,0,0,0,21,-1,1
C:\Users\All Five Projects\spring-batch-main\spring-batch-infrastructure\src\main\java\org\springframework\batch\item\database\support\AbstractSqlPagingQueryProvider.java,org.springframework.batch.item.database.support.AbstractSqlPagingQueryProvider,class,5,26,21,5,31,1,15,22,109,0.8333334,0.16176471,0.77205884,18,0,14,1,3,0,17,2,0,0,7,0,0,7,0,0,0,0,2,110,11,1,3,0,0,15,5,18,5,15,3,0,0,0,199,1025,0
C:\Users\All Five Projects\spring-batch-main\spring-batch-core\src\test\java\org\springframework\batch\core\configuration\annotation\DataSourceConfiguration.java,org.springframework.batch.core.configuration.annotation.DataSourceConfiguration,class,4,7,3,4,2,1,0,4,1,0.0,0.0,0.0,2,0,2,0,0,0,2,0,0,0,0,0,0,0,0,0,0,0,0,8,2,0,0,0,0,2,0,0,0,0,0,0,0,0,18,1,0
C:\Users\All Five Projects\spring-batch-main\spring-batch-core\src\test\java\org\springframework\batch\core\launch\support\CommandLineJobRunnerTests.java,org.springframework.batch.core.launch.support.CommandLineJobRunnerTests$Anonymous1,anonymous,0,0,0,0,1,1,0,0,0,0.0,NaN,NaN,1,0,1,0,0,0,1,0,0,0,0,0,0,0,0,0,0,0,0,5,1,0,0,0,0,0,1,0,0,0,0,0,0,0,1,-1,0
C:\Users\All Five Projects\spring-batch-main\spring-batch-infrastructure\src\main\java\org\springframework\batch\item\xml\StaxEventItemWriter.java,org.springframework.batch.item.xml.StaxEventItemWriter,class,20,26,6,20,94,3,0,88,571,0.932566,0.057040997,0.34581104,38,0,27,4,7,0,34,0,0,0,32,8,4,28,0,0,8,0,5,399,12,3,7,13,1,69,9,80,14,49,4,0,0,0,324,1,5
C:\Users\All Five Projects\spring-batch-main\spring-batch-core\src\test\java\org\springframework\batch\core\launch\support\CommandLineJobRunnerTests.java,org.springframework.batch.core.launch.support.CommandLineJobRunnerTests$Anonymous4,anonymous,1,1,0,1,3,1,0,1,0,0.0,1.0,1.0,2,0,2,0,0,0,2,0,0,0,2,0,0,0,0,2,1,0,0,10,2,0,0,0,1,2,3,2,3,2,0,0,0,0,7,-1,0
C:\Users\All Five Projects\spring-batch-main\spring-batch-infrastructure\src\test\java\org\springframework\batch\item\file\transform\PassThroughFieldExtractorTests.java,org.springframework.batch.item.file.transform.PassThroughFieldExtractorTests,class,3,3,0,3,5,1,0,4,10,0.0,0.0,0.0,5,0,0,0,0,5,5,0,0,0,0,0,0,0,0,0,0,0,1,32,0,0,0,0,0,32,0,11,0,11,0,0,0,0,20,0,0
C:\Users\All Five Projects\spring-batch-main\spring-batch-core\src\main\java\org\springframework\batch\core\configuration\xml\TopLevelStepListenerParser.java,org.springframework.batch.core.configuration.xml.TopLevelStepListenerParser,class,8,9,1,8,2,2,0,3,0,0.0,1.0,1.0,2,0,0,0,2,0,2,0,0,0,1,1,0,1,0,0,1,0,1,10,1,0,0,0,0,0,0,1,0,1,0,0,0,0,28,1,0
C:\Users\All Five Projects\spring-batch-main\spring-batch-core\src\test\java\org\springframework\batch\core\launch\support\CommandLineJobRunnerTests.java,org.springframework.batch.core.launch.support.CommandLineJobRunnerTests$Anonymous5,anonymous,1,1,0,1,3,1,0,1,0,0.0,1.0,1.0,2,0,2,0,0,0,2,0,0,0,2,0,0,0,0,2,1,0,0,10,2,0,0,0,1,1,3,2,2,2,0,0,0,0,4,-1,0
C:\Users\All Five Projects\spring-batch-main\spring-batch-core\src\test\java\org\springframework\batch\core\launch\support\CommandLineJobRunnerTests.java,org.springframework.batch.core.launch.support.CommandLineJobRunnerTests$Anonymous2,anonymous,0,0,0,0,2,1,0,0,1,0.0,0.0,0.0,2,0,2,0,0,0,2,0,0,0,0,0,0,0,0,0,0,0,0,8,1,0,0,0,0,1,1,0,0,0,0,0,0,0,5,-1,0
C:\Users\All Five Projects\spring-batch-main\spring-batch-integration\src\main\java\org\springframework\batch\integration\config\xml\RemoteChunkingWorkerParser.java,org.springframework.batch.integration.config.xml.RemoteChunkingWorkerParser,class,12,13,1,12,2,3,0,9,0,0.0,NaN,NaN,1,0,0,0,1,0,1,0,0,0,8,8,0,8,0,0,8,0,0,49,1,0,0,0,0,12,0,16,1,16,1,0,1,0,71,1,0
C:\Users\All Five Projects\spring-batch-main\spring-batch-core\src\test\java\org\springframework\batch\core\launch\support\CommandLineJobRunnerTests.java,org.springframework.batch.core.launch.support.CommandLineJobRunnerTests$Anonymous3,anonymous,1,1,0,1,3,1,0,1,0,0.0,1.0,1.0,2,0,2,0,0,0,2,0,0,0,2,0,0,0,0,2,1,0,0,10,2,0,0,0,1,2,3,2,3,2,0,0,0,0,7,-1,0
C:\Users\All Five Projects\spring-batch-main\spring-batch-infrastructure\src\test\java\org\springframework\batch\item\file\transform\RecordFieldExtractorTests.java,org.springframework.batch.item.file.transform.RecordFieldExtractorTests,class,5,5,0,5,6,1,0,5,15,0.0,0.0,0.0,6,0,0,0,0,6,6,0,0,0,0,0,0,0,0,0,0,0,0,31,0,0,0,0,0,6,3,7,0,7,0,0,1,3,31,0,0
C:\Users\All Five Projects\spring-batch-main\spring-batch-core\src\test\java\org\springframework\batch\core\step\item\FaultTolerantStepFactoryBeanRollbackTests.java,org.springframework.batch.core.step.item.FaultTolerantStepFactoryBeanRollbackTests,class,29,29,0,29,26,1,0,71,0,0.51,1.0,1.0,25,0,0,0,0,25,25,0,0,0,8,0,0,7,1,0,1,0,11,343,0,0,0,0,0,114,54,45,0,39,0,0,1,0,102,0,0
C:\Users\All Five Projects\spring-batch-main\spring-batch-integration\src\test\java\org\springframework\batch\integration\chunk\RemoteChunkFaultTolerantStepIntegrationTests.java,org.springframework.batch.integration.chunk.RemoteChunkFaultTolerantStepIntegrationTests,class,13,13,0,13,6,1,0,15,0,0.4,0.6,0.6,5,0,0,0,0,5,5,0,0,0,3,0,0,3,0,0,0,0,3,40,0,1,1,0,0,9,12,10,0,12,1,0,0,0,35,0,0
C:\Users\All Five Projects\spring-batch-main\spring-batch-core\src\test\java\org\springframework\batch\core\step\builder\FaultTolerantStepBuilderTests.java,org.springframework.batch.core.step.builder.FaultTolerantStepBuilderTests,class,9,9,0,9,3,1,0,12,3,0.0,0.0,0.0,3,0,0,0,0,3,3,0,0,0,0,0,0,0,0,0,0,0,0,18,0,0,0,0,0,4,2,6,0,6,0,0,0,0,42,0,0
C:\Users\All Five Projects\spring-batch-main\spring-batch-infrastructure\src\main\java\org\springframework\batch\item\database\support\SqlPagingQueryProviderFactoryBean.java,org.springframework.batch.item.database.support.SqlPagingQueryProviderFactoryBean,class,17,18,1,17,17,1,0,15,37,0.8181819,0.13636364,0.54545456,11,0,11,0,0,0,12,0,0,0,8,0,0,8,0,0,1,0,0,82,3,0,2,1,0,4,0,12,1,11,1,0,0,0,113,1,0
C:\Users\All Five Projects\spring-batch-main\spring-batch-core\src\test\java\org\springframework\batch\core\configuration\xml\StepListenerParserTests.java,org.springframework.batch.core.configuration.xml.StepListenerParserTests,class,13,14,1,13,21,1,0,8,6,0.75,0.0,0.0,4,0,0,1,0,3,3,0,0,0,3,0,0,3,0,0,0,0,0,94,1,9,0,1,3,16,3,30,0,17,3,0,0,0,47,0,0
C:\Users\All Five Projects\spring-batch-main\spring-batch-infrastructure\src\main\java\org\springframework\batch\item\json\JsonObjectReader.java,org.springframework.batch.item.json.JsonObjectReader,interface,4,16,12,4,5,1,0,1,6,0.0,0.0,0.0,4,0,0,0,0,4,4,0,0,0,0,0,0,0,0,0,0,0,0,12,0,1,0,0,0,0,1,1,0,1,1,0,0,0,73,1,0
C:\Users\All Five Projects\spring-batch-main\spring-batch-infrastructure\src\test\java\org\springframework\batch\repeat\support\ResultHolderResultQueueTests.java,org.springframework.batch.repeat.support.ResultHolderResultQueueTests,class,4,4,0,4,2,1,0,9,0,0.0,1.0,1.0,2,0,0,0,0,2,2,0,0,0,1,0,0,1,0,0,1,0,0,38,0,0,0,0,0,0,1,1,0,1,0,0,1,0,14,0,0
C:\Users\All Five Projects\spring-batch-main\spring-batch-infrastructure\src\test\java\org\springframework\batch\item\file\transform\Name.java,org.springframework.batch.item.file.transform.Name,class,1,4,3,1,22,1,0,3,0,0.5,0.53333336,0.8,10,0,10,0,0,0,10,0,0,0,3,0,0,3,0,0,0,0,0,54,13,0,10,0,4,0,4,12,6,6,2,0,0,0,21,1,0
C:\Users\All Five Projects\spring-batch-main\spring-batch-core\src\test\java\org\springframework\batch\core\step\item\FatalSkippableException.java,org.springframework.batch.core.step.item.FatalSkippableException,class,1,2,1,1,1,4,0,0,0,0.0,NaN,NaN,1,0,1,0,0,0,1,0,0,0,0,0,0,0,0,0,0,0,0,5,0,0,0,0,0,1,0,0,0,0,0,0,0,0,6,1,0
C:\Users\All Five Projects\spring-batch-main\spring-batch-core\src\main\java\org\springframework\batch\core\repository\dao\Jackson2ExecutionContextStringSerializer.java,org.springframework.batch.core.repository.dao.Jackson2ExecutionContextStringSerializer$JobParametersModule$JobParametersMixIn,innerclass,2,2,0,2,2,1,0,0,1,0.0,0.0,0.0,2,0,0,0,0,2,2,2,0,0,0,0,0,0,0,0,0,0,0,4,0,0,0,0,0,0,0,0,0,0,0,0,0,0,8,1026,0
C:\Users\All Five Projects\spring-batch-main\spring-batch-core\src\test\java\org\springframework\batch\core\listener\CompositeItemWriteListenerTests.java,org.springframework.batch.core.listener.CompositeItemWriteListenerTests,class,5,5,0,5,5,1,0,7,0,0.0,1.0,1.0,5,0,0,0,0,5,5,0,0,0,2,0,0,0,0,2,0,0,0,36,0,0,0,0,0,1,0,7,0,7,0,1,0,0,28,0,0
C:\Users\All Five Projects\spring-batch-main\spring-batch-infrastructure\src\main\java\org\springframework\batch\item\function\PredicateFilteringItemProcessor.java,org.springframework.batch.item.function.PredicateFilteringItemProcessor,class,2,2,0,2,3,1,0,2,0,0.0,1.0,1.0,2,0,2,0,0,0,2,0,0,0,1,0,0,1,0,0,1,0,0,10,1,0,0,0,0,1,0,1,0,1,0,0,0,0,35,1,0
C:\Users\All Five Projects\spring-batch-main\spring-batch-samples\src\test\java\org\springframework\batch\samples\helloworld\HelloWorldJobFunctionalTests.java,org.springframework.batch.samples.helloworld.HelloWorldJobFunctionalTests,class,8,8,0,8,1,1,0,4,0,0.0,NaN,NaN,1,0,1,0,0,0,1,0,0,0,0,0,0,0,0,0,0,0,0,9,0,0,0,0,0,0,0,4,0,4,0,0,0,0,19,0,0
C:\Users\All Five Projects\spring-batch-main\spring-batch-samples\src\main\java\org\springframework\batch\samples\file\patternmatching\Address.java,org.springframework.batch.samples.file.patternmatching.Address,class,1,9,8,1,32,1,0,3,72,0.8366013,0.23529412,0.5882353,17,0,17,0,0,0,17,0,0,0,9,2,2,7,0,0,2,0,0,101,19,0,12,0,6,8,5,15,7,12,2,0,0,0,44,1,0
C:\Users\All Five Projects\spring-batch-main\spring-batch-core\src\test\java\org\springframework\batch\core\job\flow\FlowJobTests.java,org.springframework.batch.core.job.flow.FlowJobTests,class,34,35,1,34,33,2,0,52,0,0.6222222,1.0,1.0,27,0,1,2,0,24,25,0,0,0,5,0,0,5,0,0,1,0,5,554,3,2,1,1,0,231,29,102,1,97,2,6,1,2,104,1,0
C:\Users\All Five Projects\spring-batch-main\spring-batch-integration\src\main\java\org\springframework\batch\integration\chunk\RemoteChunkingManagerStepBuilder.java,org.springframework.batch.integration.chunk.RemoteChunkingManagerStepBuilder,class,31,33,2,31,48,2,0,38,849,0.95918375,0.006968641,0.017421603,42,0,42,0,0,0,42,0,0,0,7,1,0,7,0,0,2,0,0,193,39,0,3,0,0,15,4,11,1,8,2,0,0,0,219,1,1
C:\Users\All Five Projects\spring-batch-main\spring-batch-infrastructure\src\main\java\org\springframework\batch\item\support\builder\ScriptItemProcessorBuilder.java,org.springframework.batch.item.support.builder.ScriptItemProcessorBuilder,class,5,7,2,5,11,1,0,4,2,0.6,0.4,1.0,5,0,5,0,0,0,5,0,0,0,4,0,0,4,0,0,0,0,0,41,5,0,3,0,0,2,0,5,0,5,1,0,0,0,73,1,0
C:\Users\All Five Projects\spring-batch-main\spring-batch-samples\src\test\java\org\springframework\batch\samples\file\multirecordtype\MultiRecordTypeFunctionalTests.java,org.springframework.batch.samples.file.multirecordtype.MultiRecordTypeFunctionalTests,class,14,14,0,14,2,1,0,11,0,0.16666667,1.0,1.0,2,0,1,0,0,1,2,0,0,0,3,2,0,3,0,0,2,0,4,24,0,0,0,0,0,10,0,13,2,14,0,0,0,0,61,0,0
C:\Users\All Five Projects\spring-batch-main\spring-batch-core\src\test\java\org\springframework\batch\core\configuration\support\ApplicationContextJobFactoryTests.java,org.springframework.batch.core.configuration.support.ApplicationContextJobFactoryTests,class,6,6,0,6,2,1,0,4,1,0.0,0.0,0.0,2,0,0,0,0,2,2,0,0,0,0,0,0,0,0,0,0,0,0,37,0,0,0,0,0,3,0,2,0,2,0,0,3,0,14,0,0
C:\Users\All Five Projects\spring-batch-main\spring-batch-core\src\main\java\org\springframework\batch\core\explore\support\JobExplorerFactoryBean.java,org.springframework.batch.core.explore.support.JobExplorerFactoryBean,class,31,35,4,31,18,2,0,18,22,0.7521368,0.35897437,1.0,13,0,9,0,4,0,13,0,0,0,9,0,0,9,0,0,1,0,0,103,4,0,5,0,0,4,0,20,0,14,1,1,0,0,147,1,0
C:\Users\All Five Projects\spring-batch-main\spring-batch-infrastructure\src\main\java\org\springframework\batch\item\queue\builder\BlockingQueueItemWriterBuilder.java,org.springframework.batch.item.queue.builder.BlockingQueueItemWriterBuilder,class,3,4,1,3,3,1,0,1,0,0.0,1.0,1.0,2,0,2,0,0,0,2,0,0,0,1,0,0,1,0,0,0,0,0,11,2,0,1,0,0,1,0,1,0,1,0,0,0,0,24,1,0
C:\Users\All Five Projects\spring-batch-main\spring-batch-infrastructure\src\test\java\org\springframework\batch\item\adapter\HippyMethodInvokerTests.java,org.springframework.batch.item.adapter.HippyMethodInvokerTests$TestMethodAdapter,innerclass,2,2,0,2,6,2,0,1,1,0.0,0.0,0.0,2,0,2,0,0,0,2,0,0,0,0,0,0,0,0,0,0,0,0,24,2,0,0,2,0,0,1,0,0,0,1,0,0,0,16,9,0
C:\Users\All Five Projects\spring-batch-main\spring-batch-infrastructure\src\main\java\org\springframework\batch\item\data\builder\Neo4jItemWriterBuilder.java,org.springframework.batch.item.data.builder.Neo4jItemWriterBuilder,class,4,5,1,4,3,1,0,3,0,0.33333334,0.6666667,1.0,3,0,3,0,0,0,3,0,0,0,2,0,0,2,0,0,0,0,0,19,3,0,0,0,0,1,0,4,0,3,0,0,0,0,61,1,0
C:\Users\All Five Projects\spring-batch-main\spring-batch-infrastructure\src\main\java\org\springframework\batch\item\ldif\builder\MappingLdifReaderBuilder.java,org.springframework.batch.item.ldif.builder.MappingLdifReaderBuilder,class,8,9,1,8,12,1,0,11,25,0.78888893,0.22222222,1.0,10,0,10,0,0,0,10,0,0,0,9,0,0,9,0,0,0,0,0,67,10,0,1,0,0,3,1,14,0,10,1,0,0,0,116,1,0
C:\Users\All Five Projects\spring-batch-main\spring-batch-samples\src\test\java\org\springframework\batch\samples\compositewriter\CompositeItemWriterSampleFunctionalTests.java,org.springframework.batch.samples.compositewriter.CompositeItemWriterSampleFunctionalTests$Anonymous1,anonymous,1,1,0,1,1,1,0,1,0,0.0,NaN,NaN,0,0,0,0,0,0,1,0,0,0,0,0,0,0,0,0,0,0,0,9,0,0,0,0,0,15,5,0,0,0,0,0,0,0,4,-1,0
C:\Users\All Five Projects\spring-batch-main\spring-batch-infrastructure\src\test\java\org\springframework\batch\item\database\JpaPagingItemReaderNativeQueryIntegrationTests.java,org.springframework.batch.item.database.JpaPagingItemReaderNativeQueryIntegrationTests$JpaConfiguration,innerclass,11,11,0,11,4,1,0,13,6,0.0,0.0,0.0,4,0,4,0,0,0,4,0,0,0,0,0,0,0,0,0,0,0,0,22,4,0,0,0,0,1,0,2,0,2,0,0,0,0,33,9,0
C:\Users\All Five Projects\spring-batch-main\spring-batch-samples\src\main\java\org\springframework\batch\samples\file\multiline\Trade.java,org.springframework.batch.samples.file.multiline.Trade,class,1,4,3,1,35,1,0,5,53,0.71296304,0.3267974,0.6143791,18,0,18,0,0,0,18,0,0,0,6,0,0,6,0,0,0,0,0,111,20,0,14,0,10,8,9,24,13,9,2,0,0,0,40,1,0
C:\Users\All Five Projects\spring-batch-main\spring-batch-core\src\test\java\org\springframework\batch\core\repository\support\MongoExecutionContextDaoIntegrationTests.java,org.springframework.batch.core.repository.support.MongoExecutionContextDaoIntegrationTests,class,23,23,0,23,6,1,0,24,15,0.9166666,0.0,0.0,6,2,0,0,0,6,6,0,0,0,2,2,1,1,0,0,1,0,5,53,0,0,0,0,0,35,6,14,0,14,0,0,1,0,60,1,0
C:\Users\All Five Projects\spring-batch-main\spring-batch-samples\src\test\java\org\springframework\batch\samples\compositewriter\CompositeItemWriterSampleFunctionalTests.java,org.springframework.batch.samples.compositewriter.CompositeItemWriterSampleFunctionalTests$Anonymous2,anonymous,1,1,0,1,1,1,0,9,0,0.0,NaN,NaN,1,0,1,0,0,0,1,0,0,0,1,0,0,1,0,0,0,0,0,10,0,0,0,0,0,0,5,2,0,2,0,0,0,0,14,-1,0
C:\Users\All Five Projects\spring-batch-main\spring-batch-infrastructure\src\test\java\org\springframework\batch\item\database\support\SybasePagingQueryProviderTests.java,org.springframework.batch.item.database.support.SybasePagingQueryProviderTests,class,3,3,0,3,7,2,0,4,21,0.0,0.0,0.0,7,0,0,0,0,7,7,0,0,0,0,0,0,0,0,0,0,0,0,33,2,0,0,0,0,8,0,9,0,8,0,0,0,0,59,0,0
C:\Users\All Five Projects\spring-batch-main\spring-batch-infrastructure\src\main\java\org\springframework\batch\repeat\listener\RepeatListenerSupport.java,org.springframework.batch.repeat.listener.RepeatListenerSupport,class,3,3,0,3,5,1,0,0,10,0.0,0.0,0.0,5,0,5,0,0,0,5,0,0,0,0,0,0,0,0,0,0,0,0,12,0,0,0,0,0,0,0,0,0,0,0,0,0,0,29,1,0
C:\Users\All Five Projects\spring-batch-main\spring-batch-infrastructure\src\main\java\org\springframework\batch\item\file\mapping\ArrayFieldSetMapper.java,org.springframework.batch.item.file.mapping.ArrayFieldSetMapper,class,2,2,0,2,1,1,0,1,0,0.0,NaN,NaN,1,0,1,0,0,0,1,0,0,0,0,0,0,0,0,0,0,0,0,5,1,0,0,0,0,0,0,0,0,0,0,0,0,0,30,1,0
C:\Users\All Five Projects\spring-batch-main\spring-batch-core\src\test\java\org\springframework\batch\core\configuration\xml\SplitDifferentResultsFailSecondJobParserTests.java,org.springframework.batch.core.configuration.xml.SplitDifferentResultsFailSecondJobParserTests,class,5,5,0,5,1,2,0,12,0,0.0,NaN,NaN,1,0,0,0,0,1,1,0,0,0,0,0,0,0,0,0,0,0,0,21,0,0,0,0,0,9,1,4,3,4,0,0,0,0,27,0,0
C:\Users\All Five Projects\spring-batch-main\spring-batch-infrastructure\src\test\java\org\springframework\batch\item\avro\support\AvroTestFixtures.java,org.springframework.batch.item.avro.support.AvroTestFixtures$PlainOldUser,innerclass,5,5,0,5,12,1,0,7,0,0.5,0.64285713,0.75,8,0,8,0,0,0,8,0,0,0,4,1,1,3,0,0,1,0,3,38,8,0,4,0,0,3,0,6,0,6,1,0,0,0,33,12,0
C:\Users\All Five Projects\spring-batch-main\spring-batch-infrastructure\src\main\java\org\springframework\batch\item\ldif\builder\LdifReaderBuilder.java,org.springframework.batch.item.ldif.builder.LdifReaderBuilder,class,6,7,1,6,11,1,0,10,18,0.76388884,0.25,1.0,9,0,9,0,0,0,9,0,0,0,8,0,0,8,0,0,0,0,0,60,9,0,1,0,0,2,1,13,0,9,1,0,0,0,109,1,0
C:\Users\All Five Projects\spring-batch-main\spring-batch-core\src\test\java\org\springframework\batch\core\configuration\support\GenericApplicationContextFactoryTests.java,org.springframework.batch.core.configuration.support.GenericApplicationContextFactoryTests,class,22,22,0,22,16,1,0,21,91,0.0,0.0,0.0,14,0,0,0,0,14,14,0,0,0,0,0,0,0,0,0,0,0,0,159,0,1,0,0,1,66,22,38,1,37,2,0,6,0,69,0,0
C:\Users\All Five Projects\spring-batch-main\spring-batch-integration\src\test\java\org\springframework\batch\integration\retry\SimpleService.java,org.springframework.batch.integration.retry.SimpleService,class,4,6,2,4,5,1,0,8,0,0.5,0.6666667,1.0,3,0,3,0,0,0,3,0,0,0,4,0,0,4,0,0,3,0,0,23,2,0,0,0,0,6,1,6,2,5,1,0,0,0,24,1,1
C:\Users\All Five Projects\spring-batch-main\spring-batch-core\src\test\java\org\springframework\batch\core\test\concurrent\ConcurrentTransactionTests.java,org.springframework.batch.core.test.concurrent.ConcurrentTransactionTests$ConcurrentJobConfiguration$Anonymous1,anonymous,4,4,0,4,1,1,0,0,0,0.0,NaN,NaN,1,0,1,0,0,0,1,0,0,0,0,0,0,0,0,0,0,0,0,5,1,0,0,0,0,0,0,0,0,0,0,0,0,0,9,-1,0
C:\Users\All Five Projects\spring-batch-main\spring-batch-core\src\test\java\org\springframework\batch\core\listener\CompositeItemWriteListenerTests.java,org.springframework.batch.core.listener.CompositeItemWriteListenerTests$Anonymous1,anonymous,0,0,0,0,1,1,0,1,0,0.0,NaN,NaN,0,0,0,0,0,0,1,0,0,0,0,0,0,0,0,0,0,0,0,5,0,0,0,0,0,0,0,0,0,0,0,0,0,0,2,-1,0
C:\Users\All Five Projects\spring-batch-main\spring-batch-core\src\test\java\org\springframework\batch\core\test\concurrent\ConcurrentTransactionTests.java,org.springframework.batch.core.test.concurrent.ConcurrentTransactionTests$ConcurrentJobConfiguration$Anonymous2,anonymous,4,4,0,4,1,1,0,0,0,0.0,NaN,NaN,1,0,1,0,0,0,1,0,0,0,0,0,0,0,0,0,0,0,0,5,1,0,0,0,0,0,0,0,0,0,0,0,0,0,9,-1,0
C:\Users\All Five Projects\spring-batch-main\spring-batch-core\src\test\java\org\springframework\batch\core\step\item\TaskletStepExceptionTests.java,org.springframework.batch.core.step.item.TaskletStepExceptionTests$FailingRollbackTransactionManager,innerclass,2,2,0,2,1,2,0,1,0,0.0,NaN,NaN,1,0,0,0,1,0,1,0,0,0,0,0,0,0,0,0,0,0,0,6,0,0,0,0,0,1,0,0,0,0,0,0,0,0,13,10,0
C:\Users\All Five Projects\spring-batch-main\spring-batch-core\src\test\java\org\springframework\batch\core\test\concurrent\ConcurrentTransactionTests.java,org.springframework.batch.core.test.concurrent.ConcurrentTransactionTests$ConcurrentJobConfiguration$Anonymous3,anonymous,4,4,0,4,1,1,0,0,0,0.0,NaN,NaN,1,0,1,0,0,0,1,0,0,0,0,0,0,0,0,0,0,0,0,5,1,0,0,0,0,0,0,0,0,0,0,0,0,0,9,-1,0
C:\Users\All Five Projects\spring-batch-main\spring-batch-core\src\test\java\org\springframework\batch\core\observability\ObservabilitySampleStepTests.java,org.springframework.batch.core.observability.ObservabilitySampleStepTests,class,13,13,0,13,5,2,0,15,10,0.8,0.0,0.0,5,0,1,0,3,1,5,0,0,0,3,0,0,3,0,0,0,0,0,46,3,0,0,0,0,5,0,2,0,7,1,0,1,1,22,0,0
C:\Users\All Five Projects\spring-batch-main\spring-batch-infrastructure\src\test\java\org\springframework\batch\repeat\support\ChunkedRepeatTests.java,org.springframework.batch.repeat.support.ChunkedRepeatTests,class,12,12,0,12,5,2,0,9,0,0.0,0.33333334,0.33333334,3,0,0,0,0,3,3,0,0,0,1,0,0,1,0,0,0,0,0,83,0,1,0,0,0,1,5,12,1,12,1,4,1,0,76,0,0
C:\Users\All Five Projects\spring-batch-main\spring-batch-infrastructure\src\main\java\org\springframework\batch\repeat\exception\LogOrRethrowExceptionHandler.java,org.springframework.batch.repeat.exception.LogOrRethrowExceptionHandler$Level,enum,0,0,0,0,0,1,0,0,0,0.0,-1.0,-1.0,0,0,0,0,0,0,0,0,0,0,0,0,0,0,0,0,0,0,0,5,0,0,0,0,0,0,0,0,0,0,0,0,0,0,31,1,0
C:\Users\All Five Projects\spring-batch-main\spring-batch-core\src\test\java\org\springframework\batch\core\configuration\annotation\StepScopeConfigurationTests.java,org.springframework.batch.core.configuration.annotation.StepScopeConfigurationTests$StepScopeConfigurationRequiringProxyTargetClass,innerclass,6,6,0,6,1,1,0,0,0,0.0,NaN,NaN,1,0,0,0,1,0,1,0,0,0,0,0,0,0,0,0,0,0,0,5,1,0,0,0,0,2,0,0,0,0,0,0,0,0,10,9,0
C:\Users\All Five Projects\spring-batch-main\spring-batch-infrastructure\src\test\java\org\springframework\batch\item\json\GsonJsonObjectMarshallerTests.java,org.springframework.batch.item.json.GsonJsonObjectMarshallerTests$Foo,innerclass,0,0,0,0,5,1,0,0,0,0.4,0.6,1.0,5,0,5,0,0,0,5,0,0,0,2,0,0,2,0,0,0,0,0,20,2,0,0,0,0,0,0,4,0,2,0,0,0,0,7,9,0
C:\Users\All Five Projects\spring-batch-main\spring-batch-samples\src\main\java\org\springframework\batch\samples\metrics\JobScheduler.java,org.springframework.batch.samples.metrics.JobScheduler,class,7,8,1,7,3,1,0,4,0,0.22222222,1.0,1.0,3,0,3,0,0,0,3,0,0,0,3,0,0,3,0,0,3,0,2,18,0,0,0,0,0,4,0,5,0,5,0,0,0,0,13,1,0
C:\Users\All Five Projects\spring-batch-main\spring-batch-infrastructure\src\main\java\org\springframework\batch\item\ItemWriter.java,org.springframework.batch.item.ItemWriter,interface,2,19,17,2,1,1,0,0,0,0.0,NaN,NaN,1,0,0,0,0,1,1,0,0,0,0,0,0,0,0,0,0,0,0,3,0,0,0,0,0,0,0,0,0,0,0,0,0,0,82,1,0
C:\Users\All Five Projects\spring-batch-main\spring-batch-integration\src\main\java\org\springframework\batch\integration\config\annotation\BatchIntegrationConfiguration.java,org.springframework.batch.integration.config.annotation.BatchIntegrationConfiguration,class,13,13,0,13,6,1,0,0,5,0.6666666,0.33333334,1.0,6,0,6,0,0,0,6,0,0,0,7,0,0,7,0,0,3,0,0,32,4,0,0,0,0,0,0,7,0,7,0,0,0,0,35,1,0
C:\Users\All Five Projects\spring-batch-main\spring-batch-infrastructure\src\test\java\org\springframework\batch\item\jms\builder\JmsItemWriterBuilderTests.java,org.springframework.batch.item.jms.builder.JmsItemWriterBuilderTests,class,5,5,0,5,2,1,0,15,1,0.0,0.0,0.0,2,0,0,0,0,2,2,0,0,0,0,0,0,0,0,0,0,0,0,15,0,0,0,0,0,7,3,4,0,4,0,0,0,1,27,0,0
C:\Users\All Five Projects\spring-batch-main\spring-batch-infrastructure\src\main\java\org\springframework\batch\item\file\separator\SuffixRecordSeparatorPolicy.java,org.springframework.batch.item.file.separator.SuffixRecordSeparatorPolicy,class,1,2,1,1,7,3,0,4,0,0.5833333,0.6666667,1.0,4,0,4,0,0,0,4,0,0,0,3,1,1,2,0,0,1,0,0,24,4,0,2,0,0,1,1,6,0,4,1,0,0,0,72,1,0
C:\Users\All Five Projects\spring-batch-main\spring-batch-core\src\test\java\org\springframework\batch\core\configuration\xml\TestPojoListener.java,org.springframework.batch.core.configuration.xml.TestPojoListener,class,3,4,1,3,1,2,0,0,0,0.0,NaN,NaN,1,0,1,0,0,0,1,0,0,0,0,0,0,0,0,0,0,0,0,5,0,0,0,0,0,0,0,1,0,0,0,0,0,0,9,1,0
C:\Users\All Five Projects\spring-batch-main\spring-batch-samples\src\main\java\org\springframework\batch\samples\amqp\AmqpMessageProducer.java,org.springframework.batch.samples.amqp.AmqpMessageProducer,class,5,5,0,5,3,1,0,3,0,0.0,NaN,NaN,2,1,1,1,0,0,1,0,0,0,2,2,0,2,0,0,2,0,0,14,0,1,0,0,1,3,2,5,1,5,1,0,0,0,45,17,0
C:\Users\All Five Projects\spring-batch-main\spring-batch-infrastructure\src\test\java\org\springframework\batch\repeat\support\ChunkedRepeatTests.java,org.springframework.batch.repeat.support.ChunkedRepeatTests$Anonymous4,anonymous,2,2,0,2,3,1,0,5,0,0.0,NaN,NaN,1,0,1,0,0,0,1,0,0,0,0,0,0,0,0,0,0,0,0,10,1,0,0,0,0,0,0,1,0,1,1,0,0,0,9,-1,0
C:\Users\All Five Projects\spring-batch-main\spring-batch-infrastructure\src\test\java\org\springframework\batch\item\database\builder\JpaPagingItemReaderBuilderTests.java,org.springframework.batch.item.database.builder.JpaPagingItemReaderBuilderTests$TestDataSourceConfiguration,innerclass,10,10,0,10,3,1,0,7,3,0.0,0.0,0.0,3,0,3,0,0,0,3,0,0,0,0,0,0,0,0,0,0,0,0,19,3,0,0,0,0,2,0,3,0,3,0,0,0,0,34,9,0
C:\Users\All Five Projects\spring-batch-main\spring-batch-infrastructure\src\test\java\org\springframework\batch\repeat\support\ChunkedRepeatTests.java,org.springframework.batch.repeat.support.ChunkedRepeatTests$Anonymous2,anonymous,2,2,0,2,1,1,0,1,0,0.0,NaN,NaN,1,0,1,0,0,0,1,0,0,0,0,0,0,0,0,0,0,0,0,6,1,0,0,0,0,0,0,0,0,0,0,0,0,0,9,-1,0
C:\Users\All Five Projects\spring-batch-main\spring-batch-infrastructure\src\test\java\org\springframework\batch\repeat\support\ChunkedRepeatTests.java,org.springframework.batch.repeat.support.ChunkedRepeatTests$Anonymous3,anonymous,3,3,0,3,2,1,0,1,0,0.0,NaN,NaN,1,0,1,0,0,0,1,0,0,0,1,0,0,0,0,1,0,0,0,7,2,0,0,0,0,0,2,1,0,1,1,0,0,0,5,-1,0
C:\Users\All Five Projects\spring-batch-main\spring-batch-samples\src\main\java\org\springframework\batch\samples\file\multiline\MultiLineTradeItemWriter.java,org.springframework.batch.samples.file.multiline.MultiLineTradeItemWriter,class,6,7,1,6,6,1,0,9,0,0.0,1.0,1.0,5,0,5,0,0,0,5,0,0,0,1,0,0,1,0,0,0,0,0,25,0,1,0,0,0,6,0,2,2,2,1,0,0,0,25,1,0
C:\Users\All Five Projects\spring-batch-main\spring-batch-infrastructure\src\test\java\org\springframework\batch\repeat\support\ChunkedRepeatTests.java,org.springframework.batch.repeat.support.ChunkedRepeatTests$Anonymous1,anonymous,2,2,0,2,1,1,0,1,0,0.0,NaN,NaN,1,0,1,0,0,0,1,0,0,0,0,0,0,0,0,0,0,0,0,6,1,0,0,0,0,0,0,0,0,0,0,0,0,0,9,-1,0
C:\Users\All Five Projects\spring-batch-main\spring-batch-infrastructure\src\main\java\org\springframework\batch\repeat\support\ResultHolder.java,org.springframework.batch.repeat.support.ResultHolder,interface,2,9,7,2,3,1,0,0,3,0.0,0.0,0.0,3,0,0,0,0,3,3,0,0,0,0,0,0,0,0,0,0,0,0,5,0,0,0,0,0,1,0,0,0,0,0,0,0,0,41,0,0
C:\Users\All Five Projects\spring-batch-main\spring-batch-samples\src\main\java\org\springframework\batch\samples\loom\JobConfigurationForRunningSystemCommandTaskletsWithVirtualThreads.java,org.springframework.batch.samples.loom.JobConfigurationForRunningSystemCommandTaskletsWithVirtualThreads$Anonymous1,anonymous,0,0,0,0,1,1,0,4,0,0.0,NaN,NaN,1,0,1,0,0,0,1,0,0,0,0,0,0,0,0,0,0,0,2,6,1,0,0,0,0,1,0,0,1,0,0,0,0,0,9,-1,0
C:\Users\All Five Projects\spring-batch-main\spring-batch-core\src\main\java\org\springframework\batch\core\step\item\KeyGenerator.java,org.springframework.batch.core.step.item.KeyGenerator,interface,0,3,3,0,1,1,0,0,0,0.0,NaN,NaN,1,0,0,0,0,1,1,0,0,0,0,0,0,0,0,0,0,0,0,3,0,0,0,0,0,0,0,0,0,0,0,0,0,0,24,1,0
C:\Users\All Five Projects\spring-batch-main\spring-batch-test\src\main\java\org\springframework\batch\test\context\BatchTestContextCustomizerFactory.java,org.springframework.batch.test.context.BatchTestContextCustomizerFactory,class,6,7,1,6,2,1,0,1,0,0.0,NaN,NaN,1,0,1,0,0,0,1,0,0,0,0,0,0,0,0,0,0,0,0,8,2,0,0,0,0,0,0,0,0,0,1,0,0,0,14,1,0
C:\Users\All Five Projects\spring-batch-main\spring-batch-core\src\main\java\org\springframework\batch\core\configuration\BatchConfigurationException.java,org.springframework.batch.core.configuration.BatchConfigurationException,class,0,1,1,0,3,4,0,0,3,1.0,0.0,0.0,3,0,3,0,0,0,3,0,0,0,1,1,0,1,0,0,1,0,0,12,0,0,0,0,0,0,1,1,0,1,0,0,0,0,44,1,0
C:\Users\All Five Projects\spring-batch-main\spring-batch-core\src\test\java\org\springframework\batch\core\job\flow\support\state\SimpleFlowExecutionAggregatorTests.java,org.springframework.batch.core.job.flow.support.state.SimpleFlowExecutionAggregatorTests,class,3,3,0,3,4,1,0,6,0,0.0,1.0,1.0,2,0,0,0,0,2,2,0,0,0,1,0,0,1,0,0,1,0,2,13,0,0,0,0,0,4,2,3,0,3,0,0,0,0,21,0,0
C:\Users\All Five Projects\spring-batch-main\spring-batch-infrastructure\src\test\java\org\springframework\batch\item\database\support\HanaPagingQueryProviderTests.java,org.springframework.batch.item.database.support.HanaPagingQueryProviderTests,class,4,4,0,4,8,2,0,8,28,0.0,0.0,0.0,8,0,0,0,0,8,8,0,0,0,0,0,0,0,0,0,0,0,0,45,2,0,0,0,0,13,2,13,0,11,0,0,0,0,65,0,0
C:\Users\All Five Projects\spring-batch-main\spring-batch-infrastructure\src\test\java\org\springframework\batch\item\kafka\builder\KafkaItemWriterBuilderTests.java,org.springframework.batch.item.kafka.builder.KafkaItemWriterBuilderTests,class,10,10,0,10,4,1,0,11,0,0.375,0.6666667,1.0,4,0,0,0,0,4,4,0,0,0,2,0,0,2,0,0,0,0,0,31,0,0,0,0,0,6,1,8,0,9,0,0,1,0,36,0,0
C:\Users\All Five Projects\spring-batch-main\spring-batch-integration\src\test\java\org\springframework\batch\integration\config\xml\JobLauncherParserTestsConfiguration.java,org.springframework.batch.integration.config.xml.JobLauncherParserTestsConfiguration,class,5,5,0,5,2,1,0,3,1,0.0,0.0,0.0,2,0,2,0,0,0,2,0,0,0,0,0,0,0,0,0,0,0,0,8,2,0,0,0,0,2,0,0,0,0,0,0,0,0,27,1,0
C:\Users\All Five Projects\spring-batch-main\spring-batch-samples\src\test\java\org\springframework\batch\samples\file\multiline\MultiLineFunctionalTests.java,org.springframework.batch.samples.file.multiline.MultiLineFunctionalTests,class,14,14,0,14,2,1,0,11,0,0.16666667,1.0,1.0,2,0,1,0,0,1,2,0,0,0,3,2,0,3,0,0,2,0,4,24,0,0,0,0,0,10,0,13,2,14,0,0,0,0,60,0,0
C:\Users\All Five Projects\spring-batch-main\spring-batch-infrastructure\src\test\java\org\springframework\batch\item\xml\builder\StaxEventItemReaderBuilderTests.java,org.springframework.batch.item.xml.builder.StaxEventItemReaderBuilderTests,class,13,14,1,13,7,1,0,32,1,0.42857146,0.6666667,0.6666667,7,0,0,1,0,6,6,0,0,0,2,1,0,2,0,0,1,0,2,112,1,0,0,0,0,25,10,24,1,22,0,0,1,3,80,0,0
C:\Users\All Five Projects\spring-batch-main\spring-batch-core\src\test\java\org\springframework\batch\core\test\repository\HANAJobRepositoryIntegrationTests.java,org.springframework.batch.core.test.repository.HANAJobRepositoryIntegrationTests,class,17,17,0,17,2,2,0,9,1,0.7,0.0,0.0,2,0,0,0,0,2,2,0,0,0,5,2,1,4,0,0,1,0,0,80,0,0,0,0,0,3,0,5,0,8,0,0,2,0,88,0,0
C:\Users\All Five Projects\spring-batch-main\spring-batch-infrastructure\src\main\java\org\springframework\batch\item\support\builder\CompositeItemProcessorBuilder.java,org.springframework.batch.item.support.builder.CompositeItemProcessorBuilder,class,5,7,2,5,3,1,0,5,0,0.0,1.0,1.0,3,0,3,0,0,0,3,0,0,0,1,0,0,1,0,0,0,0,1,17,3,0,0,0,0,2,0,2,0,2,0,0,0,0,36,1,0
C:\Users\All Five Projects\spring-batch-main\spring-batch-core\src\test\java\org\springframework\batch\core\launch\support\SimpleJobOperatorTests.java,org.springframework.batch.core.launch.support.SimpleJobOperatorTests,class,23,23,0,23,26,2,0,61,0,0.3974359,1.0,1.0,26,0,1,0,0,25,26,0,0,0,6,0,0,5,1,0,0,0,5,270,0,0,0,0,0,32,85,69,1,58,0,4,1,9,90,0,0
C:\Users\All Five Projects\spring-batch-main\spring-batch-samples\src\main\java\org\springframework\batch\samples\file\patternmatching\internal\xml\Shipper.java,org.springframework.batch.samples.file.patternmatching.internal.xml.Shipper,class,0,1,1,0,4,1,0,0,2,0.5,0.33333334,0.33333334,4,0,4,0,0,0,4,0,0,0,2,0,0,2,0,0,0,0,0,16,2,0,0,0,0,0,0,2,0,2,0,0,0,0,17,1,0
C:\Users\All Five Projects\spring-batch-main\spring-batch-infrastructure\src\main\java\org\springframework\batch\item\file\mapping\DefaultLineMapper.java,org.springframework.batch.item.file.mapping.DefaultLineMapper,class,5,7,2,5,6,1,0,3,0,0.25,0.8333333,1.0,4,0,4,0,0,0,4,0,0,0,2,0,0,2,0,0,0,0,0,17,1,0,2,0,0,2,0,2,0,2,0,0,0,0,44,1,0
C:\Users\All Five Projects\spring-batch-main\spring-batch-core\src\main\java\org\springframework\batch\core\job\flow\support\state\DecisionState.java,org.springframework.batch.core.job.flow.support.state.DecisionState,class,4,5,1,4,3,2,0,3,1,0.33333334,0.33333334,0.33333334,3,0,3,0,0,0,3,0,0,0,1,0,0,1,0,0,1,0,0,13,2,0,0,0,0,0,0,1,0,1,0,0,0,0,29,1,0
C:\Users\All Five Projects\spring-batch-main\spring-batch-core\src\test\java\org\springframework\batch\core\job\builder\JobBuilderTests.java,org.springframework.batch.core.job.builder.JobBuilderTests$AnnotationBasedJobExecutionListener,innerclass,3,3,0,3,2,1,0,0,1,0.5,0.0,0.0,2,0,2,0,0,0,2,0,0,0,2,2,2,0,0,0,0,0,0,10,0,0,0,0,0,0,2,2,0,2,0,0,0,0,9,8,0
C:\Users\All Five Projects\spring-batch-main\spring-batch-core\src\test\java\org\springframework\batch\core\step\item\SimpleStepFactoryBeanTests.java,org.springframework.batch.core.step.item.SimpleStepFactoryBeanTests$2TestItemListenerWriter,innerclass,3,3,0,3,4,1,0,1,6,0.0,0.0,0.0,4,0,4,0,0,0,4,0,0,0,0,0,0,0,0,0,0,0,0,11,0,0,0,0,0,1,0,0,0,0,0,0,0,0,12,0,0
C:\Users\All Five Projects\spring-batch-main\spring-batch-core\src\main\java\org\springframework\batch\core\observability\BatchStepObservation.java,org.springframework.batch.core.observability.BatchStepObservation$StepHighCardinalityTags$Anonymous6,anonymous,0,0,0,0,1,1,0,0,0,0.0,NaN,NaN,1,0,1,0,0,0,1,0,0,0,0,0,0,0,0,0,0,0,0,5,1,0,0,0,0,1,0,0,0,0,0,0,0,0,2,-1,0
C:\Users\All Five Projects\spring-batch-main\spring-batch-core\src\test\java\org\springframework\batch\core\listener\StepListenerFactoryBeanTests.java,org.springframework.batch.core.listener.StepListenerFactoryBeanTests$MultipleAfterStep,innerclass,5,5,0,5,2,1,0,1,0,0.0,1.0,1.0,2,0,2,0,0,0,2,0,0,0,1,0,0,0,0,1,0,0,0,11,1,0,0,0,0,1,1,1,0,1,0,0,0,0,13,10,0
C:\Users\All Five Projects\spring-batch-main\spring-batch-core\src\test\java\org\springframework\batch\core\step\builder\StepBuilderTests.java,org.springframework.batch.core.step.builder.StepBuilderTests$InterfaceBasedStepExecutionListener,innerclass,4,4,0,4,3,1,0,1,0,0.33333334,0.6666667,1.0,3,0,3,0,0,0,3,0,0,0,2,2,0,0,0,2,0,0,0,15,1,0,0,0,0,0,4,4,0,2,0,0,0,0,11,9,0
C:\Users\All Five Projects\spring-batch-main\spring-batch-infrastructure\src\test\java\org\springframework\batch\support\transaction\TransactionAwareProxyFactoryTests.java,org.springframework.batch.support.transaction.TransactionAwareProxyFactoryTests,class,1,1,0,1,6,1,0,13,15,0.0,0.0,0.0,6,0,0,0,0,6,6,0,0,0,0,0,0,0,0,0,0,0,3,29,0,0,0,0,0,8,6,6,0,6,0,0,0,0,17,0,0
C:\Users\All Five Projects\spring-batch-main\spring-batch-samples\src\test\java\org\springframework\batch\samples\partition\remote\RemotePartitioningJobWithRepositoryPollingFunctionalTests.java,org.springframework.batch.samples.partition.remote.RemotePartitioningJobWithRepositoryPollingFunctionalTests,class,4,4,0,4,1,2,0,0,0,0.0,NaN,NaN,1,0,0,0,1,0,1,0,0,0,0,0,0,0,0,0,0,0,0,5,1,0,0,0,0,0,0,0,0,0,0,0,0,0,29,0,0
C:\Users\All Five Projects\spring-batch-main\spring-batch-samples\src\test\java\org\springframework\batch\samples\misc\quartz\JobLauncherDetailsTests.java,org.springframework.batch.samples.misc.quartz.JobLauncherDetailsTests,class,14,15,1,14,7,2,0,12,0,0.3809524,1.0,1.0,7,0,1,1,0,5,6,0,0,0,3,0,0,3,0,0,2,0,0,93,3,0,0,0,0,12,16,17,0,20,1,0,2,2,44,0,0
C:\Users\All Five Projects\spring-batch-main\spring-batch-core\src\main\java\org\springframework\batch\core\step\builder\FlowStepBuilder.java,org.springframework.batch.core.step.builder.FlowStepBuilder,class,6,8,2,6,5,2,0,5,4,0.5,0.16666667,0.16666667,4,0,3,0,1,0,4,0,0,0,1,0,0,1,0,0,0,0,0,26,3,0,0,1,0,0,0,2,0,2,1,0,0,0,61,1,0
C:\Users\All Five Projects\spring-batch-main\spring-batch-infrastructure\src\main\java\org\springframework\batch\item\file\transform\DefaultFieldSetFactory.java,org.springframework.batch.item.file.transform.DefaultFieldSetFactory,class,4,6,2,4,6,1,0,0,0,0.33333334,0.6,0.6666667,6,0,6,0,0,0,6,0,0,0,2,0,0,2,0,0,0,0,0,22,2,0,0,0,0,0,0,4,0,2,0,0,0,0,52,1,0
C:\Users\All Five Projects\spring-batch-main\spring-batch-infrastructure\src\test\java\org\springframework\batch\item\file\mapping\BeanWrapperFieldSetMapperTests.java,org.springframework.batch.item.file.mapping.BeanWrapperFieldSetMapperTests$TestNestedList,innerclass,1,1,0,1,2,1,0,0,0,0.0,1.0,1.0,2,0,2,0,0,0,2,0,0,0,1,0,0,0,0,1,0,0,0,9,1,0,0,0,0,0,0,2,0,1,0,0,0,0,7,10,0
C:\Users\All Five Projects\spring-batch-main\spring-batch-core\src\test\java\org\springframework\batch\core\converter\StringToLocalDateTimeConverterTests.java,org.springframework.batch.core.converter.StringToLocalDateTimeConverterTests,class,2,2,0,2,1,1,0,3,0,0.0,NaN,NaN,1,0,0,0,0,1,1,0,0,0,1,0,0,1,0,0,1,0,1,8,0,0,0,0,0,1,0,3,0,3,0,0,0,0,15,0,0
C:\Users\All Five Projects\spring-batch-main\spring-batch-infrastructure\src\main\java\org\springframework\batch\item\mail\SimpleMailMessageItemWriter.java,org.springframework.batch.item.mail.SimpleMailMessageItemWriter,class,7,9,2,7,7,1,0,10,0,0.375,0.6666667,1.0,4,0,4,0,0,0,4,0,0,0,2,0,0,2,0,0,0,0,0,24,0,1,1,1,0,1,0,4,0,3,2,0,0,0,115,1,0
C:\Users\All Five Projects\spring-batch-main\spring-batch-core\src\test\java\org\springframework\batch\core\step\tasklet\AsyncTaskletStepTests.java,org.springframework.batch.core.step.tasklet.AsyncTaskletStepTests,class,22,23,1,22,9,1,0,30,0,0.2888889,1.0,1.0,5,0,0,1,0,4,4,0,0,0,9,1,0,8,0,1,2,0,4,98,1,0,0,0,0,26,20,31,8,23,2,1,0,2,64,0,2
C:\Users\All Five Projects\spring-batch-main\spring-batch-core\src\test\java\org\springframework\batch\core\configuration\xml\FailingTasklet.java,org.springframework.batch.core.configuration.xml.FailingTasklet,class,5,5,0,5,1,2,0,1,0,0.0,NaN,NaN,1,0,1,0,0,0,1,0,0,0,0,0,0,0,0,0,0,0,0,6,0,0,0,0,0,0,0,0,0,0,0,0,0,0,22,1,0
C:\Users\All Five Projects\spring-batch-main\spring-batch-core\src\test\java\org\springframework\batch\core\launch\TaskExecutorJobLauncherTests.java,org.springframework.batch.core.launch.TaskExecutorJobLauncherTests,class,20,21,1,20,17,1,0,35,38,0.5588236,0.2857143,0.34285715,17,0,0,2,0,15,15,0,0,0,4,0,0,4,0,0,1,0,2,158,0,0,0,2,0,13,6,24,1,20,1,5,0,11,86,0,0
C:\Users\All Five Projects\spring-batch-main\spring-batch-core\src\test\java\org\springframework\batch\core\listener\CompositeItemReadListenerTests.java,org.springframework.batch.core.listener.CompositeItemReadListenerTests,class,4,4,0,4,5,1,0,6,0,0.0,1.0,1.0,5,0,0,0,0,5,5,0,0,0,2,0,0,0,0,2,0,0,0,33,0,0,0,0,0,1,0,4,0,4,0,1,0,0,28,0,0
C:\Users\All Five Projects\spring-batch-main\spring-batch-infrastructure\src\main\java\org\springframework\batch\item\adapter\DynamicMethodInvocationException.java,org.springframework.batch.item.adapter.DynamicMethodInvocationException,class,0,3,3,0,2,4,0,0,1,1.0,0.0,0.0,2,0,2,0,0,0,2,0,0,0,1,1,0,1,0,0,1,0,0,9,0,0,0,0,0,0,1,1,0,1,0,0,0,0,45,1,0
C:\Users\All Five Projects\spring-batch-main\spring-batch-core\src\test\java\org\springframework\batch\core\repository\dao\JdbcJobExecutionDaoTests.java,org.springframework.batch.core.repository.dao.JdbcJobExecutionDaoTests,class,13,13,0,13,7,2,0,30,15,0.7857143,0.14285715,0.14285715,7,0,1,0,3,3,7,0,0,0,4,0,0,4,0,0,0,0,3,55,3,0,0,0,0,25,3,15,0,17,0,0,0,0,46,1,0
C:\Users\All Five Projects\spring-batch-main\spring-batch-infrastructure\src\main\java\org\springframework\batch\item\adapter\ItemWriterAdapter.java,org.springframework.batch.item.adapter.ItemWriterAdapter,class,4,4,0,4,2,2,0,1,0,0.0,NaN,NaN,1,0,1,0,0,0,1,0,0,0,0,0,0,0,0,0,0,0,0,7,0,1,0,0,0,0,0,0,0,0,1,0,0,0,39,1,0
C:\Users\All Five Projects\spring-batch-main\spring-batch-core\src\test\java\org\springframework\batch\core\configuration\annotation\BatchRegistrarTests.java,org.springframework.batch.core.configuration.annotation.BatchRegistrarTests$JobConfigurationWithoutTransactionManager,innerclass,3,3,0,3,1,1,0,1,0,0.0,NaN,NaN,1,0,1,0,0,0,1,0,0,0,0,0,0,0,0,0,0,0,0,5,1,0,0,0,0,0,0,0,0,0,0,0,0,0,8,9,0
C:\Users\All Five Projects\spring-batch-main\spring-batch-infrastructure\src\main\java\org\springframework\batch\repeat\exception\RethrowOnThresholdExceptionHandler.java,org.springframework.batch.repeat.exception.RethrowOnThresholdExceptionHandler,class,8,11,3,8,7,1,0,11,6,0.75,0.16666667,0.16666667,5,0,4,1,0,0,4,0,0,0,4,1,0,2,2,0,2,0,0,45,1,1,0,0,0,1,1,12,1,11,1,0,1,1,106,1,0
C:\Users\All Five Projects\spring-batch-main\spring-batch-core\src\main\java\org\springframework\batch\core\job\builder\JobBuilderHelper.java,org.springframework.batch.core.job.builder.JobBuilderHelper,class,16,21,5,16,24,1,0,26,0,0.5,0.125,0.125,16,0,11,0,5,0,16,0,0,0,2,0,0,1,1,0,2,0,0,189,12,0,6,0,0,11,2,32,0,20,1,0,1,0,115,1025,0
C:\Users\All Five Projects\spring-batch-main\spring-batch-core\src\test\java\org\springframework\batch\core\job\flow\FlowExecutionExceptionTests.java,org.springframework.batch.core.job.flow.FlowExecutionExceptionTests,class,2,2,0,2,2,1,0,3,1,0.0,0.0,0.0,2,0,0,0,0,2,2,0,0,0,0,0,0,0,0,0,0,0,0,11,0,0,0,0,0,6,0,2,0,2,0,0,0,0,15,0,0
C:\Users\All Five Projects\spring-batch-main\spring-batch-infrastructure\src\test\java\org\springframework\batch\repeat\policy\CompositeCompletionPolicyTests.java,org.springframework.batch.repeat.policy.CompositeCompletionPolicyTests,class,5,5,0,5,4,1,0,9,6,0.0,0.0,0.0,4,0,0,0,0,4,4,0,0,0,0,0,0,0,0,0,0,0,0,40,0,0,0,0,0,0,2,8,0,8,0,2,0,0,24,0,0
C:\Users\All Five Projects\spring-batch-main\spring-batch-infrastructure\src\test\java\org\springframework\batch\item\jms\JmsMethodInvocationRecovererTests.java,org.springframework.batch.item.jms.JmsMethodInvocationRecovererTests,class,3,3,0,3,1,1,0,4,0,0.0,NaN,NaN,1,0,0,0,0,1,1,0,0,0,1,0,0,1,0,0,1,0,0,9,0,0,0,0,0,2,0,2,0,2,0,0,0,0,20,0,0
C:\Users\All Five Projects\spring-batch-main\spring-batch-infrastructure\src\main\java\org\springframework\batch\item\file\builder\MultiResourceItemReaderBuilder.java,org.springframework.batch.item.file.builder.MultiResourceItemReaderBuilder,class,5,6,1,5,10,1,0,9,7,0.69047624,0.33333334,1.0,7,0,7,0,0,0,7,0,0,0,6,0,0,6,0,0,0,0,0,51,7,0,1,0,0,3,0,9,0,7,1,0,0,0,79,1,0
C:\Users\All Five Projects\spring-batch-main\spring-batch-infrastructure\src\main\java\org\springframework\batch\item\jms\JmsMethodInvocationRecoverer.java,org.springframework.batch.item.jms.JmsMethodInvocationRecoverer,class,6,7,1,6,4,1,0,4,0,0.25,1.0,1.0,2,0,2,0,0,0,2,0,0,0,2,0,0,1,1,0,0,0,0,19,1,1,0,1,0,1,0,2,0,2,2,0,0,0,44,1,1
C:\Users\All Five Projects\spring-batch-main\spring-batch-core\src\test\java\org\springframework\batch\core\test\timeout\LoggingItemWriter.java,org.springframework.batch.core.test.timeout.LoggingItemWriter,class,4,5,1,4,1,1,0,2,0,0.0,NaN,NaN,1,0,1,0,0,0,1,0,0,0,1,0,0,0,1,0,0,0,0,6,0,0,0,0,0,0,0,1,0,1,0,0,0,0,6,1,1
C:\Users\All Five Projects\spring-batch-main\spring-batch-integration\src\main\java\org\springframework\batch\integration\chunk\ChunkProcessorChunkHandler.java,org.springframework.batch.integration.chunk.ChunkProcessorChunkHandler,class,13,16,3,13,11,1,0,13,0,0.5,0.33333334,0.33333334,4,0,3,1,0,0,3,0,0,0,2,1,0,2,0,0,1,0,0,44,3,0,2,1,0,7,0,8,3,6,2,0,0,0,89,1,3
C:\Users\All Five Projects\spring-batch-main\spring-batch-core\src\test\java\org\springframework\batch\core\test\repository\H2JobRepositoryIntegrationTests.java,org.springframework.batch.core.test.repository.H2JobRepositoryIntegrationTests$TestConfiguration,innerclass,10,10,0,10,3,1,0,6,3,0.0,0.0,0.0,3,0,3,0,0,0,3,0,0,0,0,0,0,0,0,0,0,0,0,11,3,0,0,0,0,3,0,0,0,2,0,0,0,1,23,8,0
C:\Users\All Five Projects\spring-batch-main\spring-batch-core\src\test\java\org\springframework\batch\core\partition\VanillaIntegrationTests.java,org.springframework.batch.core.partition.VanillaIntegrationTests,class,7,7,0,7,3,1,0,4,0,0.44444445,0.6666667,1.0,3,0,1,0,0,2,3,0,0,0,3,0,0,3,0,0,0,0,0,20,0,0,0,0,0,9,2,5,2,7,0,0,0,0,34,1,0
C:\Users\All Five Projects\spring-batch-main\spring-batch-core\src\test\java\org\springframework\batch\core\step\skip\SkipPolicyFailedExceptionTests.java,org.springframework.batch.core.step.skip.SkipPolicyFailedExceptionTests,class,2,2,0,2,1,2,0,0,0,0.0,NaN,NaN,1,0,1,0,0,0,1,0,0,0,0,0,0,0,0,0,0,0,0,5,1,0,0,0,0,0,0,0,0,0,0,0,0,0,13,1,0
C:\Users\All Five Projects\spring-batch-main\spring-batch-core\src\main\java\org\springframework\batch\core\configuration\xml\ChunkElementParser.java,org.springframework.batch.core.configuration.xml.ChunkElementParser,class,19,21,2,19,41,1,0,43,15,0.82857144,NaN,NaN,7,0,0,6,1,0,1,0,0,0,10,10,0,10,0,0,10,0,6,180,0,2,13,0,0,80,12,43,8,41,4,0,0,0,162,1,7
C:\Users\All Five Projects\spring-batch-main\spring-batch-core\src\test\java\org\springframework\batch\core\repository\dao\Jackson2ExecutionContextStringSerializerTests.java,org.springframework.batch.core.repository.dao.Jackson2ExecutionContextStringSerializerTests$Person,innerclass,2,2,0,2,0,1,0,0,0,NaN,-1.0,-1.0,0,0,0,0,0,0,0,0,0,0,3,0,3,0,0,0,0,0,0,5,0,0,0,0,0,0,0,0,0,3,0,0,0,0,7,9,0
C:\Users\All Five Projects\spring-batch-main\spring-batch-core\src\test\java\org\springframework\batch\core\scope\context\StepContextRepeatCallbackTests.java,org.springframework.batch.core.scope.context.StepContextRepeatCallbackTests$Anonymous1,anonymous,3,3,0,3,1,1,0,5,0,0.0,NaN,NaN,1,0,1,0,0,0,1,0,0,0,0,0,0,0,0,0,0,0,1,6,1,0,0,0,0,0,1,0,0,0,0,0,0,0,10,-1,0
C:\Users\All Five Projects\spring-batch-main\spring-batch-core\src\test\java\org\springframework\batch\core\step\builder\StepBuilderTests.java,org.springframework.batch.core.step.builder.StepBuilderTests$AnnotationBasedChunkListener,innerclass,3,3,0,3,4,1,0,0,0,0.5,0.5,1.0,4,0,4,0,0,0,4,0,0,0,3,3,0,0,0,3,0,0,0,19,0,0,0,0,0,0,6,6,0,3,0,0,0,0,8,9,0
C:\Users\All Five Projects\spring-batch-main\spring-batch-infrastructure\src\test\java\org\springframework\batch\item\mail\javamail\MimeMessageItemWriterTests.java,org.springframework.batch.item.mail.javamail.MimeMessageItemWriterTests,class,9,9,0,9,6,1,0,17,0,0.083333336,1.0,1.0,4,0,0,0,0,4,4,0,0,0,3,0,0,3,0,0,3,0,2,44,0,0,2,0,0,5,0,13,0,15,1,0,0,2,43,0,0
C:\Users\All Five Projects\spring-batch-main\spring-batch-samples\src\main\java\org\springframework\batch\samples\domain\trade\CustomerOperation.java,org.springframework.batch.samples.domain.trade.CustomerOperation,enum,1,4,3,1,6,1,0,5,0,0.16666667,0.5,0.5,3,1,2,0,0,1,4,0,0,0,2,1,0,2,0,0,2,0,1,23,2,1,0,0,0,2,0,2,1,2,1,0,0,0,38,1,0
C:\Users\All Five Projects\spring-batch-main\spring-batch-core\src\test\java\org\springframework\batch\core\scope\context\StepContextRepeatCallbackTests.java,org.springframework.batch.core.scope.context.StepContextRepeatCallbackTests$Anonymous2,anonymous,3,3,0,3,2,1,0,3,0,0.0,NaN,NaN,1,0,1,0,0,0,1,0,0,0,0,0,0,0,0,0,0,0,0,13,1,0,0,0,0,4,0,2,0,0,1,0,0,0,12,-1,0
C:\Users\All Five Projects\spring-batch-main\spring-batch-core\src\main\java\org\springframework\batch\core\configuration\annotation\AutomaticJobRegistrarBeanPostProcessor.java,org.springframework.batch.core.configuration.annotation.AutomaticJobRegistrarBeanPostProcessor,class,7,7,0,7,4,1,0,5,0,0.0,1.0,1.0,2,0,2,0,0,0,2,0,0,0,1,0,0,1,0,0,0,0,0,16,2,1,0,0,0,0,0,1,0,1,2,0,0,0,36,0,0
C:\Users\All Five Projects\spring-batch-main\spring-batch-infrastructure\src\test\java\org\springframework\batch\item\support\builder\CompositeItemWriterBuilderTests.java,org.springframework.batch.item.support.builder.CompositeItemWriterBuilderTests,class,8,9,1,8,8,1,0,11,6,0.0,0.0,0.0,4,0,0,1,0,3,3,0,0,0,0,0,0,0,0,0,0,0,0,48,0,3,0,0,0,3,4,18,0,17,1,0,0,0,50,0,0
C:\Users\All Five Projects\spring-batch-main\spring-batch-core\src\test\java\org\springframework\batch\core\step\builder\RegisterMultiListenerTests.java,org.springframework.batch.core.step.builder.RegisterMultiListenerTests$MultiListenerFaultTolerantTestConfiguration,innerclass,13,13,0,13,3,2,0,16,3,0.0,0.0,0.0,3,0,3,0,0,0,3,0,0,0,0,0,0,0,0,0,0,0,0,11,3,0,0,0,0,3,2,0,0,0,0,0,0,0,34,9,0
C:\Users\All Five Projects\spring-batch-main\spring-batch-samples\src\main\java\org\springframework\batch\samples\file\fixed\FixedLengthJobConfiguration.java,org.springframework.batch.samples.file.fixed.FixedLengthJobConfiguration,class,23,24,1,23,3,1,0,14,3,0.0,0.0,0.0,3,0,3,0,0,0,3,0,0,0,0,0,0,0,0,0,0,0,0,11,3,0,0,0,0,11,5,0,0,0,0,0,0,0,23,1,0
C:\Users\All Five Projects\spring-batch-main\spring-batch-infrastructure\src\test\java\org\springframework\batch\support\AnnotationMethodResolverTests.java,org.springframework.batch.support.AnnotationMethodResolverTests,class,6,6,0,6,3,1,0,4,3,0.0,0.0,0.0,3,0,0,0,0,3,3,0,0,0,0,0,0,0,0,0,0,0,0,41,0,0,0,0,0,0,0,5,0,5,0,0,3,1,20,0,0
C:\Users\All Five Projects\spring-batch-main\spring-batch-core\src\main\java\org\springframework\batch\core\launch\JobExecutionNotFailedException.java,org.springframework.batch.core.launch.JobExecutionNotFailedException,class,1,3,2,1,2,4,0,0,1,0.0,0.0,0.0,2,0,2,0,0,0,2,0,0,0,0,0,0,0,0,0,0,0,0,8,0,0,0,0,0,0,0,0,0,0,0,0,0,0,37,1,0
C:\Users\All Five Projects\spring-batch-main\spring-batch-core\src\test\java\org\springframework\batch\core\step\item\FaultTolerantStepFactoryBeanRollbackTests.java,org.springframework.batch.core.step.item.FaultTolerantStepFactoryBeanRollbackTests$ExceptionThrowingChunkListener,innerclass,2,2,0,2,7,1,0,0,0,0.0,1.0,1.0,4,0,4,0,0,0,4,0,0,0,1,0,0,1,0,0,1,0,0,21,0,0,3,0,0,3,3,1,0,1,1,0,0,0,14,8,0
C:\Users\All Five Projects\spring-batch-main\spring-batch-core\src\test\java\org\springframework\batch\core\configuration\annotation\StepScopeConfigurationTests.java,org.springframework.batch.core.configuration.annotation.StepScopeConfigurationTests$StepScopeConfigurationInjectingProxy,innerclass,7,7,0,7,2,1,0,0,1,0.0,0.0,0.0,2,0,1,0,1,0,2,0,0,0,0,0,0,0,0,0,0,0,0,8,2,0,0,0,0,2,0,0,0,0,0,0,0,0,10,9,0
C:\Users\All Five Projects\spring-batch-main\spring-batch-core\src\main\java\org\springframework\batch\core\step\tasklet\TaskletStep.java,org.springframework.batch.core.step.tasklet.TaskletStep$ChunkTransactionCallback,innerclass,12,12,0,12,25,1,0,44,0,0.51428574,1.0,1.0,5,0,3,2,0,0,3,0,0,0,7,0,0,7,0,0,3,0,1,132,1,0,4,6,0,13,0,16,6,10,4,0,0,0,84,2,9
C:\Users\All Five Projects\spring-batch-main\spring-batch-core\src\test\java\org\springframework\batch\core\configuration\xml\StepWithSimpleTaskJobParserTests.java,org.springframework.batch.core.configuration.xml.StepWithSimpleTaskJobParserTests,class,15,16,1,15,2,1,0,15,0,0.33333334,NaN,NaN,2,0,0,1,0,1,1,0,0,0,3,0,0,3,0,0,0,0,0,32,1,0,0,0,1,12,1,8,1,11,0,0,0,0,39,0,0
C:\Users\All Five Projects\spring-batch-main\spring-batch-infrastructure\src\test\java\org\springframework\batch\item\json\JsonItemReaderFunctionalTests.java,org.springframework.batch.item.json.JsonItemReaderFunctionalTests,class,11,14,3,11,7,1,2,22,21,0.0,0.0,0.0,7,0,0,0,2,5,7,2,0,0,0,0,0,0,0,0,0,0,0,63,0,0,0,0,0,26,6,14,0,10,0,0,0,1,47,1024,0
C:\Users\All Five Projects\spring-batch-main\spring-batch-core\src\main\java\org\springframework\batch\core\converter\LocalTimeToStringConverter.java,org.springframework.batch.core.converter.LocalTimeToStringConverter,class,2,8,6,2,1,2,0,1,0,0.0,NaN,NaN,1,0,1,0,0,0,1,0,0,0,0,0,0,0,0,0,0,0,0,5,1,0,0,0,0,0,0,0,0,0,0,0,0,0,21,1,0
C:\Users\All Five Projects\spring-batch-main\spring-batch-core\src\test\java\org\springframework\batch\core\launch\support\StubJobLauncher.java,org.springframework.batch.core.launch.support.StubJobLauncher,class,4,4,0,4,6,1,0,0,9,0.8055556,0.2,0.26666668,6,0,6,0,0,0,6,0,0,0,6,3,3,3,0,0,3,0,0,26,3,0,0,0,0,0,3,9,0,6,0,0,0,0,63,1,0
C:\Users\All Five Projects\spring-batch-main\spring-batch-core\src\main\java\org\springframework\batch\core\listener\JobParameterExecutionContextCopyListener.java,org.springframework.batch.core.listener.JobParameterExecutionContextCopyListener,class,5,6,1,5,5,1,0,9,0,0.0,1.0,1.0,2,0,2,0,0,0,2,0,0,0,1,0,0,1,0,0,0,0,1,19,0,1,1,0,0,0,0,6,0,4,2,0,0,0,61,1,0
C:\Users\All Five Projects\spring-batch-main\spring-batch-infrastructure\src\test\java\org\springframework\batch\item\kafka\KafkaItemWriterTests.java,org.springframework.batch.item.kafka.KafkaItemWriterTests$KafkaItemKeyMapper,innerclass,1,1,0,1,1,1,0,0,0,0.0,NaN,NaN,1,0,1,0,0,0,1,0,0,0,0,0,0,0,0,0,0,0,0,5,1,0,0,0,0,0,0,0,0,0,0,0,0,0,6,8,0
C:\Users\All Five Projects\spring-batch-main\spring-batch-integration\src\test\java\org\springframework\batch\integration\SmokeTests.java,org.springframework.batch.integration.SmokeTests$AnnotatedEndpoint,innerclass,2,2,0,2,1,1,0,0,0,0.0,NaN,NaN,1,0,1,0,0,0,1,0,0,0,1,1,0,1,0,0,0,0,0,8,1,0,0,0,0,3,1,2,1,2,0,0,0,0,8,8,0
C:\Users\All Five Projects\spring-batch-main\spring-batch-core\src\main\java\org\springframework\batch\core\configuration\xml\TopLevelStepParser.java,org.springframework.batch.core.configuration.xml.TopLevelStepParser,class,6,7,1,6,1,2,0,3,0,0.0,NaN,NaN,1,0,0,0,1,0,1,0,0,0,1,1,0,1,0,0,1,0,1,7,1,0,0,0,0,0,0,1,0,1,0,0,0,0,31,1,0
C:\Users\All Five Projects\spring-batch-main\spring-batch-samples\src\test\java\org\springframework\batch\samples\adapter\tasklet\TaskletAdapterJobFunctionalTests.java,org.springframework.batch.samples.adapter.tasklet.TaskletAdapterJobFunctionalTests,class,6,6,0,6,1,1,0,7,0,0.0,NaN,NaN,1,0,0,0,0,1,1,0,0,0,1,0,0,1,0,0,0,0,0,20,0,0,0,0,0,6,0,1,0,2,0,0,1,0,26,0,0
C:\Users\All Five Projects\spring-batch-main\spring-batch-infrastructure\src\test\java\org\springframework\batch\item\file\mapping\BeanWrapperFieldSetMapperTests.java,org.springframework.batch.item.file.mapping.BeanWrapperFieldSetMapperTests$TestNestedB,innerclass,1,1,0,1,4,1,0,0,2,0.5,0.33333334,0.33333334,4,0,4,0,0,0,4,0,0,0,2,0,0,2,0,0,0,0,0,16,2,0,0,0,0,0,0,2,0,2,0,0,0,0,11,9,0
C:\Users\All Five Projects\spring-batch-main\spring-batch-infrastructure\src\test\java\org\springframework\batch\item\file\mapping\BeanWrapperFieldSetMapperTests.java,org.springframework.batch.item.file.mapping.BeanWrapperFieldSetMapperTests$TestNestedC,innerclass,0,0,0,0,2,1,0,0,0,0.0,1.0,1.0,2,0,2,0,0,0,2,0,0,0,1,0,0,1,0,0,0,0,0,9,1,0,0,0,0,0,0,1,0,1,0,0,0,0,7,9,0
C:\Users\All Five Projects\spring-batch-main\spring-batch-samples\src\test\java\org\springframework\batch\samples\validation\ValidationSampleFunctionalTests.java,org.springframework.batch.samples.validation.ValidationSampleFunctionalTests,class,10,10,0,10,1,1,0,8,0,0.0,NaN,NaN,1,0,0,0,0,1,1,0,0,0,3,0,0,3,0,0,0,0,0,13,0,0,0,0,0,1,2,3,0,6,0,0,0,0,25,0,0
C:\Users\All Five Projects\spring-batch-main\spring-batch-infrastructure\src\test\java\org\springframework\batch\item\file\mapping\BeanWrapperFieldSetMapperTests.java,org.springframework.batch.item.file.mapping.BeanWrapperFieldSetMapperTests$TestNestedA,innerclass,1,1,0,1,6,1,0,0,9,0.6666667,0.2,0.2,6,0,6,0,0,0,6,0,0,0,3,0,0,2,0,1,0,0,0,23,3,0,0,0,0,0,0,3,0,3,0,0,0,0,10,9,0
C:\Users\All Five Projects\spring-batch-main\spring-batch-core\src\main\java\org\springframework\batch\core\configuration\xml\JobParser.java,org.springframework.batch.core.configuration.xml.JobParser,class,17,19,2,17,19,2,0,36,3,0.6666667,0.0,0.0,3,0,1,0,2,0,3,0,0,0,5,5,0,5,0,0,5,0,5,92,6,2,5,0,1,30,3,24,2,24,3,0,0,0,122,1,4
C:\Users\All Five Projects\spring-batch-main\spring-batch-core\src\main\java\org\springframework\batch\core\configuration\support\GenericApplicationContextFactory.java,org.springframework.batch.core.configuration.support.GenericApplicationContextFactory$ResourceXmlApplicationContext$1ResourceXmlApplicationContextHelper,innerclass,4,4,0,4,5,2,0,7,3,0.0,0.0,0.0,3,0,0,0,2,1,3,0,0,0,0,0,0,0,0,0,0,0,3,22,2,1,0,1,0,0,2,3,0,3,2,0,0,0,20,0,0
C:\Users\All Five Projects\spring-batch-main\spring-batch-infrastructure\src\test\java\org\springframework\batch\item\adapter\AbstractDelegatorTests.java,org.springframework.batch.item.adapter.AbstractDelegatorTests$ConcreteDelegator,innerclass,1,1,0,1,0,2,0,0,0,0.0,-1.0,-1.0,0,0,0,0,0,0,0,0,0,0,0,0,0,0,0,0,0,0,0,2,0,0,0,0,0,0,0,0,0,0,0,0,0,0,2,10,0
C:\Users\All Five Projects\spring-batch-main\spring-batch-samples\src\main\java\org\springframework\batch\samples\metrics\Job2Configuration.java,org.springframework.batch.samples.metrics.Job2Configuration,class,13,15,2,13,8,1,0,13,4,0.4,0.3,0.3,5,0,5,0,0,0,5,0,0,0,1,0,0,1,0,0,1,0,0,32,4,2,1,0,0,4,6,4,2,5,3,0,0,1,24,1,0
C:\Users\All Five Projects\spring-batch-main\spring-batch-core\src\main\java\org\springframework\batch\core\scope\BatchScopeSupport.java,org.springframework.batch.core.scope.BatchScopeSupport$Scopifier,innerclass,5,5,0,5,6,2,0,7,0,0.0,1.0,1.0,2,0,1,0,1,0,2,0,0,0,4,0,0,4,0,0,4,0,1,34,2,0,1,0,0,0,0,13,0,9,2,0,0,1,40,12,0
C:\Users\All Five Projects\spring-batch-main\spring-batch-samples\src\main\java\org\springframework\batch\samples\common\OutputFileNameListener.java,org.springframework.batch.samples.common.OutputFileNameListener,class,0,0,0,0,0,1,0,0,0,0.0,-1.0,-1.0,0,0,0,0,0,0,0,0,0,0,0,0,0,0,0,0,0,0,0,2,0,0,0,0,0,0,0,0,0,0,0,0,0,0,4,1,0
C:\Users\All Five Projects\spring-batch-main\spring-batch-core\src\test\java\org\springframework\batch\core\configuration\xml\JobParserValidatorTests.java,org.springframework.batch.core.configuration.xml.JobParserValidatorTests,class,10,10,0,10,4,1,0,7,4,0.6666667,0.16666667,0.16666667,4,0,0,0,0,4,4,0,0,0,3,0,0,3,0,0,0,0,0,30,0,0,0,0,0,9,1,5,0,8,0,0,0,3,25,0,0
C:\Users\All Five Projects\spring-batch-main\spring-batch-core\src\test\java\org\springframework\batch\core\test\repository\SQLServerJobRepositoryIntegrationTests.java,org.springframework.batch.core.test.repository.SQLServerJobRepositoryIntegrationTests,class,15,15,0,15,2,1,0,9,1,0.7,0.0,0.0,2,0,0,0,0,2,2,0,0,0,5,2,1,4,0,0,1,0,0,33,0,0,0,0,0,2,0,5,0,8,0,0,1,0,59,0,0
C:\Users\All Five Projects\spring-batch-main\spring-batch-infrastructure\src\test\java\org\springframework\batch\repeat\support\RepeatSynchronizationManagerTests.java,org.springframework.batch.repeat.support.RepeatSynchronizationManagerTests,class,5,5,0,5,6,1,0,10,3,0.33333334,0.4,0.4,6,0,0,0,0,6,6,0,0,0,1,0,0,1,0,0,1,0,0,35,0,0,0,0,0,0,0,2,0,2,0,0,0,0,27,0,0
C:\Users\All Five Projects\spring-batch-main\spring-batch-samples\src\test\java\org\springframework\batch\samples\compositewriter\CompositeItemWriterSampleFunctionalTests.java,org.springframework.batch.samples.compositewriter.CompositeItemWriterSampleFunctionalTests,class,8,9,1,8,5,1,0,10,0,0.625,1.0,1.0,4,0,1,2,0,1,2,0,0,0,4,2,0,4,0,0,2,0,0,50,0,1,0,0,0,14,1,8,2,9,1,2,0,0,71,0,0
C:\Users\All Five Projects\spring-batch-main\spring-batch-infrastructure\src\main\java\org\springframework\batch\item\data\MongoItemWriter.java,org.springframework.batch.item.data.MongoItemWriter$Anonymous1,anonymous,3,3,0,3,5,1,0,5,1,0.0,0.0,0.0,2,0,2,0,0,0,2,0,0,0,0,0,0,0,0,0,0,0,0,15,0,0,0,0,0,0,0,1,0,1,2,0,0,0,12,-1,0
C:\Users\All Five Projects\spring-batch-main\spring-batch-infrastructure\src\test\java\org\springframework\batch\item\data\builder\Neo4jItemReaderBuilderTests.java,org.springframework.batch.item.data.builder.Neo4jItemReaderBuilderTests,class,9,10,1,9,13,1,0,28,0,0.5641026,0.8333333,0.8333333,13,0,0,1,0,12,12,0,0,0,3,0,0,3,0,0,0,0,3,65,0,0,0,0,0,107,18,7,0,10,0,0,0,0,93,0,0
C:\Users\All Five Projects\spring-batch-main\spring-batch-samples\src\main\java\org\springframework\batch\samples\loom\JobConfigurationForRunningPartitionedStepsWithVirtualThreads.java,org.springframework.batch.samples.loom.JobConfigurationForRunningPartitionedStepsWithVirtualThreads,class,20,21,1,20,6,1,0,11,10,0.0,0.0,0.0,5,0,5,0,0,0,5,0,0,0,0,0,0,0,0,0,0,0,0,31,7,1,0,0,0,9,2,4,3,7,2,0,0,2,47,1,0
C:\Users\All Five Projects\spring-batch-main\spring-batch-core\src\test\java\org\springframework\batch\core\step\tasklet\SimpleSystemProcessExitCodeMapperTests.java,org.springframework.batch.core.step.tasklet.SimpleSystemProcessExitCodeMapperTests,class,2,2,0,2,1,1,0,2,0,0.0,NaN,NaN,1,0,0,0,0,1,1,0,0,0,1,0,0,1,0,0,1,0,0,8,0,0,0,0,0,0,3,1,0,1,0,0,0,0,12,0,0
C:\Users\All Five Projects\spring-batch-main\spring-batch-samples\src\main\java\org\springframework\batch\samples\domain\person\PersonService.java,org.springframework.batch.samples.domain.person.PersonService,class,3,4,1,3,5,1,0,7,2,0.5833333,0.33333334,0.33333334,4,0,4,0,0,0,4,0,0,0,3,1,0,3,0,0,1,0,0,32,4,0,0,0,0,3,5,7,4,7,1,0,0,0,45,1,0
C:\Users\All Five Projects\spring-batch-main\spring-batch-infrastructure\src\main\java\org\springframework\batch\item\kafka\builder\KafkaItemWriterBuilder.java,org.springframework.batch.item.kafka.builder.KafkaItemWriterBuilder,class,7,8,1,7,5,1,0,5,2,0.6,0.4,1.0,5,0,5,0,0,0,5,0,0,0,4,0,0,4,0,0,0,0,0,32,5,0,0,0,0,2,1,6,0,5,0,0,0,0,73,1,0
C:\Users\All Five Projects\spring-batch-main\spring-batch-core\src\test\java\org\springframework\batch\core\listener\ItemListenerErrorTests.java,org.springframework.batch.core.listener.ItemListenerErrorTests,class,19,19,0,19,4,2,0,18,0,0.33333334,1.0,1.0,4,0,0,0,0,4,4,0,0,0,6,0,0,6,0,0,0,0,0,163,0,0,0,0,0,7,3,6,0,12,0,0,5,0,50,0,0
C:\Users\All Five Projects\spring-batch-main\spring-batch-infrastructure\src\test\java\org\springframework\batch\item\xml\StaxEventItemWriterTests.java,org.springframework.batch.item.xml.StaxEventItemWriterTests$Anonymous2,anonymous,1,1,0,1,1,1,0,1,0,0.0,NaN,NaN,1,0,1,0,0,0,1,0,0,0,0,0,0,0,0,0,0,0,0,5,1,0,0,0,0,1,0,0,1,0,0,0,0,0,2,-1,0
C:\Users\All Five Projects\spring-batch-main\spring-batch-infrastructure\src\test\java\org\springframework\batch\item\xml\StaxEventItemWriterTests.java,org.springframework.batch.item.xml.StaxEventItemWriterTests$Anonymous1,anonymous,1,1,0,1,1,1,0,1,0,0.0,NaN,NaN,1,0,1,0,0,0,1,0,0,0,0,0,0,0,0,0,0,0,0,5,1,0,0,0,0,1,0,0,1,0,0,0,0,0,2,-1,0
C:\Users\All Five Projects\spring-batch-main\spring-batch-test\src\test\java\org\springframework\batch\test\SampleStepTests.java,org.springframework.batch.test.SampleStepTests,class,12,12,0,12,4,1,0,8,0,0.55,0.6666667,1.0,4,0,1,0,0,3,4,0,0,0,5,0,0,5,0,0,0,0,0,22,0,0,0,0,0,6,1,3,0,6,0,0,0,0,44,0,0
C:\Users\All Five Projects\spring-batch-main\spring-batch-core\src\main\java\org\springframework\batch\core\configuration\xml\TopLevelFlowParser.java,org.springframework.batch.core.configuration.xml.TopLevelFlowParser,class,6,7,1,6,2,3,0,9,0,0.0,NaN,NaN,1,0,0,0,1,0,1,0,0,0,1,1,0,1,0,0,1,0,1,15,0,0,0,0,0,5,0,3,0,3,1,0,0,0,40,1,0
C:\Users\All Five Projects\spring-batch-main\spring-batch-core\src\test\java\org\springframework\batch\core\step\tasklet\CallableTaskletAdapterTests.java,org.springframework.batch.core.step.tasklet.CallableTaskletAdapterTests,class,2,2,0,2,3,1,0,4,3,0.0,0.0,0.0,3,0,1,0,0,2,3,0,0,0,0,0,0,0,0,0,0,0,0,14,0,0,0,0,0,0,0,2,0,2,0,0,0,2,17,0,0
C:\Users\All Five Projects\spring-batch-main\spring-batch-infrastructure\src\test\java\org\springframework\batch\item\xml\StaxEventItemWriterTests.java,org.springframework.batch.item.xml.StaxEventItemWriterTests$Anonymous3,anonymous,1,1,0,1,2,1,0,3,0,0.0,NaN,NaN,1,0,1,0,0,0,1,0,0,0,0,0,0,0,0,0,0,0,1,11,0,0,0,1,0,1,0,0,0,0,1,0,0,0,12,-1,0
C:\Users\All Five Projects\spring-batch-main\spring-batch-test\src\test\java\org\springframework\batch\test\StepScopeAnnotatedListenerIntegrationTests.java,org.springframework.batch.test.StepScopeAnnotatedListenerIntegrationTests$TestConfig,innerclass,19,19,0,19,8,1,0,14,26,0.75,0.035714287,0.035714287,8,0,7,0,0,1,8,0,0,0,1,0,0,1,0,0,0,0,0,38,8,0,0,0,0,4,1,2,0,4,1,1,0,1,36,8,0
C:\Users\All Five Projects\spring-batch-main\spring-batch-samples\src\main\java\org\springframework\batch\samples\domain\trade\internal\TradeProcessor.java,org.springframework.batch.samples.domain.trade.internal.TradeProcessor,class,4,4,0,4,6,1,0,1,0,0.33333334,1.0,1.0,2,0,2,0,0,0,2,0,0,0,3,0,0,3,0,0,0,0,0,15,1,0,3,0,2,1,2,5,1,3,1,0,0,0,26,1,0
C:\Users\All Five Projects\spring-batch-main\spring-batch-samples\src\main\java\org\springframework\batch\samples\partitioning\remote\BasicPartitioner.java,org.springframework.batch.samples.partitioning.remote.BasicPartitioner,class,2,4,2,2,2,2,0,3,0,0.0,NaN,NaN,1,0,1,0,0,0,1,0,0,0,1,1,0,1,0,0,1,0,0,11,1,1,0,0,1,1,1,3,1,3,1,0,0,0,27,1,0
C:\Users\All Five Projects\spring-batch-main\spring-batch-core\src\test\java\org\springframework\batch\core\test\repository\SQLServerJobRepositoryIntegrationTests.java,org.springframework.batch.core.test.repository.SQLServerJobRepositoryIntegrationTests$TestConfiguration,innerclass,10,10,0,10,3,1,0,9,3,0.0,0.0,0.0,3,0,3,0,0,0,3,0,0,0,0,0,0,0,0,0,0,0,0,15,3,0,0,0,0,2,0,1,0,3,0,0,0,1,20,8,0
C:\Users\All Five Projects\spring-batch-main\spring-batch-core\src\test\java\org\springframework\batch\core\step\tasklet\SystemCommandTaskletIntegrationTests.java,org.springframework.batch.core.step.tasklet.SystemCommandTaskletIntegrationTests,class,22,23,1,22,22,1,0,50,0,0.58823526,1.0,1.0,17,0,4,3,0,10,14,0,0,0,4,1,0,4,0,0,2,0,7,170,2,0,0,1,0,50,13,36,5,37,1,0,0,6,110,0,4
C:\Users\All Five Projects\spring-batch-main\spring-batch-core\src\test\java\org\springframework\batch\core\test\concurrent\ConcurrentTransactionTests.java,org.springframework.batch.core.test.concurrent.ConcurrentTransactionTests,class,10,10,0,10,1,1,0,3,0,0.0,NaN,NaN,1,0,0,0,0,1,1,0,0,0,2,0,0,2,0,0,0,0,0,91,0,0,0,0,0,0,0,1,0,3,0,0,2,0,22,0,0
C:\Users\All Five Projects\spring-batch-main\spring-batch-core\src\test\java\org\springframework\batch\core\resource\JdbcCursorItemReaderPreparedStatementIntegrationTests.java,org.springframework.batch.core.resource.JdbcCursorItemReaderPreparedStatementIntegrationTests,class,11,11,0,11,3,1,0,17,0,0.33333334,0.6666667,1.0,3,0,1,0,0,2,3,0,0,0,2,0,0,1,0,1,0,0,0,32,0,0,0,0,0,2,7,6,0,5,0,0,0,0,54,1,0
C:\Users\All Five Projects\spring-batch-main\spring-batch-core\src\test\java\org\springframework\batch\core\test\repository\JobSupport.java,org.springframework.batch.core.test.repository.JobSupport,class,6,7,1,6,15,1,0,5,61,0.78571427,0.16483517,0.16483517,14,0,14,0,0,0,14,0,0,0,4,0,0,4,0,0,1,0,0,52,5,0,1,0,0,3,0,8,1,4,1,0,0,0,101,1,0
C:\Users\All Five Projects\spring-batch-main\spring-batch-infrastructure\src\test\java\org\springframework\batch\item\database\support\MySqlPagingQueryProviderIntegrationTests.java,org.springframework.batch.item.database.support.MySqlPagingQueryProviderIntegrationTests$TestConfiguration,innerclass,3,3,0,3,1,1,0,7,0,0.0,NaN,NaN,1,0,1,0,0,0,1,0,0,0,0,0,0,0,0,0,0,0,0,10,1,0,0,0,0,0,0,1,0,1,0,0,0,0,9,8,0
C:\Users\All Five Projects\spring-batch-main\spring-batch-infrastructure\src\main\java\org\springframework\batch\item\data\MongoItemReader.java,org.springframework.batch.item.data.MongoItemReader,class,15,18,3,15,25,3,0,23,61,0.8174603,0.16483517,0.6043956,14,0,11,0,3,0,14,0,0,0,9,0,0,0,9,0,0,0,0,98,6,1,7,0,0,8,0,19,0,17,2,0,0,0,184,1,0
C:\Users\All Five Projects\spring-batch-main\spring-batch-core\src\test\java\org\springframework\batch\core\partition\support\SimplePartitionerTests.java,org.springframework.batch.core.partition.support.SimplePartitionerTests,class,3,3,0,3,1,1,0,5,0,0.0,NaN,NaN,1,0,0,0,0,1,1,0,0,0,0,0,0,0,0,0,0,0,0,11,0,0,0,0,0,3,2,2,0,2,0,0,0,0,14,0,0
C:\Users\All Five Projects\spring-batch-main\spring-batch-core\src\test\java\org\springframework\batch\core\configuration\support\GenericApplicationContextFactoryTests.java,org.springframework.batch.core.configuration.support.GenericApplicationContextFactoryTests$Foo,innerclass,1,1,0,1,1,1,0,0,0,0.0,NaN,NaN,1,0,1,0,0,0,1,0,0,0,1,0,0,1,0,0,0,0,0,6,0,0,0,0,0,0,0,1,0,1,0,0,0,0,4,9,0
C:\Users\All Five Projects\spring-batch-main\spring-batch-core\src\test\java\org\springframework\batch\core\configuration\support\JobRegistrySmartInitializingSingletonTests.java,org.springframework.batch.core.configuration.support.JobRegistrySmartInitializingSingletonTests,class,11,11,0,11,7,1,0,28,0,0.5238095,0.71428573,0.71428573,7,0,0,0,0,7,7,0,0,0,3,0,0,3,0,0,3,0,1,55,0,0,0,0,0,23,2,13,0,13,0,0,0,0,67,0,0
C:\Users\All Five Projects\spring-batch-main\spring-batch-samples\src\main\java\org\springframework\batch\samples\mail\User.java,org.springframework.batch.samples.mail.User,class,0,1,1,0,8,1,0,0,10,0.625,0.32142857,0.75,8,0,8,0,0,0,8,0,0,0,3,0,0,3,0,0,0,0,0,30,3,0,0,0,0,0,0,6,0,3,0,0,0,0,13,1,0
C:\Users\All Five Projects\spring-batch-main\spring-batch-samples\src\main\java\org\springframework\batch\samples\file\patternmatching\internal\xml\Customer.java,org.springframework.batch.samples.file.patternmatching.internal.xml.Customer,class,0,1,1,0,11,1,0,0,33,0.76363635,0.2,0.4181818,11,0,11,0,0,0,11,0,0,0,5,0,0,5,0,0,0,0,0,40,6,0,0,0,0,4,0,5,1,5,0,0,0,0,23,1,0
C:\Users\All Five Projects\spring-batch-main\spring-batch-integration\src\main\java\org\springframework\batch\integration\chunk\RemoteChunkingWorkerBuilder.java,org.springframework.batch.integration.chunk.RemoteChunkingWorkerBuilder,class,10,14,4,10,6,1,0,6,2,0.64000005,0.4,1.0,5,0,5,0,0,0,5,0,0,0,5,1,0,5,0,0,1,0,0,39,5,0,1,0,0,10,0,8,0,7,1,0,0,0,94,1,0
C:\Users\All Five Projects\spring-batch-main\spring-batch-infrastructure\src\test\java\org\springframework\batch\item\xml\TransactionalStaxEventItemWriterTests.java,org.springframework.batch.item.xml.TransactionalStaxEventItemWriterTests$SimpleMarshaller,innerclass,2,2,0,2,3,1,0,5,1,0.0,0.0,0.0,2,0,2,0,0,0,2,0,0,0,0,0,0,0,0,0,0,0,2,13,1,0,0,1,0,1,0,0,0,0,1,0,0,0,24,10,0
C:\Users\All Five Projects\spring-batch-main\spring-batch-core\src\main\java\org\springframework\batch\core\job\builder\FlowBuilder.java,org.springframework.batch.core.job.builder.FlowBuilder$UnterminatedFlowBuilder,innerclass,3,3,0,3,2,1,0,0,0,0.0,1.0,1.0,2,0,2,0,0,0,2,0,0,0,1,0,0,1,0,0,1,0,0,9,1,0,0,0,0,0,0,1,0,1,0,0,0,0,48,9,0
C:\Users\All Five Projects\spring-batch-main\spring-batch-infrastructure\src\test\java\org\springframework\batch\item\database\JpaNativeQueryProviderIntegrationTests.java,org.springframework.batch.item.database.JpaNativeQueryProviderIntegrationTests,class,8,8,0,8,3,1,0,10,0,0.16666667,1.0,1.0,3,0,1,0,0,2,3,0,0,0,2,0,0,2,0,0,1,0,0,37,0,0,0,0,0,14,17,9,0,10,0,0,0,0,43,1,0
C:\Users\All Five Projects\spring-batch-main\spring-batch-infrastructure\src\test\java\org\springframework\batch\item\file\builder\FlatFileItemReaderBuilderTests.java,org.springframework.batch.item.file.builder.FlatFileItemReaderBuilderTests$Beans,innerclass,4,4,0,4,1,1,0,0,0,0.0,NaN,NaN,1,0,0,0,0,1,1,0,0,0,0,0,0,0,0,0,0,0,0,5,1,0,0,0,0,1,0,0,0,0,0,0,0,0,3,8,0
C:\Users\All Five Projects\spring-batch-main\spring-batch-infrastructure\src\main\java\org\springframework\batch\item\xml\StaxEventItemReader.java,org.springframework.batch.item.xml.StaxEventItemReader,class,13,20,7,13,51,4,0,42,121,0.8796296,0.123809524,0.52380955,18,0,9,3,6,0,15,0,0,0,12,2,1,11,0,0,2,0,0,181,12,8,7,5,5,19,2,32,5,22,3,0,0,0,197,1,2
C:\Users\All Five Projects\spring-batch-main\spring-batch-infrastructure\src\main\java\org\springframework\batch\item\file\mapping\JsonLineMapper.java,org.springframework.batch.item.file.mapping.JsonLineMapper,class,3,4,1,3,1,1,0,2,0,0.0,NaN,NaN,1,0,1,0,0,0,1,0,0,0,1,0,0,1,0,0,1,0,0,10,1,0,0,0,0,1,0,4,0,4,0,0,0,0,57,1,0
C:\Users\All Five Projects\spring-batch-main\spring-batch-core\src\test\java\org\springframework\batch\core\step\item\FaultTolerantStepFactoryBeanRetryTests.java,org.springframework.batch.core.step.item.FaultTolerantStepFactoryBeanRetryTests$Anonymous9,anonymous,0,0,0,0,1,1,0,3,0,0.0,NaN,NaN,1,0,1,0,0,0,1,0,0,0,0,0,0,0,0,0,0,0,0,6,0,0,0,0,0,0,0,0,0,0,0,0,0,0,9,-1,0
C:\Users\All Five Projects\spring-batch-main\spring-batch-core\src\test\java\org\springframework\batch\core\test\repository\MariaDBJobRepositoryIntegrationTests.java,org.springframework.batch.core.test.repository.MariaDBJobRepositoryIntegrationTests,class,15,15,0,15,2,1,0,8,1,0.7,0.0,0.0,2,0,0,0,0,2,2,0,0,0,5,2,1,4,0,0,1,0,0,33,0,0,0,0,0,2,0,5,0,8,0,0,1,0,54,0,0
C:\Users\All Five Projects\spring-batch-main\spring-batch-infrastructure\src\main\java\org\springframework\batch\item\Chunk.java,org.springframework.batch.item.Chunk$ChunkIterator,innerclass,3,3,0,3,8,1,0,7,0,0.4166667,0.53333336,0.6666667,6,0,6,0,0,0,6,0,0,0,2,0,0,2,0,0,1,0,1,32,4,0,1,0,0,1,0,3,0,2,2,0,0,0,30,1,0
C:\Users\All Five Projects\spring-batch-main\spring-batch-core\src\test\java\org\springframework\batch\core\step\item\FaultTolerantStepFactoryBeanRetryTests.java,org.springframework.batch.core.step.item.FaultTolerantStepFactoryBeanRetryTests$Anonymous8,anonymous,3,3,0,3,1,1,0,3,0,0.0,NaN,NaN,1,0,1,0,0,0,1,0,0,0,0,0,0,0,0,0,0,0,0,9,1,0,0,0,0,2,0,1,1,1,0,0,0,0,4,-1,1
C:\Users\All Five Projects\spring-batch-main\spring-batch-core\src\test\java\org\springframework\batch\core\step\item\FaultTolerantStepFactoryBeanRetryTests.java,org.springframework.batch.core.step.item.FaultTolerantStepFactoryBeanRetryTests$Anonymous7,anonymous,0,0,0,0,1,1,0,3,0,0.0,NaN,NaN,1,0,1,0,0,0,1,0,0,0,0,0,0,0,0,0,0,0,0,6,0,0,0,0,0,0,0,0,0,0,0,0,0,0,9,-1,0
C:\Users\All Five Projects\spring-batch-main\spring-batch-core\src\test\java\org\springframework\batch\core\step\item\FaultTolerantStepFactoryBeanRetryTests.java,org.springframework.batch.core.step.item.FaultTolerantStepFactoryBeanRetryTests$Anonymous6,anonymous,4,4,0,4,3,1,0,2,0,0.0,NaN,NaN,1,0,1,0,0,0,1,0,0,0,0,0,0,0,0,0,0,0,0,10,1,0,0,0,0,3,0,1,0,1,1,0,0,0,8,-1,0
C:\Users\All Five Projects\spring-batch-main\spring-batch-infrastructure\src\main\java\org\springframework\batch\item\data\builder\RepositoryItemWriterBuilder.java,org.springframework.batch.item.data.builder.RepositoryItemWriterBuilder$RepositoryMethodInterceptor,innerclass,2,2,0,2,2,1,0,1,0,0.0,1.0,1.0,2,0,1,0,0,1,2,0,0,0,1,0,0,1,0,0,0,0,0,10,2,0,0,0,0,0,0,1,0,1,0,0,0,0,11,10,0
C:\Users\All Five Projects\spring-batch-main\spring-batch-core\src\test\java\org\springframework\batch\core\step\item\FaultTolerantStepFactoryBeanRetryTests.java,org.springframework.batch.core.step.item.FaultTolerantStepFactoryBeanRetryTests$Anonymous5,anonymous,5,5,0,5,3,1,0,2,0,0.0,0.0,0.0,3,0,0,0,3,0,3,0,0,0,1,0,0,1,0,0,0,0,0,12,1,0,0,0,0,6,0,2,0,1,0,0,0,0,7,-1,0
C:\Users\All Five Projects\spring-batch-main\spring-batch-infrastructure\src\test\java\org\springframework\batch\repeat\RepeatExceptionTests.java,org.springframework.batch.repeat.RepeatExceptionTests,class,2,2,0,2,2,2,0,0,1,0.0,0.0,0.0,2,0,0,0,2,0,2,0,0,0,0,0,0,0,0,0,0,0,0,8,2,0,0,0,0,0,0,0,0,0,0,0,0,0,8,0,0
C:\Users\All Five Projects\spring-batch-main\spring-batch-core\src\test\java\org\springframework\batch\core\step\item\FaultTolerantStepFactoryBeanRetryTests.java,org.springframework.batch.core.step.item.FaultTolerantStepFactoryBeanRetryTests$Anonymous4,anonymous,4,4,0,4,2,1,0,2,0,0.0,NaN,NaN,1,0,1,0,0,0,1,0,0,0,0,0,0,0,0,0,0,0,0,11,1,0,1,0,0,1,1,1,0,1,1,0,0,0,7,-1,0
C:\Users\All Five Projects\spring-batch-main\spring-batch-core\src\test\java\org\springframework\batch\core\step\item\FaultTolerantStepFactoryBeanRetryTests.java,org.springframework.batch.core.step.item.FaultTolerantStepFactoryBeanRetryTests$Anonymous3,anonymous,3,3,0,3,1,1,0,1,0,0.0,NaN,NaN,1,0,1,0,0,0,1,0,0,0,0,0,0,0,0,0,0,0,0,6,1,0,0,0,0,0,0,0,0,0,0,0,0,0,3,-1,0
C:\Users\All Five Projects\spring-batch-main\spring-batch-core\src\test\java\org\springframework\batch\core\step\item\FaultTolerantStepFactoryBeanRetryTests.java,org.springframework.batch.core.step.item.FaultTolerantStepFactoryBeanRetryTests$Anonymous2,anonymous,3,3,0,3,1,1,0,1,0,0.0,NaN,NaN,1,0,1,0,0,0,1,0,0,0,0,0,0,0,0,0,0,0,0,6,1,0,0,0,0,0,0,0,0,0,0,0,0,0,3,-1,0
C:\Users\All Five Projects\spring-batch-main\spring-batch-core\src\test\java\org\springframework\batch\core\partition\support\DefaultStepExecutionAggregatorTests.java,org.springframework.batch.core.partition.support.DefaultStepExecutionAggregatorTests,class,5,5,0,5,7,1,0,27,0,0.3142857,1.0,1.0,7,0,0,0,0,7,7,0,0,0,5,0,0,5,0,0,5,0,6,69,0,0,0,0,0,3,25,5,0,5,0,0,0,0,33,0,0
C:\Users\All Five Projects\spring-batch-main\spring-batch-core\src\test\java\org\springframework\batch\core\test\repository\PostgreSQLJobRepositoryIntegrationTests.java,org.springframework.batch.core.test.repository.PostgreSQLJobRepositoryIntegrationTests,class,15,15,0,15,2,1,0,8,1,0.7,0.0,0.0,2,0,0,0,0,2,2,0,0,0,5,2,1,4,0,0,1,0,0,33,0,0,0,0,0,2,0,5,0,8,0,0,1,0,57,0,0
C:\Users\All Five Projects\spring-batch-main\spring-batch-infrastructure\src\main\java\org\springframework\batch\item\data\builder\RepositoryItemReaderBuilder.java,org.springframework.batch.item.data.builder.RepositoryItemReaderBuilder,class,5,6,1,5,13,1,0,15,31,0.7979798,0.21818182,1.0,11,0,11,0,0,0,11,0,0,0,9,0,0,9,0,0,0,0,1,70,11,0,0,0,0,5,2,13,0,10,1,0,0,0,111,1,0
C:\Users\All Five Projects\spring-batch-main\spring-batch-integration\src\main\java\org\springframework\batch\integration\config\xml\BatchIntegrationNamespaceHandler.java,org.springframework.batch.integration.config.xml.BatchIntegrationNamespaceHandler,class,4,4,0,4,1,2,0,1,0,0.0,NaN,NaN,1,0,1,0,0,0,1,0,0,0,0,0,0,0,0,0,0,0,0,9,0,0,0,0,0,3,0,2,0,2,0,0,0,0,29,1,0
C:\Users\All Five Projects\spring-batch-main\spring-batch-core\src\test\java\org\springframework\batch\core\step\NonAbstractStepTests.java,org.springframework.batch.core.step.NonAbstractStepTests$Anonymous7,anonymous,1,1,0,1,1,1,0,0,0,0.0,NaN,NaN,1,0,1,0,0,0,1,0,0,0,0,0,0,0,0,0,0,0,0,5,0,0,0,0,0,1,0,0,0,0,0,0,0,0,8,-1,0
C:\Users\All Five Projects\spring-batch-main\spring-batch-core\src\main\java\org\springframework\batch\core\StepListener.java,org.springframework.batch.core.StepListener,interface,0,17,17,0,0,1,0,0,0,0.0,-1.0,-1.0,0,0,0,0,0,0,0,0,0,0,0,0,0,0,0,0,0,0,0,2,0,0,0,0,0,0,0,0,0,0,0,0,0,0,23,1,0
C:\Users\All Five Projects\spring-batch-main\spring-batch-core\src\test\java\org\springframework\batch\core\step\NonAbstractStepTests.java,org.springframework.batch.core.step.NonAbstractStepTests$Anonymous5,anonymous,2,2,0,2,1,1,0,3,0,0.0,NaN,NaN,1,0,0,0,1,0,1,0,0,0,0,0,0,0,0,0,0,0,0,7,0,0,0,0,0,1,0,0,0,0,0,0,0,0,8,-1,0
C:\Users\All Five Projects\spring-batch-main\spring-batch-infrastructure\src\main\java\org\springframework\batch\support\DatabaseType.java,org.springframework.batch.support.DatabaseType,enum,1,2,1,1,16,1,0,14,0,0.5,0.3,0.3,4,2,3,0,0,1,5,0,0,0,2,1,0,2,0,0,2,0,2,48,3,1,0,0,1,28,0,10,1,4,2,0,0,0,84,1,0
C:\Users\All Five Projects\spring-batch-main\spring-batch-infrastructure\src\test\java\org\springframework\batch\item\database\StoredProcedureItemReaderIntegrationTests.java,org.springframework.batch.item.database.StoredProcedureItemReaderIntegrationTests,class,7,7,0,7,1,2,0,4,0,0.0,NaN,NaN,1,0,0,0,1,0,1,0,0,0,0,0,0,0,0,0,0,0,0,10,1,0,0,0,0,3,0,1,0,1,0,0,0,0,26,1,0
C:\Users\All Five Projects\spring-batch-main\spring-batch-test\src\main\java\org\springframework\batch\test\StepRunner.java,org.springframework.batch.test.StepRunner$Anonymous1,anonymous,2,2,0,2,2,1,0,5,0,0.0,NaN,NaN,1,0,1,0,0,0,1,0,0,0,0,0,0,0,0,0,0,0,0,8,0,1,0,0,0,0,0,1,0,1,1,0,0,0,6,-1,0
C:\Users\All Five Projects\spring-batch-main\spring-batch-core\src\test\java\org\springframework\batch\core\step\NonAbstractStepTests.java,org.springframework.batch.core.step.NonAbstractStepTests$Anonymous6,anonymous,1,1,0,1,1,1,0,1,0,0.0,NaN,NaN,1,0,0,0,1,0,1,0,0,0,0,0,0,0,0,0,0,0,0,5,0,0,0,0,0,0,0,0,0,0,0,0,0,0,6,-1,0
C:\Users\All Five Projects\spring-batch-main\spring-batch-core\src\test\java\org\springframework\batch\core\step\item\FaultTolerantStepFactoryBeanRetryTests.java,org.springframework.batch.core.step.item.FaultTolerantStepFactoryBeanRetryTests$Anonymous1,anonymous,3,3,0,3,1,1,0,2,0,0.0,NaN,NaN,1,0,1,0,0,0,1,0,0,0,0,0,0,0,0,0,0,0,0,6,1,0,0,0,0,0,0,0,0,0,0,0,0,0,4,-1,0
C:\Users\All Five Projects\spring-batch-main\spring-batch-core\src\test\java\org\springframework\batch\core\step\NonAbstractStepTests.java,org.springframework.batch.core.step.NonAbstractStepTests$Anonymous3,anonymous,1,1,0,1,1,1,0,1,0,0.0,NaN,NaN,1,0,0,0,1,0,1,0,0,0,0,0,0,0,0,0,0,0,0,6,0,0,0,0,0,1,0,0,0,0,0,0,0,0,7,-1,0
C:\Users\All Five Projects\spring-batch-main\spring-batch-core\src\test\java\org\springframework\batch\core\step\NonAbstractStepTests.java,org.springframework.batch.core.step.NonAbstractStepTests$Anonymous4,anonymous,1,1,0,1,1,1,0,2,0,0.0,NaN,NaN,1,0,0,0,1,0,1,0,0,0,0,0,0,0,0,0,0,0,0,6,0,0,0,0,0,0,0,0,0,0,0,0,0,0,6,-1,0
C:\Users\All Five Projects\spring-batch-main\spring-batch-core\src\test\java\org\springframework\batch\core\step\NonAbstractStepTests.java,org.springframework.batch.core.step.NonAbstractStepTests$Anonymous1,anonymous,1,1,0,1,1,1,0,0,0,0.0,NaN,NaN,1,0,0,0,1,0,1,0,0,0,0,0,0,0,0,0,0,0,0,4,0,0,0,0,0,0,0,0,0,0,0,0,0,0,6,-1,0
C:\Users\All Five Projects\spring-batch-main\spring-batch-core\src\test\java\org\springframework\batch\core\step\NonAbstractStepTests.java,org.springframework.batch.core.step.NonAbstractStepTests$Anonymous2,anonymous,1,1,0,1,1,1,0,0,0,0.0,NaN,NaN,1,0,0,0,1,0,1,0,0,0,0,0,0,0,0,0,0,0,0,4,0,0,0,0,0,0,0,0,0,0,0,0,0,0,6,-1,0
C:\Users\All Five Projects\spring-batch-main\spring-batch-core\src\main\java\org\springframework\batch\core\step\StepHolder.java,org.springframework.batch.core.step.StepHolder,interface,1,1,0,1,1,1,0,0,0,0.0,NaN,NaN,1,0,0,0,0,1,1,0,0,0,0,0,0,0,0,0,0,0,0,3,0,0,0,0,0,0,0,0,0,0,0,0,0,0,17,1,0
C:\Users\All Five Projects\spring-batch-main\spring-batch-core\src\test\java\org\springframework\batch\core\step\item\SimpleStepFactoryBeanTests.java,org.springframework.batch.core.step.item.SimpleStepFactoryBeanTests$1CountingChunkListener,innerclass,3,3,0,3,4,1,0,0,0,0.5625,0.0,0.0,4,0,4,0,0,0,4,0,0,0,4,0,0,1,0,3,1,0,0,22,0,0,0,0,0,3,3,7,3,4,0,0,0,0,13,0,0
C:\Users\All Five Projects\spring-batch-main\spring-batch-core\src\main\java\org\springframework\batch\core\repository\dao\JdbcStepExecutionDao.java,org.springframework.batch.core.repository.dao.JdbcStepExecutionDao$StepExecutionRowMapper,innerclass,5,5,0,5,6,1,0,21,0,0.0,1.0,1.0,2,0,2,0,0,0,2,0,0,0,1,0,0,1,0,0,1,0,1,25,1,0,4,0,0,0,22,2,0,2,0,0,0,0,19,10,0
C:\Users\All Five Projects\spring-batch-main\spring-batch-infrastructure\src\test\java\org\springframework\batch\item\queue\BlockingQueueItemWriterTests.java,org.springframework.batch.item.queue.BlockingQueueItemWriterTests,class,3,3,0,3,1,1,0,7,0,0.0,NaN,NaN,1,0,0,0,0,1,1,0,0,0,0,0,0,0,0,0,0,0,1,8,0,0,0,0,0,4,1,2,0,2,0,0,0,0,16,0,0
C:\Users\All Five Projects\spring-batch-main\spring-batch-core\src\test\java\org\springframework\batch\core\launch\support\JobOperatorFactoryBeanTests.java,org.springframework.batch.core.launch.support.JobOperatorFactoryBeanTests,class,15,16,1,15,8,1,0,20,4,0.5,1.0,1.0,4,0,2,2,0,0,2,0,0,0,6,0,0,6,0,0,6,0,0,57,4,2,0,0,0,0,0,16,0,16,2,0,0,0,38,0,0
C:\Users\All Five Projects\spring-batch-main\spring-batch-samples\src\test\java\org\springframework\batch\samples\processindicator\ProcessIndicatorJobFunctionalTests.java,org.springframework.batch.samples.processindicator.ProcessIndicatorJobFunctionalTests,class,6,6,0,6,2,1,0,8,0,0.25,1.0,1.0,2,0,1,0,0,1,2,0,0,0,2,0,0,2,0,0,0,0,0,14,0,0,0,0,0,4,0,4,1,5,0,0,0,0,33,0,0
C:\Users\All Five Projects\spring-batch-main\spring-batch-core\src\test\java\org\springframework\batch\core\listener\StepListenerFactoryBeanTests.java,org.springframework.batch.core.listener.StepListenerFactoryBeanTests$Anonymous10,anonymous,0,0,0,0,1,1,0,0,0,0.0,NaN,NaN,1,0,1,0,0,0,1,0,0,0,0,0,0,0,0,0,0,0,0,5,0,0,0,0,0,1,0,1,0,0,0,0,0,0,6,-1,0
C:\Users\All Five Projects\spring-batch-main\spring-batch-core\src\test\java\org\springframework\batch\core\step\builder\RegisterMultiListenerTests.java,org.springframework.batch.core.step.builder.RegisterMultiListenerTests$MultiListenerTestConfiguration,innerclass,11,11,0,11,3,2,0,13,3,0.0,0.0,0.0,3,0,3,0,0,0,3,0,0,0,0,0,0,0,0,0,0,0,0,11,3,0,0,0,0,3,1,0,0,0,0,0,0,0,31,9,0
C:\Users\All Five Projects\spring-batch-main\spring-batch-infrastructure\src\test\java\org\springframework\batch\repeat\support\TaskExecutorRepeatTemplateAsynchronousTests.java,org.springframework.batch.repeat.support.TaskExecutorRepeatTemplateAsynchronousTests$Anonymous2,anonymous,4,4,0,4,2,1,0,8,0,0.0,NaN,NaN,1,0,1,0,0,0,1,0,0,0,0,0,0,0,0,0,0,0,0,11,1,1,1,0,0,0,1,1,0,1,1,0,0,0,18,-1,0
C:\Users\All Five Projects\spring-batch-main\spring-batch-core\src\test\java\org\springframework\batch\core\configuration\xml\SplitDifferentResultsFailFirstJobParserTests.java,org.springframework.batch.core.configuration.xml.SplitDifferentResultsFailFirstJobParserTests,class,5,5,0,5,1,2,0,11,0,0.0,NaN,NaN,1,0,0,0,0,1,1,0,0,0,0,0,0,0,0,0,0,0,0,16,0,0,0,0,0,4,1,3,1,3,0,0,0,0,25,0,0
C:\Users\All Five Projects\spring-batch-main\spring-batch-samples\src\main\java\org\springframework\batch\samples\misc\jmx\JobRegistryBackgroundJobRunner.java,org.springframework.batch.samples.misc.jmx.JobRegistryBackgroundJobRunner,class,9,11,2,9,26,1,0,36,17,0.7875,0.06666667,0.06666667,10,3,6,4,0,0,6,0,0,0,8,4,2,6,0,0,4,0,6,116,5,3,5,1,0,11,10,18,6,14,3,0,0,1,204,1,5
C:\Users\All Five Projects\spring-batch-main\spring-batch-infrastructure\src\test\java\org\springframework\batch\repeat\support\TaskExecutorRepeatTemplateAsynchronousTests.java,org.springframework.batch.repeat.support.TaskExecutorRepeatTemplateAsynchronousTests$Anonymous1,anonymous,2,2,0,2,1,1,0,4,0,0.0,NaN,NaN,1,0,1,0,0,0,1,0,0,0,0,0,0,0,0,0,0,0,0,8,1,0,0,0,0,0,0,0,0,0,0,0,0,0,13,-1,0
C:\Users\All Five Projects\spring-batch-main\spring-batch-infrastructure\src\test\java\org\springframework\batch\item\adapter\HippyMethodInvokerTests.java,org.springframework.batch.item.adapter.HippyMethodInvokerTests$PlainPojo,innerclass,0,0,0,0,5,1,0,0,10,0.0,0.0,0.0,5,0,5,0,0,0,5,0,0,0,0,0,0,0,0,0,0,0,0,17,5,0,0,0,0,5,0,0,4,0,0,0,0,0,10,9,0
C:\Users\All Five Projects\spring-batch-main\spring-batch-core\src\test\java\org\springframework\batch\core\step\item\SimpleStepFactoryBeanTests.java,org.springframework.batch.core.step.item.SimpleStepFactoryBeanTests$2CountingChunkListener,innerclass,3,3,0,3,4,1,0,0,0,0.5625,0.0,0.0,4,0,4,0,0,0,4,0,0,0,4,0,0,1,0,3,1,0,0,25,0,0,0,0,0,6,3,7,3,4,0,0,0,0,19,0,0
C:\Users\All Five Projects\spring-batch-main\spring-batch-infrastructure\src\test\java\org\springframework\batch\item\database\builder\JpaItemWriterBuilderTests.java,org.springframework.batch.item.database.builder.JpaItemWriterBuilderTests,class,12,12,0,12,6,1,0,19,0,0.25,0.6666667,0.6666667,6,0,0,0,0,6,6,0,0,0,2,0,0,2,0,0,0,0,0,41,0,0,0,0,0,7,6,7,0,9,0,0,0,1,38,0,0
C:\Users\All Five Projects\spring-batch-main\spring-batch-infrastructure\src\test\java\org\springframework\batch\repeat\listener\RepeatListenerTests.java,org.springframework.batch.repeat.listener.RepeatListenerTests,class,6,6,0,6,12,1,0,14,0,0.0,1.0,1.0,9,0,0,0,0,9,9,0,0,0,1,0,0,1,0,0,0,0,0,198,6,0,0,0,0,15,15,21,1,30,1,16,0,12,35,0,0
C:\Users\All Five Projects\spring-batch-main\spring-batch-integration\src\test\java\org\springframework\batch\integration\chunk\RemoteChunkFaultTolerantStepJmsIntegrationTests.java,org.springframework.batch.integration.chunk.RemoteChunkFaultTolerantStepJmsIntegrationTests,class,12,12,0,12,5,1,0,15,0,0.0,0.6,0.6,5,1,0,0,0,5,5,0,0,0,2,0,0,2,0,0,0,0,3,36,0,0,0,0,0,10,10,8,0,10,0,0,0,0,30,0,0
C:\Users\All Five Projects\spring-batch-main\spring-batch-infrastructure\src\main\java\org\springframework\batch\item\database\support\DefaultDataFieldMaxValueIncrementerFactory.java,org.springframework.batch.item.database.support.DefaultDataFieldMaxValueIncrementerFactory,class,16,17,1,16,22,1,0,9,6,0.6,0.2,0.3,5,0,5,0,0,0,5,0,0,0,2,0,0,2,0,0,1,0,0,70,16,2,14,0,0,2,0,6,0,5,2,0,0,0,114,1,0
C:\Users\All Five Projects\spring-batch-main\spring-batch-samples\src\main\java\org\springframework\batch\samples\domain\person\internal\PersonWriter.java,org.springframework.batch.samples.domain.person.internal.PersonWriter,class,4,5,1,4,2,1,0,3,0,0.0,NaN,NaN,1,0,1,0,0,0,1,0,0,0,1,1,0,1,0,0,1,0,0,8,0,0,0,0,0,1,0,1,1,1,1,0,0,0,6,1,1
C:\Users\All Five Projects\spring-batch-main\spring-batch-core\src\main\java\org\springframework\batch\core\repository\persistence\converter\JobInstanceConverter.java,org.springframework.batch.core.repository.persistence.converter.JobInstanceConverter,class,2,4,2,2,2,1,0,6,1,0.0,0.0,0.0,2,0,2,0,0,0,2,0,0,0,0,0,0,0,0,0,0,0,0,11,2,0,0,0,0,0,0,1,0,1,0,0,0,0,10,1,0
C:\Users\All Five Projects\spring-batch-main\spring-batch-infrastructure\src\test\java\org\springframework\batch\item\file\separator\JsonRecordSeparatorPolicyTests.java,org.springframework.batch.item.file.separator.JsonRecordSeparatorPolicyTests,class,2,2,0,2,2,1,0,3,0,0.0,1.0,1.0,2,0,0,0,0,2,2,0,0,0,1,0,0,1,0,0,1,0,0,11,0,0,0,0,0,4,0,1,0,1,0,0,0,0,15,0,0
C:\Users\All Five Projects\spring-batch-main\spring-batch-core\src\test\java\org\springframework\batch\core\configuration\xml\JobRegistryJobParserTests.java,org.springframework.batch.core.configuration.xml.JobRegistryJobParserTests,class,7,7,0,7,2,1,0,4,0,0.25,1.0,1.0,2,0,1,0,0,1,2,0,0,0,2,0,0,2,0,0,0,0,0,11,0,0,0,0,0,0,2,1,0,2,0,0,0,0,21,1,0
C:\Users\All Five Projects\spring-batch-main\spring-batch-infrastructure\src\main\java\org\springframework\batch\item\PeekableItemReader.java,org.springframework.batch.item.PeekableItemReader,interface,3,4,1,3,1,1,0,0,0,0.0,NaN,NaN,1,0,0,0,0,1,1,0,0,0,0,0,0,0,0,0,0,0,0,3,0,0,0,0,0,0,0,0,0,0,0,0,0,0,88,1,0
C:\Users\All Five Projects\spring-batch-main\spring-batch-infrastructure\src\main\java\org\springframework\batch\item\jms\JmsItemReader.java,org.springframework.batch.item.jms.JmsItemReader,class,8,10,2,8,10,1,0,10,0,0.5833333,0.6666667,1.0,4,0,4,0,0,0,4,0,0,0,3,0,0,0,3,0,0,0,0,28,2,0,7,0,0,6,0,4,1,4,1,0,0,0,85,1,0
C:\Users\All Five Projects\spring-batch-main\spring-batch-core\src\main\java\org\springframework\batch\core\launch\support\JvmSystemExiter.java,org.springframework.batch.core.launch.support.JvmSystemExiter,class,1,2,1,1,1,1,0,1,0,0.0,NaN,NaN,1,0,1,0,0,0,1,0,0,0,0,0,0,0,0,0,0,0,1,5,0,0,0,0,0,0,0,0,0,0,0,0,0,0,49,1,0
C:\Users\All Five Projects\spring-batch-main\spring-batch-infrastructure\src\main\java\org\springframework\batch\repeat\exception\RethrowOnThresholdExceptionHandler.java,org.springframework.batch.repeat.exception.RethrowOnThresholdExceptionHandler$IntegerHolder,innerclass,0,0,0,0,3,1,0,1,0,0.0,1.0,1.0,3,0,3,0,0,0,3,0,0,0,1,0,0,1,0,0,1,0,0,12,2,0,0,0,0,1,0,1,1,1,0,0,0,0,14,10,0
C:\Users\All Five Projects\spring-batch-main\spring-batch-core\src\test\java\org\springframework\batch\core\test\football\internal\PlayerFieldSetMapper.java,org.springframework.batch.core.test.football.internal.PlayerFieldSetMapper,class,3,3,0,3,2,1,0,8,0,0.0,NaN,NaN,1,0,1,0,0,0,1,0,0,0,0,0,0,0,0,0,0,0,0,15,2,0,1,0,0,6,0,1,0,1,1,0,0,0,8,1,0
C:\Users\All Five Projects\spring-batch-main\spring-batch-infrastructure\src\test\java\org\springframework\batch\item\database\support\SqlPagingQueryUtilsTests.java,org.springframework.batch.item.database.support.SqlPagingQueryUtilsTests,class,4,4,0,4,5,2,0,7,0,0.0,1.0,1.0,5,0,0,0,0,5,5,0,0,0,1,0,0,1,0,0,1,0,1,58,0,0,0,0,0,58,0,6,0,6,0,0,1,0,46,0,0
C:\Users\All Five Projects\spring-batch-main\spring-batch-infrastructure\src\test\java\org\springframework\batch\item\file\builder\FlatFileItemWriterBuilderTests.java,org.springframework.batch.item.file.builder.FlatFileItemWriterBuilderTests$Foo,innerclass,0,0,0,0,8,1,0,0,0,0.5,0.5714286,1.0,8,0,8,0,0,0,8,0,0,0,3,0,0,3,0,0,0,0,0,31,4,0,0,0,0,4,0,6,2,3,0,0,0,0,11,9,0
C:\Users\All Five Projects\spring-batch-main\spring-batch-infrastructure\src\main\java\org\springframework\batch\item\file\transform\LineAggregator.java,org.springframework.batch.item.file.transform.LineAggregator,interface,1,5,4,1,1,1,0,0,0,0.0,NaN,NaN,1,0,0,0,0,1,1,0,0,0,0,0,0,0,0,0,0,0,0,3,0,0,0,0,0,0,0,0,0,0,0,0,0,0,19,1,0
C:\Users\All Five Projects\spring-batch-main\spring-batch-core\src\main\java\org\springframework\batch\core\explore\JobExplorer.java,org.springframework.batch.core.explore.JobExplorer,interface,5,13,8,5,12,1,0,0,66,0.0,0.0,0.0,12,0,0,0,0,12,12,0,0,0,0,0,0,0,0,0,0,0,0,20,0,0,0,0,0,0,0,0,0,0,0,0,0,0,153,1,0
C:\Users\All Five Projects\spring-batch-main\spring-batch-infrastructure\src\test\java\org\springframework\batch\item\file\mapping\BeanWrapperFieldSetMapperFuzzyMatchingTests.java,org.springframework.batch.item.file.mapping.BeanWrapperFieldSetMapperFuzzyMatchingTests$GreenBean,innerclass,0,0,0,0,2,1,0,0,0,0.0,1.0,1.0,2,0,2,0,0,0,2,0,0,0,1,0,0,1,0,0,0,0,0,9,1,0,0,0,0,0,0,1,0,1,0,0,0,0,5,9,0
C:\Users\All Five Projects\spring-batch-main\spring-batch-core\src\main\java\org\springframework\batch\core\launch\support\TaskExecutorJobLauncher.java,org.springframework.batch.core.launch.support.TaskExecutorJobLauncher$Anonymous1,anonymous,4,4,0,4,9,1,0,9,1,0.0,NaN,NaN,2,0,1,1,0,0,1,0,0,0,0,0,0,0,0,0,0,0,2,29,0,0,1,1,1,12,0,1,4,1,2,0,0,0,24,-1,3
C:\Users\All Five Projects\spring-batch-main\spring-batch-core\src\test\java\org\springframework\batch\core\configuration\support\AutomaticJobRegistrarTests.java,org.springframework.batch.core.configuration.support.AutomaticJobRegistrarTests,class,16,17,1,16,14,1,0,29,0,0.23076923,1.0,1.0,13,0,0,1,0,12,12,0,0,0,2,0,0,2,0,0,2,0,0,107,0,1,0,0,0,18,12,21,1,20,1,0,0,0,78,0,0
C:\Users\All Five Projects\spring-batch-main\spring-batch-core\src\main\java\org\springframework\batch\core\job\flow\State.java,org.springframework.batch.core.job.flow.State,interface,2,12,10,2,3,1,0,0,3,0.0,0.0,0.0,3,0,0,0,0,3,3,0,0,0,0,0,0,0,0,0,0,0,0,5,0,0,0,0,0,0,0,0,0,0,0,0,0,0,78,1,0
C:\Users\All Five Projects\spring-batch-main\spring-batch-infrastructure\src\main\java\org\springframework\batch\item\json\builder\JsonItemReaderBuilder.java,org.springframework.batch.item.json.builder.JsonItemReaderBuilder,class,8,9,1,8,10,1,0,13,12,0.75,0.2857143,1.0,8,0,8,0,0,0,8,0,0,0,8,0,0,7,1,0,0,0,0,56,8,0,1,0,0,4,0,12,1,9,1,0,0,0,96,1,1
C:\Users\All Five Projects\spring-batch-main\spring-batch-core\src\test\java\org\springframework\batch\core\listener\JobListenerFactoryBeanTests.java,org.springframework.batch.core.listener.JobListenerFactoryBeanTests$Anonymous8,anonymous,0,0,0,0,1,1,0,0,0,0.0,NaN,NaN,1,0,1,0,0,0,1,0,0,0,0,0,0,0,0,0,0,0,0,5,0,0,0,0,0,1,0,1,0,0,0,0,0,0,6,-1,0
C:\Users\All Five Projects\spring-batch-main\spring-batch-core\src\test\java\org\springframework\batch\core\listener\JobListenerFactoryBeanTests.java,org.springframework.batch.core.listener.JobListenerFactoryBeanTests$Anonymous7,anonymous,1,1,0,1,1,1,0,3,0,0.0,NaN,NaN,1,0,1,0,0,0,1,0,0,0,0,0,0,0,0,0,0,0,1,6,0,0,0,0,0,1,1,1,0,0,0,0,0,0,11,-1,0
C:\Users\All Five Projects\spring-batch-main\spring-batch-core\src\test\java\org\springframework\batch\core\configuration\support\DefaultBatchConfigurationTests.java,org.springframework.batch.core.configuration.support.DefaultBatchConfigurationTests,class,18,18,0,18,5,6,0,13,10,0.0,0.0,0.0,5,0,0,0,0,5,5,0,0,0,0,0,0,0,0,0,0,0,0,68,0,0,0,0,0,0,2,15,0,15,0,0,4,2,39,0,0
C:\Users\All Five Projects\spring-batch-main\spring-batch-core\src\test\java\org\springframework\batch\core\listener\JobListenerFactoryBeanTests.java,org.springframework.batch.core.listener.JobListenerFactoryBeanTests$Anonymous6,anonymous,0,0,0,0,1,1,0,0,0,0.0,NaN,NaN,1,0,1,0,0,0,1,0,0,0,0,0,0,0,0,0,0,0,0,5,0,0,0,0,0,1,0,1,0,0,0,0,0,0,4,-1,0
C:\Users\All Five Projects\spring-batch-main\spring-batch-core\src\test\java\org\springframework\batch\core\listener\JobListenerFactoryBeanTests.java,org.springframework.batch.core.listener.JobListenerFactoryBeanTests$Anonymous5,anonymous,1,1,0,1,1,1,0,0,0,0.0,NaN,NaN,1,0,1,0,0,0,1,0,0,0,0,0,0,0,0,0,0,0,0,5,0,0,0,0,0,0,0,1,0,0,0,0,0,0,6,-1,0
C:\Users\All Five Projects\spring-batch-main\spring-batch-core\src\test\java\org\springframework\batch\core\listener\JobListenerFactoryBeanTests.java,org.springframework.batch.core.listener.JobListenerFactoryBeanTests$Anonymous4,anonymous,2,2,0,2,1,1,0,3,0,0.0,NaN,NaN,1,0,1,0,0,0,1,0,0,0,0,0,0,0,0,0,0,0,1,6,0,0,0,0,0,0,1,1,0,0,0,0,0,0,11,-1,0
C:\Users\All Five Projects\spring-batch-main\spring-batch-core\src\test\java\org\springframework\batch\core\listener\JobListenerFactoryBeanTests.java,org.springframework.batch.core.listener.JobListenerFactoryBeanTests$Anonymous3,anonymous,1,1,0,1,1,1,0,0,0,0.0,NaN,NaN,1,0,1,0,0,0,1,0,0,0,0,0,0,0,0,0,0,0,0,5,0,0,0,0,0,0,0,1,0,0,0,0,0,0,4,-1,0
C:\Users\All Five Projects\spring-batch-main\spring-batch-core\src\test\java\org\springframework\batch\core\listener\JobListenerFactoryBeanTests.java,org.springframework.batch.core.listener.JobListenerFactoryBeanTests$Anonymous2,anonymous,2,2,0,2,2,1,0,0,1,0.0,0.0,0.0,2,0,2,0,0,0,2,0,0,0,0,0,0,0,0,0,0,0,0,7,1,0,0,0,0,0,1,0,0,0,0,0,0,0,6,-1,0
C:\Users\All Five Projects\spring-batch-main\spring-batch-core\src\test\java\org\springframework\batch\core\listener\JobListenerFactoryBeanTests.java,org.springframework.batch.core.listener.JobListenerFactoryBeanTests$Anonymous1,anonymous,2,2,0,2,1,1,0,0,0,0.0,NaN,NaN,1,0,1,0,0,0,1,0,0,0,0,0,0,0,0,0,0,0,0,4,0,0,0,0,0,0,0,0,0,0,0,0,0,0,4,-1,0
C:\Users\All Five Projects\spring-batch-main\spring-batch-infrastructure\src\main\java\org\springframework\batch\item\ldif\RecordCallbackHandler.java,org.springframework.batch.item.ldif.RecordCallbackHandler,interface,1,5,4,1,1,1,0,0,0,0.0,NaN,NaN,1,0,0,0,0,1,1,0,0,0,0,0,0,0,0,0,0,0,0,3,0,0,0,0,0,0,0,0,0,0,0,0,0,0,31,1,0
C:\Users\All Five Projects\spring-batch-main\spring-batch-infrastructure\src\main\java\org\springframework\batch\item\json\GsonJsonObjectMarshaller.java,org.springframework.batch.item.json.GsonJsonObjectMarshaller,class,3,4,1,3,4,1,0,1,0,0.25,0.5,0.5,4,0,4,0,0,0,4,0,0,0,1,0,0,1,0,0,0,0,0,15,1,0,0,0,0,0,0,2,0,1,0,0,0,0,31,1,0
C:\Users\All Five Projects\spring-batch-main\spring-batch-integration\src\main\java\org\springframework\batch\integration\partition\RemotePartitioningManagerStepBuilder.java,org.springframework.batch.integration.partition.RemotePartitioningManagerStepBuilder,class,20,25,5,20,30,2,0,37,211,0.9141414,0.03809524,0.13333334,22,0,21,1,0,0,21,0,0,0,9,2,0,9,0,0,2,0,0,130,19,0,4,1,0,16,3,16,1,14,2,0,0,1,177,1,1
C:\Users\All Five Projects\spring-batch-main\spring-batch-samples\src\main\java\org\springframework\batch\samples\misc\jmx\InfiniteLoopWriter.java,org.springframework.batch.samples.misc.jmx.InfiniteLoopWriter,class,6,7,1,6,5,1,0,7,1,0.5555556,0.33333334,0.33333334,3,0,3,0,0,0,3,0,0,0,3,1,0,3,0,0,1,0,2,24,0,0,0,1,0,2,2,3,1,3,1,0,0,0,44,1,1
C:\Users\All Five Projects\spring-batch-main\spring-batch-core\src\test\java\org\springframework\batch\core\SpringBatchVersionTests.java,org.springframework.batch.core.SpringBatchVersionTests$TestConfiguration,innerclass,10,10,0,10,3,1,0,6,3,0.0,0.0,0.0,3,0,3,0,0,0,3,0,0,0,0,0,0,0,0,0,0,0,0,11,3,0,0,0,0,3,0,0,0,2,0,0,0,1,23,8,0
C:\Users\All Five Projects\spring-batch-main\spring-batch-core\src\test\java\org\springframework\batch\core\configuration\annotation\JobScopeConfigurationTests.java,org.springframework.batch.core.configuration.annotation.JobScopeConfigurationTests$JobScopeConfigurationXmlImportUsingNamespace,innerclass,7,7,0,7,1,1,0,0,0,0.0,NaN,NaN,1,0,0,0,1,0,1,0,0,0,0,0,0,0,0,0,0,0,0,5,1,0,0,0,0,2,0,0,0,0,0,0,0,0,20,9,0
C:\Users\All Five Projects\spring-batch-main\spring-batch-core\src\test\java\org\springframework\batch\core\configuration\xml\JobRepositoryParserReferenceTests.java,org.springframework.batch.core.configuration.xml.JobRepositoryParserReferenceTests,class,5,5,0,5,1,1,0,1,0,0.0,NaN,NaN,1,0,0,0,0,1,1,0,0,0,1,0,0,1,0,0,0,0,0,6,0,0,0,0,0,1,0,0,0,1,0,0,0,0,14,0,0
C:\Users\All Five Projects\spring-batch-main\spring-batch-infrastructure\src\main\java\org\springframework\batch\item\redis\builder\RedisItemWriterBuilder.java,org.springframework.batch.item.redis.builder.RedisItemWriterBuilder,class,7,8,1,7,4,1,0,4,0,0.5,0.5,1.0,4,0,4,0,0,0,4,0,0,0,3,0,0,3,0,0,0,0,0,26,4,0,0,0,0,2,0,4,0,4,0,0,0,0,41,1,0
C:\Users\All Five Projects\spring-batch-main\spring-batch-infrastructure\src\main\java\org\springframework\batch\item\support\ScriptItemProcessor.java,org.springframework.batch.item.support.ScriptItemProcessor,class,12,14,2,12,16,1,0,8,3,0.66666675,0.4,1.0,7,0,6,1,0,0,6,0,0,0,6,1,1,5,0,0,1,0,0,49,3,0,8,0,1,9,0,9,0,7,1,0,0,0,107,1,0
C:\Users\All Five Projects\spring-batch-main\spring-batch-samples\src\main\java\org\springframework\batch\samples\mongodb\Person.java,org.springframework.batch.samples.mongodb.Person,class,0,3,3,0,7,1,0,0,3,0.5,0.42857143,0.71428573,7,0,7,0,0,0,7,0,0,0,2,0,0,2,0,0,0,0,0,24,3,0,0,0,0,3,0,3,2,2,0,0,0,0,9,1,0
C:\Users\All Five Projects\spring-batch-main\spring-batch-infrastructure\src\test\java\org\springframework\batch\repeat\exception\LogOrRethrowExceptionHandlerTests.java,org.springframework.batch.repeat.exception.LogOrRethrowExceptionHandlerTests,class,6,6,0,6,5,1,0,7,0,0.13333334,1.0,1.0,5,0,0,0,0,5,5,0,0,0,3,0,0,3,0,0,3,0,0,43,0,0,0,0,0,7,0,5,0,5,0,3,0,2,29,0,0
C:\Users\All Five Projects\spring-batch-main\spring-batch-core\src\main\java\org\springframework\batch\core\JobParametersBuilder.java,org.springframework.batch.core.JobParametersBuilder,class,10,17,7,10,27,1,0,20,94,0.6458333,0.32971016,0.32971016,24,0,24,0,0,0,24,0,0,0,2,0,0,2,0,0,0,0,0,119,20,0,3,0,0,21,0,14,9,8,2,0,0,0,143,1,0
C:\Users\All Five Projects\spring-batch-main\spring-batch-core\src\test\java\org\springframework\batch\core\test\repository\SQLiteJobRepositoryIntegrationTests.java,org.springframework.batch.core.test.repository.SQLiteJobRepositoryIntegrationTests$TestConfiguration,innerclass,12,12,0,12,3,1,0,6,3,0.0,0.0,0.0,3,0,3,0,0,0,3,0,0,0,0,0,0,0,0,0,0,0,0,17,3,0,0,0,0,5,0,2,0,4,0,0,0,1,31,8,0
C:\Users\All Five Projects\spring-batch-main\spring-batch-infrastructure\src\test\java\org\springframework\batch\item\file\mapping\BeanWrapperFieldSetMapperFuzzyMatchingTests.java,org.springframework.batch.item.file.mapping.BeanWrapperFieldSetMapperFuzzyMatchingTests,class,6,6,0,6,3,1,0,12,3,0.0,0.0,0.0,3,0,0,0,0,3,3,0,0,0,0,0,0,0,0,0,0,0,0,58,0,0,0,0,0,16,1,11,0,11,0,0,2,1,33,0,0
C:\Users\All Five Projects\spring-batch-main\spring-batch-infrastructure\src\test\java\org\springframework\batch\item\xml\domain\Trade.java,org.springframework.batch.item.xml.domain.Trade,class,3,11,8,3,29,1,0,5,0,0.53846157,0.53846157,0.84615386,13,0,13,0,0,0,13,0,0,0,4,0,0,4,0,0,0,0,0,70,17,0,13,0,8,8,8,19,10,7,2,0,0,0,33,1,0
C:\Users\All Five Projects\spring-batch-main\spring-batch-infrastructure\src\test\java\org\springframework\batch\item\redis\builder\RedisItemReaderBuilderTests.java,org.springframework.batch.item.redis.builder.RedisItemReaderBuilderTests,class,5,5,0,5,1,1,0,7,0,0.0,NaN,NaN,1,0,0,0,0,1,1,0,0,0,0,0,0,0,0,0,0,0,0,10,0,0,0,0,0,2,0,3,0,3,0,0,0,0,22,1,0
C:\Users\All Five Projects\spring-batch-main\spring-batch-infrastructure\src\test\java\org\springframework\batch\support\AnnotationMethodResolverTests.java,org.springframework.batch.support.AnnotationMethodResolverTests$MultipleAnnotationTestBean,innerclass,1,1,0,1,2,1,0,2,1,0.0,0.0,0.0,2,0,2,0,0,0,2,0,0,0,0,0,0,0,0,0,0,0,0,8,2,0,0,0,0,0,0,0,0,0,0,0,0,0,8,10,0
C:\Users\All Five Projects\spring-batch-main\spring-batch-test\src\test\java\org\springframework\batch\test\context\BatchTestContextBeanPostProcessorTests.java,org.springframework.batch.test.context.BatchTestContextBeanPostProcessorTests$BatchConfiguration,innerclass,6,6,0,6,3,1,0,4,3,0.0,0.0,0.0,3,0,0,0,0,3,3,0,0,0,0,0,0,0,0,0,0,0,0,11,3,0,0,0,0,2,0,0,0,0,0,0,0,0,25,8,0
C:\Users\All Five Projects\spring-batch-main\spring-batch-infrastructure\src\test\java\org\springframework\batch\repeat\support\SimpleRepeatTemplateTests.java,org.springframework.batch.repeat.support.SimpleRepeatTemplateTests$Anonymous10,anonymous,3,3,0,3,2,1,0,2,0,0.0,NaN,NaN,1,0,1,0,0,0,1,0,0,0,0,0,0,0,0,0,0,0,0,10,1,0,0,0,0,1,1,1,1,1,1,0,0,0,12,-1,0
C:\Users\All Five Projects\spring-batch-main\spring-batch-core\src\test\java\org\springframework\batch\core\scope\StepScopeNestedIntegrationTests.java,org.springframework.batch.core.scope.StepScopeNestedIntegrationTests,class,6,6,0,6,1,1,0,3,0,0.0,NaN,NaN,1,0,0,0,0,1,1,0,0,0,2,0,0,2,0,0,0,0,0,8,0,0,0,0,0,3,0,0,0,2,0,0,0,0,15,0,0
C:\Users\All Five Projects\spring-batch-main\spring-batch-infrastructure\src\test\java\org\springframework\batch\item\support\AbstractSynchronizedItemStreamWriterTests.java,org.springframework.batch.item.support.AbstractSynchronizedItemStreamWriterTests,class,10,13,3,10,6,1,2,6,0,0.49999997,0.6666667,0.6666667,6,0,0,0,1,5,6,1,0,0,4,0,0,3,1,0,2,0,0,26,0,0,0,0,0,0,0,3,0,4,0,0,0,0,33,1025,0
C:\Users\All Five Projects\spring-batch-main\spring-batch-infrastructure\src\test\java\org\springframework\batch\item\xml\stax\UnclosedElementCollectingEventWriterTests.java,org.springframework.batch.item.xml.stax.UnclosedElementCollectingEventWriterTests,class,2,2,0,2,4,1,0,12,0,0.20833333,1.0,1.0,4,0,0,0,0,4,4,0,0,0,6,0,0,6,0,0,6,0,1,40,0,0,0,0,0,3,13,6,0,6,0,0,0,0,32,0,0
C:\Users\All Five Projects\spring-batch-main\spring-batch-integration\src\test\java\org\springframework\batch\integration\retry\Service.java,org.springframework.batch.integration.retry.Service,interface,0,1,1,0,1,1,0,0,0,0.0,NaN,NaN,1,0,0,0,0,1,1,0,0,0,0,0,0,0,0,0,0,0,0,3,0,0,0,0,0,0,0,0,0,0,0,0,0,0,5,1,0
C:\Users\All Five Projects\spring-batch-main\spring-batch-infrastructure\src\test\java\org\springframework\batch\item\jms\JmsMethodArgumentsKeyGeneratorTests.java,org.springframework.batch.item.jms.JmsMethodArgumentsKeyGeneratorTests,class,4,4,0,4,2,1,0,7,0,0.0,1.0,1.0,2,0,0,0,0,2,2,0,0,0,1,0,0,1,0,0,1,0,0,13,0,0,0,0,0,4,0,3,0,3,0,0,0,0,27,0,0
C:\Users\All Five Projects\spring-batch-main\spring-batch-core\src\test\java\org\springframework\batch\core\step\item\FaultTolerantChunkProcessorTests.java,org.springframework.batch.core.step.item.FaultTolerantChunkProcessorTests$Anonymous6,anonymous,1,1,0,1,1,1,0,2,0,0.0,NaN,NaN,1,0,1,0,0,0,1,0,0,0,0,0,0,0,0,0,0,0,0,5,0,0,0,0,0,0,0,0,0,0,0,0,0,0,3,-1,0
C:\Users\All Five Projects\spring-batch-main\spring-batch-integration\src\main\java\org\springframework\batch\integration\chunk\StepContributionSource.java,org.springframework.batch.integration.chunk.StepContributionSource,interface,1,3,2,1,1,1,0,0,0,0.0,NaN,NaN,1,0,0,0,0,1,1,0,0,0,0,0,0,0,0,0,0,0,0,3,0,0,0,0,0,0,0,0,0,0,0,0,0,0,36,1,0
C:\Users\All Five Projects\spring-batch-main\spring-batch-core\src\test\java\org\springframework\batch\core\step\item\FaultTolerantChunkProcessorTests.java,org.springframework.batch.core.step.item.FaultTolerantChunkProcessorTests$Anonymous5,anonymous,4,4,0,4,2,1,0,1,0,0.0,NaN,NaN,1,0,1,0,0,0,1,0,0,0,0,0,0,0,0,0,0,0,0,8,1,0,0,0,0,2,0,0,0,0,1,0,0,0,6,-1,0
C:\Users\All Five Projects\spring-batch-main\spring-batch-core\src\test\java\org\springframework\batch\core\step\item\FaultTolerantChunkProcessorTests.java,org.springframework.batch.core.step.item.FaultTolerantChunkProcessorTests$Anonymous4,anonymous,3,3,0,3,2,1,0,1,0,0.0,NaN,NaN,1,0,1,0,0,0,1,0,0,0,0,0,0,0,0,0,0,0,0,8,2,0,0,0,0,1,0,0,0,0,1,0,0,0,4,-1,0
C:\Users\All Five Projects\spring-batch-main\spring-batch-core\src\test\java\org\springframework\batch\core\step\item\FaultTolerantChunkProcessorTests.java,org.springframework.batch.core.step.item.FaultTolerantChunkProcessorTests$Anonymous3,anonymous,3,3,0,3,2,1,0,1,0,0.0,NaN,NaN,1,0,1,0,0,0,1,0,0,0,0,0,0,0,0,0,0,0,0,8,2,0,0,0,0,1,0,0,0,0,1,0,0,0,4,-1,0
C:\Users\All Five Projects\spring-batch-main\spring-batch-core\src\test\java\org\springframework\batch\core\step\item\FaultTolerantChunkProcessorTests.java,org.springframework.batch.core.step.item.FaultTolerantChunkProcessorTests$Anonymous2,anonymous,4,4,0,4,3,1,0,1,0,0.0,NaN,NaN,1,0,1,0,0,0,1,0,0,0,0,0,0,0,0,0,0,0,0,11,2,0,0,0,0,3,0,0,0,0,1,0,0,0,5,-1,0
C:\Users\All Five Projects\spring-batch-main\spring-batch-core\src\test\java\org\springframework\batch\core\step\item\FaultTolerantChunkProcessorTests.java,org.springframework.batch.core.step.item.FaultTolerantChunkProcessorTests$Anonymous1,anonymous,3,3,0,3,2,1,0,1,0,0.0,NaN,NaN,1,0,1,0,0,0,1,0,0,0,0,0,0,0,0,0,0,0,0,5,1,0,0,0,0,1,0,0,0,0,0,0,0,0,4,-1,0
C:\Users\All Five Projects\spring-batch-main\spring-batch-infrastructure\src\main\java\org\springframework\batch\item\file\transform\IncorrectTokenCountException.java,org.springframework.batch.item.file.transform.IncorrectTokenCountException,class,1,2,1,1,7,5,0,0,0,0.3809524,0.7619048,1.0,7,0,7,0,0,0,7,0,0,0,3,0,0,3,0,0,2,0,0,36,3,0,0,0,0,4,0,10,2,3,0,0,0,0,37,1,0
C:\Users\All Five Projects\spring-batch-main\spring-batch-infrastructure\src\test\java\org\springframework\batch\item\xml\XStreamUnmarshallingTests.java,org.springframework.batch.item.xml.XStreamUnmarshallingTests,class,5,5,0,5,1,2,0,3,0,0.0,NaN,NaN,1,0,0,0,1,0,1,0,0,0,0,0,0,0,0,0,0,0,0,14,1,0,0,0,0,4,0,3,0,3,0,0,0,0,19,0,0
C:\Users\All Five Projects\spring-batch-main\spring-batch-core\src\main\java\org\springframework\batch\core\step\tasklet\SimpleSystemProcessExitCodeMapper.java,org.springframework.batch.core.step.tasklet.SimpleSystemProcessExitCodeMapper,class,2,4,2,2,2,1,0,0,0,0.0,NaN,NaN,1,0,1,0,0,0,1,0,0,0,0,0,0,0,0,0,0,0,0,10,2,0,1,0,0,0,1,0,0,0,1,0,0,0,18,1,0
C:\Users\All Five Projects\spring-batch-main\spring-batch-infrastructure\src\main\java\org\springframework\batch\item\database\builder\JdbcBatchItemWriterBuilder.java,org.springframework.batch.item.database.builder.JdbcBatchItemWriterBuilder,class,9,11,2,9,15,1,0,10,18,0.7619047,0.25,1.0,9,0,9,0,0,0,9,0,0,0,7,0,0,7,0,0,0,0,0,63,9,0,6,0,1,5,5,13,0,9,1,0,0,0,103,1,0
C:\Users\All Five Projects\spring-batch-main\spring-batch-core\src\test\java\org\springframework\batch\core\step\item\FaultTolerantChunkProcessorTests.java,org.springframework.batch.core.step.item.FaultTolerantChunkProcessorTests$Anonymous9,anonymous,1,1,0,1,1,1,0,2,0,0.0,NaN,NaN,1,0,1,0,0,0,1,0,0,0,0,0,0,0,0,0,0,0,0,5,0,0,0,0,0,0,0,0,0,0,0,0,0,0,5,-1,0
C:\Users\All Five Projects\spring-batch-main\spring-batch-infrastructure\src\test\java\org\springframework\batch\item\file\mapping\BeanWrapperFieldSetMapperTests.java,org.springframework.batch.item.file.mapping.BeanWrapperFieldSetMapperTests$Anonymous1,anonymous,1,1,0,1,1,1,0,1,0,0.0,NaN,NaN,1,0,0,0,1,0,1,0,0,0,0,0,0,0,0,0,0,0,0,5,0,0,0,0,0,1,0,0,0,0,0,0,0,0,4,-1,0
C:\Users\All Five Projects\spring-batch-main\spring-batch-core\src\test\java\org\springframework\batch\core\step\item\FaultTolerantChunkProcessorTests.java,org.springframework.batch.core.step.item.FaultTolerantChunkProcessorTests$Anonymous8,anonymous,1,1,0,1,1,1,0,2,0,0.0,NaN,NaN,1,0,1,0,0,0,1,0,0,0,0,0,0,0,0,0,0,0,0,5,0,0,0,0,0,0,0,0,0,0,0,0,0,0,5,-1,0
C:\Users\All Five Projects\spring-batch-main\spring-batch-infrastructure\src\test\java\org\springframework\batch\item\file\mapping\BeanWrapperFieldSetMapperTests.java,org.springframework.batch.item.file.mapping.BeanWrapperFieldSetMapperTests$Anonymous2,anonymous,3,3,0,3,1,1,0,2,0,0.0,NaN,NaN,1,0,0,0,1,0,1,0,0,0,0,0,0,0,0,0,0,0,0,5,0,0,0,0,0,1,0,0,0,0,0,0,0,0,7,-1,0
C:\Users\All Five Projects\spring-batch-main\spring-batch-core\src\test\java\org\springframework\batch\core\step\item\FaultTolerantChunkProcessorTests.java,org.springframework.batch.core.step.item.FaultTolerantChunkProcessorTests$Anonymous7,anonymous,1,1,0,1,1,1,0,2,0,0.0,NaN,NaN,1,0,1,0,0,0,1,0,0,0,0,0,0,0,0,0,0,0,0,5,0,0,0,0,0,0,0,0,0,0,0,0,0,0,3,-1,0
C:\Users\All Five Projects\spring-batch-main\spring-batch-infrastructure\src\test\java\org\springframework\batch\item\file\mapping\BeanWrapperFieldSetMapperTests.java,org.springframework.batch.item.file.mapping.BeanWrapperFieldSetMapperTests$Anonymous3,anonymous,3,3,0,3,1,1,0,3,0,0.0,NaN,NaN,1,0,1,0,0,0,1,0,0,0,0,0,0,0,0,0,0,0,0,6,0,0,0,0,0,1,0,0,0,0,0,0,0,0,8,-1,0
C:\Users\All Five Projects\spring-batch-main\spring-batch-infrastructure\src\main\java\org\springframework\batch\item\support\CompositeItemProcessor.java,org.springframework.batch.item.support.CompositeItemProcessor,class,8,11,3,8,10,1,0,6,1,0.2857143,0.6666667,0.6666667,7,0,6,1,0,0,6,0,0,0,1,0,0,1,0,0,0,0,1,31,3,1,2,0,0,4,0,3,0,2,2,0,0,0,62,1,0
C:\Users\All Five Projects\spring-batch-main\spring-batch-infrastructure\src\test\java\org\springframework\batch\item\file\MultiResourceItemReaderIntegrationTests.java,org.springframework.batch.item.file.MultiResourceItemReaderIntegrationTests$Anonymous2,anonymous,0,0,0,0,2,1,0,0,1,0.0,0.0,0.0,2,0,2,0,0,0,2,0,0,0,0,0,0,0,0,0,0,0,0,8,1,0,0,0,0,0,0,0,0,0,0,0,0,0,9,-1,0
C:\Users\All Five Projects\spring-batch-main\spring-batch-core\src\main\java\org\springframework\batch\core\JobExecutionListener.java,org.springframework.batch.core.JobExecutionListener,interface,1,9,8,1,2,1,0,0,1,0.0,0.0,0.0,2,0,0,0,0,2,2,0,0,0,0,0,0,0,0,0,0,0,0,6,0,0,0,0,0,0,0,0,0,0,0,0,0,0,60,1,0
C:\Users\All Five Projects\spring-batch-main\spring-batch-core\src\test\java\org\springframework\batch\core\configuration\support\DefaultBatchConfigurationTests.java,org.springframework.batch.core.configuration.support.DefaultBatchConfigurationTests$MyJobConfigurationWithoutTransactionManager,innerclass,2,2,0,2,0,2,0,0,0,0.0,-1.0,-1.0,0,0,0,0,0,0,0,0,0,0,0,0,0,0,0,0,0,0,0,2,0,0,0,0,0,0,0,0,0,0,0,0,0,0,8,8,0
C:\Users\All Five Projects\spring-batch-main\spring-batch-infrastructure\src\test\java\org\springframework\batch\item\file\MultiResourceItemReaderIntegrationTests.java,org.springframework.batch.item.file.MultiResourceItemReaderIntegrationTests$Anonymous1,anonymous,1,1,0,1,1,1,0,2,0,0.0,NaN,NaN,1,0,1,0,0,0,1,0,0,0,0,0,0,0,0,0,0,0,0,7,1,0,0,0,0,0,0,2,0,2,0,0,0,0,9,-1,0
C:\Users\All Five Projects\spring-batch-main\spring-batch-infrastructure\src\test\java\org\springframework\batch\item\file\MultiResourceItemReaderIntegrationTests.java,org.springframework.batch.item.file.MultiResourceItemReaderIntegrationTests$Anonymous4,anonymous,0,0,0,0,3,1,0,0,3,0.0,0.0,0.0,3,0,3,0,0,0,3,0,0,0,0,0,0,0,0,0,0,0,0,11,2,0,0,0,0,0,0,0,0,0,0,0,0,0,11,-1,0
C:\Users\All Five Projects\spring-batch-main\spring-batch-core\src\test\java\org\springframework\batch\core\AbstractExceptionTests.java,org.springframework.batch.core.AbstractExceptionTests,class,3,13,10,3,2,2,9,3,1,0.0,0.0,0.0,2,0,1,0,0,1,2,1,0,0,0,0,0,0,0,0,0,0,0,7,0,0,0,0,0,2,0,1,0,1,0,0,0,0,12,1025,0
C:\Users\All Five Projects\spring-batch-main\spring-batch-infrastructure\src\test\java\org\springframework\batch\item\file\MultiResourceItemReaderIntegrationTests.java,org.springframework.batch.item.file.MultiResourceItemReaderIntegrationTests$Anonymous3,anonymous,0,0,0,0,2,1,0,0,1,0.0,0.0,0.0,2,0,2,0,0,0,2,0,0,0,0,0,0,0,0,0,0,0,0,8,1,0,0,0,0,0,0,0,0,0,0,0,0,0,9,-1,0
C:\Users\All Five Projects\spring-batch-main\spring-batch-infrastructure\src\main\java\org\springframework\batch\item\ItemReader.java,org.springframework.batch.item.ItemReader,interface,2,20,18,2,1,1,0,0,0,0.0,NaN,NaN,1,0,0,0,0,1,1,0,0,0,0,0,0,0,0,0,0,0,0,3,0,0,0,0,0,0,0,0,0,0,0,0,0,0,128,1,0
C:\Users\All Five Projects\spring-batch-main\spring-batch-samples\src\main\java\org\springframework\batch\samples\mail\TestMailSender.java,org.springframework.batch.samples.mail.TestMailSender,class,4,5,1,4,8,1,0,6,2,0.5,0.4,0.6,5,0,5,0,0,0,5,0,0,0,2,0,0,2,0,0,1,0,0,30,1,1,0,0,0,1,0,4,0,3,2,0,0,0,31,1,0
C:\Users\All Five Projects\spring-batch-main\spring-batch-integration\src\main\java\org\springframework\batch\integration\partition\RemotePartitioningWorkerStepBuilderFactory.java,org.springframework.batch.integration.partition.RemotePartitioningWorkerStepBuilderFactory,class,5,8,3,5,3,1,0,2,0,0.33333334,0.6666667,1.0,3,0,3,0,0,0,3,0,0,0,3,0,0,3,0,0,2,0,0,15,1,0,0,0,0,0,0,3,0,3,0,0,0,0,39,1,0
C:\Users\All Five Projects\spring-batch-main\spring-batch-core\src\main\java\org\springframework\batch\core\repository\support\AbstractJobRepositoryFactoryBean.java,org.springframework.batch.core.repository.support.AbstractJobRepositoryFactoryBean,class,20,24,4,20,19,1,2,23,81,0.87500006,0.13186814,0.30769232,15,0,10,1,4,0,14,4,0,0,8,3,0,8,0,0,4,0,0,74,6,0,2,0,1,14,0,15,5,13,3,0,0,1,170,1025,0
C:\Users\All Five Projects\spring-batch-main\spring-batch-core\src\test\java\org\springframework\batch\core\step\item\SimpleStepFactoryBeanTests.java,org.springframework.batch.core.step.item.SimpleStepFactoryBeanTests$Anonymous2,anonymous,3,3,0,3,2,1,0,0,0,0.0,NaN,NaN,1,0,1,0,0,0,1,0,0,0,1,0,0,0,0,1,0,0,0,8,0,0,1,0,0,1,2,1,0,1,1,0,0,0,5,-1,0
C:\Users\All Five Projects\spring-batch-main\spring-batch-core\src\test\java\org\springframework\batch\core\step\item\SimpleStepFactoryBeanTests.java,org.springframework.batch.core.step.item.SimpleStepFactoryBeanTests$Anonymous1,anonymous,1,1,0,1,2,1,0,1,1,0.0,0.0,0.0,2,0,2,0,0,0,2,0,0,0,0,0,0,0,0,0,0,0,0,8,0,0,0,0,0,0,0,0,0,0,0,0,0,0,7,-1,0
C:\Users\All Five Projects\spring-batch-main\spring-batch-core\src\main\java\org\springframework\batch\core\converter\StringToLocalDateConverter.java,org.springframework.batch.core.converter.StringToLocalDateConverter,class,2,8,6,2,1,2,0,1,0,0.0,NaN,NaN,1,0,1,0,0,0,1,0,0,0,0,0,0,0,0,0,0,0,1,5,1,0,0,0,0,0,0,0,0,0,0,0,0,0,21,1,0
C:\Users\All Five Projects\spring-batch-main\spring-batch-infrastructure\src\main\java\org\springframework\batch\poller\DirectPoller.java,org.springframework.batch.poller.DirectPoller$DirectPollingFuture,innerclass,2,2,0,2,15,1,0,5,1,0.6333333,0.46666667,0.6666667,6,0,6,0,0,0,6,0,0,0,5,0,0,5,0,0,3,0,4,58,5,1,2,3,0,2,2,13,4,9,2,0,0,0,39,10,0
C:\Users\All Five Projects\spring-batch-main\spring-batch-infrastructure\src\test\java\org\springframework\batch\item\xml\StaxEventItemReaderTests.java,org.springframework.batch.item.xml.StaxEventItemReaderTests$TroublemakerUnmarshaller,innerclass,2,2,0,2,2,1,0,0,1,0.5,0.0,0.0,2,0,2,0,0,0,2,0,0,0,1,1,1,0,0,0,1,0,0,9,1,0,0,0,0,1,0,1,0,1,0,0,0,0,24,10,0
C:\Users\All Five Projects\spring-batch-main\spring-batch-core\src\main\java\org\springframework\batch\core\step\AbstractStep.java,org.springframework.batch.core.step.AbstractStep,class,23,30,7,23,54,1,4,74,348,0.91570884,0.096666664,0.19333333,29,1,18,4,7,0,25,1,1,0,9,1,0,9,0,0,2,0,16,206,10,1,5,6,0,21,1,29,7,15,3,0,0,0,239,1025,12
C:\Users\All Five Projects\spring-batch-main\spring-batch-core\src\test\java\org\springframework\batch\core\step\skip\LimitCheckingItemSkipPolicyTests.java,org.springframework.batch.core.step.skip.LimitCheckingItemSkipPolicyTests,class,9,10,1,9,12,1,0,7,54,0.6666667,0.13333334,0.13333334,12,0,0,2,0,10,10,0,0,0,1,0,0,1,0,0,0,0,0,47,2,0,0,0,0,8,12,4,0,4,0,0,0,1,45,0,0
C:\Users\All Five Projects\spring-batch-main\spring-batch-core\src\test\java\org\springframework\batch\core\configuration\xml\StopCustomStatusJobParserTests.java,org.springframework.batch.core.configuration.xml.StopCustomStatusJobParserTests,class,5,5,0,5,1,2,0,12,0,0.0,NaN,NaN,1,0,0,0,0,1,1,0,0,0,0,0,0,0,0,0,0,0,0,23,0,0,0,0,0,7,2,4,2,3,0,0,0,0,27,0,0
C:\Users\All Five Projects\spring-batch-main\spring-batch-samples\src\main\java\org\springframework\batch\samples\domain\trade\CustomerUpdateProcessor.java,org.springframework.batch.samples.domain.trade.CustomerUpdateProcessor,class,6,6,0,6,12,1,0,4,0,0.33333334,0.6666667,1.0,3,0,3,0,0,0,3,0,0,0,2,0,0,2,0,0,0,0,0,33,6,0,9,0,0,0,0,3,0,3,1,0,0,0,23,1,0
C:\Users\All Five Projects\spring-batch-main\spring-batch-infrastructure\src\main\java\org\springframework\batch\repeat\context\RepeatContextCounter.java,org.springframework.batch.repeat.context.RepeatContextCounter,class,2,6,4,2,9,1,0,9,9,0.6111111,0.1,0.1,6,0,5,1,0,0,5,0,2,0,3,0,0,3,0,0,3,0,0,37,2,0,1,0,1,1,1,6,0,5,1,0,0,0,81,1,0
C:\Users\All Five Projects\spring-batch-main\spring-batch-infrastructure\src\test\java\org\springframework\batch\item\file\builder\FlatFileItemReaderBuilderTests.java,org.springframework.batch.item.file.builder.FlatFileItemReaderBuilderTests$Foo,innerclass,0,0,0,0,6,1,0,0,9,0.6666667,0.2,0.2,6,0,6,0,0,0,6,0,0,0,3,0,0,3,0,0,0,0,0,23,3,0,0,0,0,0,0,3,0,3,0,0,0,0,9,9,0
C:\Users\All Five Projects\spring-batch-main\spring-batch-core\src\main\java\org\springframework\batch\core\Step.java,org.springframework.batch.core.Step,interface,1,42,41,1,4,1,0,0,6,1.0,0.0,0.0,4,0,0,0,0,4,4,0,0,0,1,0,0,0,0,1,0,0,0,11,2,0,0,0,0,1,0,1,0,1,0,0,0,0,90,1,0
C:\Users\All Five Projects\spring-batch-main\spring-batch-infrastructure\src\main\java\org\springframework\batch\item\jms\JmsMethodArgumentsKeyGenerator.java,org.springframework.batch.item.jms.JmsMethodArgumentsKeyGenerator,class,3,4,1,3,5,1,0,1,0,0.0,NaN,NaN,1,0,1,0,0,0,1,0,0,0,0,0,0,0,0,0,0,0,0,18,2,1,1,1,1,2,2,0,0,0,3,0,0,0,51,1,0
C:\Users\All Five Projects\spring-batch-main\spring-batch-infrastructure\src\test\java\org\springframework\batch\item\support\AbstractFileItemWriterTest.java,org.springframework.batch.item.support.AbstractFileItemWriterTests$TestFileItemWriter,innerclass,2,2,0,2,2,2,0,1,1,0.0,0.0,0.0,2,0,1,0,1,0,2,0,0,0,0,0,0,0,0,0,0,0,1,7,1,0,0,0,0,1,0,0,0,0,0,0,0,0,10,10,0
C:\Users\All Five Projects\spring-batch-main\spring-batch-core\src\main\java\org\springframework\batch\core\repository\support\ResourcelessJobRepository.java,org.springframework.batch.core.repository.support.ResourcelessJobRepository,class,6,8,2,6,14,1,0,17,4,0.5,0.46969697,0.54545456,12,0,12,0,0,0,12,0,0,0,2,0,0,2,0,0,0,0,5,49,6,0,1,0,0,0,2,3,0,4,1,0,0,2,93,1,0
C:\Users\All Five Projects\spring-batch-main\spring-batch-integration\src\test\java\org\springframework\batch\integration\chunk\RemoteChunkingManagerStepBuilderTests.java,org.springframework.batch.integration.chunk.RemoteChunkingManagerStepBuilderTests$BatchConfiguration,innerclass,5,5,0,5,2,1,0,3,1,0.0,0.0,0.0,2,0,0,0,0,2,2,0,0,0,0,0,0,0,0,0,0,0,0,8,2,0,0,0,0,2,0,0,0,0,0,0,0,0,19,8,0
C:\Users\All Five Projects\spring-batch-main\spring-batch-core\src\test\java\org\springframework\batch\core\listener\JobListenerFactoryBeanTests.java,org.springframework.batch.core.listener.JobListenerFactoryBeanTests$JobListenerWithInterface,innerclass,2,2,0,2,2,1,0,0,1,0.5,0.0,0.0,2,0,2,0,0,0,2,0,0,0,2,0,0,0,0,2,0,0,0,10,0,0,0,0,0,0,0,4,0,2,0,0,0,0,11,10,0
C:\Users\All Five Projects\spring-batch-main\spring-batch-infrastructure\src\test\java\org\springframework\batch\repeat\support\TaskExecutorRepeatTemplateAsynchronousTests.java,org.springframework.batch.repeat.support.TaskExecutorRepeatTemplateAsynchronousTests,class,14,15,1,14,23,2,0,33,0,0.21428573,0.2,0.2,7,0,0,1,0,6,6,0,0,0,2,0,0,2,0,0,1,0,6,141,5,2,5,0,0,13,21,32,7,40,4,2,0,8,92,0,0
C:\Users\All Five Projects\spring-batch-main\spring-batch-infrastructure\src\main\java\org\springframework\batch\item\json\JsonObjectMarshaller.java,org.springframework.batch.item.json.JsonObjectMarshaller,interface,1,9,8,1,1,1,0,0,0,0.0,NaN,NaN,1,0,0,0,0,1,1,0,0,0,0,0,0,0,0,0,0,0,0,3,0,0,0,0,0,0,0,0,0,0,0,0,0,0,23,1,0
C:\Users\All Five Projects\spring-batch-main\spring-batch-core\src\main\java\org\springframework\batch\core\repository\dao\ExecutionContextDao.java,org.springframework.batch.core.repository.dao.ExecutionContextDao,interface,3,15,12,3,9,1,0,0,36,0.0,0.0,0.0,9,0,0,0,0,9,9,0,0,0,0,0,0,0,0,0,0,0,0,15,0,0,0,0,0,0,0,0,0,0,0,0,0,0,56,1,0
C:\Users\All Five Projects\spring-batch-main\spring-batch-core\src\test\java\org\springframework\batch\core\job\ExtendedAbstractJobTests.java,org.springframework.batch.core.job.ExtendedAbstractJobTests,class,14,14,0,14,10,3,0,34,0,0.3,1.0,1.0,10,0,0,0,0,10,10,0,0,0,2,0,0,2,0,0,0,0,1,103,0,0,0,0,0,17,1,13,2,11,0,1,2,1,70,0,0
C:\Users\All Five Projects\spring-batch-main\spring-batch-core\src\test\java\org\springframework\batch\core\scope\context\InternalBeanStepScopeIntegrationTests.java,org.springframework.batch.core.scope.context.InternalBeanStepScopeIntegrationTests,class,7,7,0,7,2,1,0,11,1,0.0,0.0,0.0,2,0,0,0,0,2,2,0,0,0,0,0,0,0,0,0,0,0,0,18,0,0,0,0,0,4,4,8,0,8,0,0,0,0,34,0,0
C:\Users\All Five Projects\spring-batch-main\spring-batch-infrastructure\src\test\java\org\springframework\batch\item\xml\Jaxb2UnmarshallingTests.java,org.springframework.batch.item.xml.Jaxb2UnmarshallingTests,class,4,4,0,4,1,2,0,3,0,0.0,NaN,NaN,1,0,0,0,1,0,1,0,0,0,0,0,0,0,0,0,0,0,0,9,1,0,0,0,0,1,0,1,0,1,0,0,0,0,13,0,0
C:\Users\All Five Projects\spring-batch-main\spring-batch-infrastructure\src\test\java\org\springframework\batch\support\DatabaseTypeIntegrationTests.java,org.springframework.batch.support.DatabaseTypeIntegrationTests,class,2,2,0,2,2,1,0,6,1,0.0,0.0,0.0,2,0,0,0,0,2,2,0,0,0,0,0,0,0,0,0,0,0,0,12,0,0,0,0,0,0,0,2,0,2,0,0,0,0,21,0,0
C:\Users\All Five Projects\spring-batch-main\spring-batch-infrastructure\src\test\java\org\springframework\batch\repeat\support\Trade.java,org.springframework.batch.repeat.support.Trade,class,1,2,1,1,5,1,0,3,0,0.4,0.7,1.0,5,0,4,0,0,1,5,0,0,0,3,0,0,3,0,0,3,0,0,22,4,0,0,0,0,4,3,3,1,3,0,0,0,0,20,1,0
C:\Users\All Five Projects\spring-batch-main\spring-batch-integration\src\test\java\org\springframework\batch\integration\chunk\RemoteChunkingWorkerBuilderTests.java,org.springframework.batch.integration.chunk.RemoteChunkingWorkerBuilderTests,class,7,7,0,7,8,1,0,12,14,0.625,0.25,0.35714287,8,0,0,0,0,8,8,0,0,0,2,0,0,2,0,0,2,0,0,48,0,0,0,0,0,7,0,16,0,19,1,0,0,7,39,0,0
C:\Users\All Five Projects\spring-batch-main\spring-batch-core\src\main\java\org\springframework\batch\core\step\tasklet\SystemCommandTasklet.java,org.springframework.batch.core.step.tasklet.SystemCommandTasklet,class,21,23,2,21,29,1,0,25,53,0.83673465,0.20879121,1.0,14,0,14,0,0,0,14,0,0,0,14,1,0,13,1,0,1,0,4,111,4,1,6,0,0,14,4,34,3,21,3,0,0,1,201,1,0
C:\Users\All Five Projects\spring-batch-main\spring-batch-core\src\test\java\org\springframework\batch\core\JobParametersBuilderTests.java,org.springframework.batch.core.JobParametersBuilderTests,class,12,13,1,12,20,1,0,42,0,0.6666667,0.74285716,0.74285716,19,0,0,4,0,15,15,0,0,0,6,0,0,6,0,0,1,0,1,148,1,0,1,0,0,81,34,21,0,19,1,0,0,3,83,0,0
C:\Users\All Five Projects\spring-batch-main\spring-batch-infrastructure\src\test\java\org\springframework\batch\item\database\support\HsqlPagingQueryProviderIntegrationTests.java,org.springframework.batch.item.database.support.HsqlPagingQueryProviderIntegrationTests$TestConfiguration,innerclass,3,3,0,3,1,1,0,4,0,0.0,NaN,NaN,1,0,1,0,0,0,1,0,0,0,0,0,0,0,0,0,0,0,0,5,1,0,0,0,0,1,0,0,0,0,0,0,0,0,18,8,0
C:\Users\All Five Projects\spring-batch-main\spring-batch-infrastructure\src\test\java\org\springframework\batch\item\xml\StaxEventItemReaderTests.java,org.springframework.batch.item.xml.StaxEventItemReaderTests$MockFragmentUnmarshaller,innerclass,4,4,0,4,8,1,0,19,6,0.0,0.0,0.0,4,0,2,2,0,0,2,0,0,0,0,0,0,0,0,0,0,0,4,43,4,1,1,1,2,1,0,9,0,9,2,0,0,0,79,10,0
C:\Users\All Five Projects\spring-batch-main\spring-batch-core\src\test\java\org\springframework\batch\core\step\RestartInPriorStepTests.java,org.springframework.batch.core.step.RestartInPriorStepTests,class,10,10,0,10,1,1,0,5,0,0.0,NaN,NaN,1,0,0,0,0,1,1,0,0,0,2,0,0,2,0,0,0,0,0,37,0,0,0,0,0,1,2,2,0,4,0,0,2,0,25,0,0
C:\Users\All Five Projects\spring-batch-main\spring-batch-infrastructure\src\test\java\org\springframework\batch\config\DatasourceTests.java,org.springframework.batch.config.DatasourceTests,class,5,5,0,5,1,1,0,4,0,0.0,NaN,NaN,1,0,0,0,0,1,1,0,0,0,1,0,0,1,0,0,0,0,0,9,0,0,0,0,0,5,2,1,0,2,0,0,0,0,22,0,0
C:\Users\All Five Projects\spring-batch-main\spring-batch-core\src\test\java\org\springframework\batch\core\step\item\BatchRetryTemplateTests.java,org.springframework.batch.core.step.item.BatchRetryTemplateTests,class,12,12,0,12,10,3,0,18,0,0.3,0.6,0.6,5,0,0,0,0,5,5,0,0,0,2,0,0,2,0,0,0,0,18,99,6,1,1,0,0,40,12,32,2,28,2,0,1,13,41,0,0
C:\Users\All Five Projects\spring-batch-main\spring-batch-core\src\main\java\org\springframework\batch\core\JobParametersValidator.java,org.springframework.batch.core.JobParametersValidator,interface,2,11,9,2,1,1,0,0,0,0.0,NaN,NaN,1,0,0,0,0,1,1,0,0,0,0,0,0,0,0,0,0,0,0,3,0,0,0,0,0,0,0,0,0,0,0,0,0,0,36,1,0
C:\Users\All Five Projects\spring-batch-main\spring-batch-core\src\test\java\org\springframework\batch\core\step\item\TaskletStepExceptionTests.java,org.springframework.batch.core.step.item.TaskletStepExceptionTests$InterruptionListener,innerclass,2,2,0,2,1,1,0,1,0,0.0,NaN,NaN,1,0,1,0,0,0,1,0,0,0,0,0,0,0,0,0,0,0,0,5,0,0,0,0,0,0,0,0,0,0,0,0,0,0,6,10,0
C:\Users\All Five Projects\spring-batch-main\spring-batch-infrastructure\src\main\java\org\springframework\batch\support\transaction\TransactionAwareProxyFactory.java,org.springframework.batch.support.transaction.TransactionAwareProxyFactory$TargetSynchronization,innerclass,3,3,0,3,3,1,0,2,0,0.0,1.0,1.0,2,0,2,0,0,0,2,0,0,0,2,0,0,2,0,0,2,0,0,17,0,0,1,0,0,0,0,2,0,2,2,0,0,0,12,2,0
C:\Users\All Five Projects\spring-batch-main\spring-batch-core\src\main\java\org\springframework\batch\core\job\flow\JobFlowExecutor.java,org.springframework.batch.core.job.flow.JobFlowExecutor,class,13,16,3,13,21,1,0,29,7,0.690909,0.4,0.8,11,0,9,1,1,0,10,0,0,0,5,0,0,4,1,0,4,0,1,69,9,1,4,0,0,2,1,11,1,9,2,0,0,0,64,1,0
C:\Users\All Five Projects\spring-batch-main\spring-batch-core\src\test\java\org\springframework\batch\core\launch\support\CommandLineJobRunnerTests.java,org.springframework.batch.core.launch.support.CommandLineJobRunnerTests$StubSystemExiter,innerclass,1,1,0,1,2,1,0,0,0,0.0,1.0,1.0,2,1,2,0,0,0,2,0,0,0,1,1,0,1,0,0,0,0,0,9,1,0,0,0,0,0,0,1,0,1,0,0,0,0,7,9,0
C:\Users\All Five Projects\spring-batch-main\spring-batch-infrastructure\src\test\java\org\springframework\batch\item\sample\books\data\AuthorRepository.java,org.springframework.batch.item.sample.books.data.AuthorRepository,interface,2,2,0,2,0,1,0,0,0,0.0,-1.0,-1.0,0,0,0,0,0,0,0,0,0,0,0,0,0,0,0,0,0,0,0,2,0,0,0,0,0,0,0,0,0,0,0,0,0,0,2,1,0
C:\Users\All Five Projects\spring-batch-main\spring-batch-integration\src\main\java\org\springframework\batch\integration\partition\RemotePartitioningWorkerStepBuilder.java,org.springframework.batch.integration.partition.RemotePartitioningWorkerStepBuilder,class,28,33,5,28,26,2,0,25,243,0.92546594,0.0,0.0,23,0,22,1,0,0,22,0,0,0,7,2,0,7,0,0,2,0,0,121,20,0,2,0,0,16,0,13,1,11,2,0,0,0,155,1,1
C:\Users\All Five Projects\spring-batch-main\spring-batch-core\src\test\java\org\springframework\batch\core\repository\support\SimpleJobRepositoryTests.java,org.springframework.batch.core.repository.support.SimpleJobRepositoryTests,class,18,18,0,18,24,1,0,47,0,0.74534166,1.0,1.0,23,0,2,0,0,21,23,0,0,0,14,0,0,0,0,14,0,0,12,186,0,1,0,0,0,29,12,42,1,42,1,0,0,7,121,0,0
C:\Users\All Five Projects\spring-batch-main\spring-batch-infrastructure\src\test\java\org\springframework\batch\item\database\SingleKeyFooDao.java,org.springframework.batch.item.database.SingleKeyFooDao,class,4,4,0,4,1,2,0,8,0,0.0,NaN,NaN,1,0,1,0,0,0,1,0,0,0,0,0,0,0,0,0,0,0,0,13,2,0,0,0,0,1,4,2,0,4,1,0,0,1,26,1,0
C:\Users\All Five Projects\spring-batch-main\spring-batch-core\src\test\java\org\springframework\batch\core\repository\dao\Jackson2ExecutionContextStringSerializerTests.java,org.springframework.batch.core.repository.dao.Jackson2ExecutionContextStringSerializerTests,class,11,11,0,11,7,6,0,19,1,0.2857143,0.0,0.0,7,0,0,0,1,6,7,0,0,0,1,0,0,1,0,0,1,0,4,111,1,0,0,0,1,14,11,49,0,39,0,0,8,2,72,0,0
C:\Users\All Five Projects\spring-batch-main\spring-batch-infrastructure\src\test\java\org\springframework\batch\item\database\JdbcPagingItemReaderClassicParameterTests.java,org.springframework.batch.item.database.JdbcPagingItemReaderClassicParameterTests,class,7,7,0,7,2,2,0,18,1,0.0,0.0,0.0,2,0,0,0,2,0,2,0,0,0,0,0,0,0,0,0,0,0,1,30,3,0,0,0,0,7,5,4,0,6,1,0,0,1,45,0,0
C:\Users\All Five Projects\spring-batch-main\spring-batch-infrastructure\src\test\java\org\springframework\batch\item\database\builder\JpaPagingItemReaderBuilderTests.java,org.springframework.batch.item.database.builder.JpaPagingItemReaderBuilderTests,class,13,13,0,13,12,1,0,32,0,0.42857143,0.7619048,1.0,7,0,0,0,0,7,7,0,0,0,2,0,0,2,0,0,0,0,0,120,0,4,4,0,1,18,17,28,0,22,1,0,1,0,78,0,0
C:\Users\All Five Projects\spring-batch-main\spring-batch-core\src\main\java\org\springframework\batch\core\repository\support\MongoJobRepositoryFactoryBean.java,org.springframework.batch.core.repository.support.MongoJobRepositoryFactoryBean,class,11,11,0,11,6,2,0,2,0,0.0,1.0,1.0,6,0,2,0,4,0,6,0,0,0,1,0,0,1,0,0,0,0,0,22,4,0,0,0,0,1,0,1,0,1,0,0,0,0,68,1,0
C:\Users\All Five Projects\spring-batch-main\spring-batch-infrastructure\src\main\java\org\springframework\batch\item\ItemProcessor.java,org.springframework.batch.item.ItemProcessor,interface,4,13,9,4,1,1,0,0,0,0.0,NaN,NaN,1,0,0,0,0,1,1,0,0,0,0,0,0,0,0,0,0,0,0,3,0,0,0,0,0,0,0,0,0,0,0,0,0,0,86,1,0
C:\Users\All Five Projects\spring-batch-main\spring-batch-core\src\main\java\org\springframework\batch\core\launch\support\TaskExecutorJobLauncher.java,org.springframework.batch.core.launch.support.TaskExecutorJobLauncher,class,18,21,3,18,15,1,0,23,0,0.56000006,0.6,1.0,5,0,5,0,0,0,5,0,0,0,5,1,0,4,1,0,1,0,1,89,1,1,5,1,0,12,0,10,2,8,3,1,0,0,163,1,1
C:\Users\All Five Projects\spring-batch-main\spring-batch-core\src\main\java\org\springframework\batch\core\step\builder\FaultTolerantStepBuilder.java,org.springframework.batch.core.step.builder.FaultTolerantStepBuilder$TerminateOnExceptionChunkListenerDelegate,innerclass,4,4,0,4,10,1,0,5,0,0.0,1.0,1.0,6,0,5,0,0,1,6,0,0,0,1,0,0,1,0,0,1,0,0,39,2,0,0,3,1,3,0,2,0,1,1,0,0,0,36,10,0
C:\Users\All Five Projects\spring-batch-main\spring-batch-infrastructure\src\main\java\org\springframework\batch\repeat\support\RepeatTemplate.java,org.springframework.batch.repeat.support.RepeatTemplate,class,15,22,7,15,49,1,1,52,95,0.75,0.17582418,0.1978022,19,2,5,5,9,0,14,0,1,0,4,0,0,3,1,0,0,0,9,196,12,7,4,6,1,16,4,39,4,27,4,0,0,0,294,1,8
C:\Users\All Five Projects\spring-batch-main\spring-batch-samples\src\main\java\org\springframework\batch\samples\mongodb\DeletionJobConfiguration.java,org.springframework.batch.samples.mongodb.DeletionJobConfiguration,class,15,16,1,15,4,1,0,16,6,0.0,0.0,0.0,4,0,4,0,0,0,4,0,0,0,0,0,0,0,0,0,0,0,0,16,4,0,0,0,0,8,1,1,0,1,0,0,0,0,32,1,0
C:\Users\All Five Projects\spring-batch-main\spring-batch-core\src\main\java\org\springframework\batch\core\configuration\support\AbstractApplicationContextFactory.java,org.springframework.batch.core.configuration.support.AbstractApplicationContextFactory,class,12,16,4,12,31,1,1,24,43,0.7738095,0.26373628,0.72527474,14,0,9,0,5,0,14,1,2,0,6,1,0,6,0,0,2,0,3,101,10,3,6,1,3,6,1,14,2,11,5,0,0,0,169,1025,2
C:\Users\All Five Projects\spring-batch-main\spring-batch-infrastructure\src\main\java\org\springframework\batch\item\database\support\SqlServerPagingQueryProvider.java,org.springframework.batch.item.database.support.SqlServerPagingQueryProvider,class,3,5,2,3,4,2,0,8,3,0.0,0.0,0.0,3,0,2,1,0,0,2,0,0,0,0,0,0,0,0,0,0,0,3,16,4,0,0,0,0,1,0,0,0,0,1,0,0,0,35,1,0
C:\Users\All Five Projects\spring-batch-main\spring-batch-infrastructure\src\test\java\org\springframework\batch\item\file\MultiResourceItemReaderIntegrationTests.java,org.springframework.batch.item.file.MultiResourceItemReaderIntegrationTests$ItemStreamReaderImpl,innerclass,4,4,0,4,5,1,0,0,10,0.8,0.0,0.0,5,0,5,0,0,0,5,0,0,0,3,0,0,3,0,0,0,0,0,19,1,0,0,0,0,0,0,6,0,3,0,0,0,0,21,10,0
C:\Users\All Five Projects\spring-batch-main\spring-batch-core\src\test\java\org\springframework\batch\core\configuration\xml\NextAttributeUnknownJobParserTests.java,org.springframework.batch.core.configuration.xml.NextAttributeUnknownJobParserTests,class,6,6,0,6,1,2,0,10,0,0.0,NaN,NaN,1,0,0,0,0,1,1,0,0,0,0,0,0,0,0,0,0,0,0,22,0,0,0,0,0,3,1,3,0,3,0,0,1,0,25,0,0
C:\Users\All Five Projects\spring-batch-main\spring-batch-core\src\test\java\org\springframework\batch\core\test\concurrent\ConcurrentTransactionTests.java,org.springframework.batch.core.test.concurrent.ConcurrentTransactionTests$ConcurrentJobConfiguration$Anonymous4,anonymous,4,4,0,4,1,1,0,0,0,0.0,NaN,NaN,1,0,1,0,0,0,1,0,0,0,0,0,0,0,0,0,0,0,0,5,1,0,0,0,0,0,0,0,0,0,0,0,0,0,9,-1,0
C:\Users\All Five Projects\spring-batch-main\spring-batch-core\src\test\java\org\springframework\batch\core\test\football\internal\FootballExceptionHandler.java,org.springframework.batch.core.test.football.internal.FootballExceptionHandler,class,4,5,1,4,2,1,0,2,0,0.0,NaN,NaN,1,0,1,0,0,0,1,0,0,0,1,1,0,1,0,0,1,0,0,11,0,0,0,0,1,1,0,1,0,1,1,0,0,0,12,1,1
C:\Users\All Five Projects\spring-batch-main\spring-batch-infrastructure\src\main\java\org\springframework\batch\item\file\FlatFileFooterCallback.java,org.springframework.batch.item.file.FlatFileFooterCallback,interface,0,1,1,0,1,1,0,0,0,0.0,NaN,NaN,1,0,0,0,0,1,1,0,0,0,0,0,0,0,0,0,0,0,0,3,0,0,0,0,0,0,0,0,0,0,0,0,0,0,33,1,0
C:\Users\All Five Projects\spring-batch-main\spring-batch-infrastructure\src\test\java\org\springframework\batch\item\queue\builder\BlockingQueueItemWriterBuilderTests.java,org.springframework.batch.item.queue.builder.BlockingQueueItemWriterBuilderTests,class,3,3,0,3,2,1,0,6,1,0.0,0.0,0.0,2,0,0,0,0,2,2,0,0,0,0,0,0,0,0,0,0,0,0,11,0,0,0,0,0,1,1,2,0,2,0,0,0,1,20,0,0
C:\Users\All Five Projects\spring-batch-main\spring-batch-core\src\test\java\org\springframework\batch\core\configuration\xml\DummyTasklet.java,org.springframework.batch.core.configuration.xml.DummyTasklet,class,5,7,2,5,1,1,0,0,0,0.0,NaN,NaN,1,0,1,0,0,0,1,0,0,0,0,0,0,0,0,0,0,0,0,5,1,0,0,0,0,0,0,0,0,0,0,0,0,0,14,1,0
C:\Users\All Five Projects\spring-batch-main\spring-batch-core\src\main\java\org\springframework\batch\core\job\builder\FlowBuilder.java,org.springframework.batch.core.job.builder.FlowBuilder$SplitBuilder,innerclass,7,7,0,7,7,1,0,8,0,0.0,1.0,1.0,2,0,2,0,0,0,2,0,0,0,2,0,0,2,0,0,2,0,1,27,2,0,2,0,3,2,1,9,2,6,1,0,0,0,86,9,0
C:\Users\All Five Projects\spring-batch-main\spring-batch-infrastructure\src\test\java\org\springframework\batch\item\file\transform\BeanWrapperFieldExtractorTests.java,org.springframework.batch.item.file.transform.BeanWrapperFieldExtractorTests,class,4,4,0,4,3,1,0,8,0,0.0,1.0,1.0,3,0,0,0,0,3,3,0,0,0,1,0,0,1,0,0,1,0,0,29,0,0,0,0,0,11,6,11,0,11,0,0,0,2,30,0,0
C:\Users\All Five Projects\spring-batch-main\spring-batch-core\src\main\java\org\springframework\batch\core\observability\BatchStepObservation.java,org.springframework.batch.core.observability.BatchStepObservation$StepHighCardinalityTags,enum,0,0,0,0,0,1,0,0,0,0.0,-1.0,-1.0,0,0,0,0,0,0,0,0,0,0,0,0,0,0,0,0,0,0,0,7,0,0,0,0,0,0,0,0,0,0,0,1,0,0,24,0,0
C:\Users\All Five Projects\spring-batch-main\spring-batch-infrastructure\src\test\java\org\springframework\batch\item\file\separator\SimpleRecordSeparatorPolicyTests.java,org.springframework.batch.item.file.separator.SimpleRecordSeparatorPolicyTests,class,2,2,0,2,5,1,0,5,0,0.0,1.0,1.0,5,0,0,0,0,5,5,0,0,0,1,0,0,1,0,0,1,0,0,20,0,0,0,0,0,4,0,3,0,3,0,0,0,0,19,0,0
C:\Users\All Five Projects\spring-batch-main\spring-batch-infrastructure\src\test\java\org\springframework\batch\item\data\MongoCursorItemReaderTest.java,org.springframework.batch.item.data.MongoCursorItemReaderTest,class,11,11,0,11,15,1,0,46,0,0.31111112,1.0,1.0,15,0,0,0,0,15,15,0,0,0,3,0,0,3,0,0,0,0,14,176,0,0,0,0,0,53,9,37,0,30,0,0,0,1,73,0,0
C:\Users\All Five Projects\spring-batch-main\spring-batch-infrastructure\src\main\java\org\springframework\batch\item\data\RepositoryItemWriter.java,org.springframework.batch.item.data.RepositoryItemWriter,class,10,13,3,10,17,1,0,17,11,0.61904764,0.5,0.6,7,0,4,2,1,0,5,0,0,0,3,1,0,2,1,0,1,0,0,67,3,1,3,2,0,5,0,5,1,5,2,0,0,0,136,1,2
C:\Users\All Five Projects\spring-batch-main\spring-batch-samples\src\test\java\org\springframework\batch\samples\restart\stop\JobOperatorFunctionalTests.java,org.springframework.batch.samples.restart.stop.JobOperatorFunctionalTests,class,10,11,1,10,10,1,0,34,0,0.4375,1.0,1.0,4,0,0,1,0,3,3,0,0,0,4,1,0,4,0,0,1,0,5,71,0,2,1,0,0,17,16,20,5,21,1,0,0,0,63,0,2
C:\Users\All Five Projects\spring-batch-main\spring-batch-core\src\main\java\org\springframework\batch\core\configuration\StepRegistry.java,org.springframework.batch.core.configuration.StepRegistry,interface,1,3,2,1,3,1,0,0,3,0.0,0.0,0.0,3,0,0,0,0,3,3,0,0,0,0,0,0,0,0,0,0,0,0,5,0,0,0,0,0,0,0,0,0,0,0,0,0,0,58,1,0
C:\Users\All Five Projects\spring-batch-main\spring-batch-core\src\main\java\org\springframework\batch\core\configuration\xml\CoreNamespaceUtils.java,org.springframework.batch.core.configuration.xml.CoreNamespaceUtils,class,14,22,8,14,32,1,0,35,87,0.8444445,0.0,0.0,15,14,4,11,0,0,4,0,0,0,9,9,0,9,0,0,9,0,14,119,10,4,1,0,2,19,0,27,0,26,6,0,0,0,155,1025,0
C:\Users\All Five Projects\spring-batch-main\spring-batch-core\src\main\java\org\springframework\batch\core\converter\DateToStringConverter.java,org.springframework.batch.core.converter.DateToStringConverter,class,2,8,6,2,1,2,0,2,0,0.0,NaN,NaN,1,0,1,0,0,0,1,0,0,0,0,0,0,0,0,0,0,0,0,5,1,0,0,0,0,0,0,0,0,0,0,0,0,0,20,1,0
C:\Users\All Five Projects\spring-batch-main\spring-batch-samples\src\main\java\org\springframework\batch\samples\mongodb\InsertionJobConfiguration.java,org.springframework.batch.samples.mongodb.InsertionJobConfiguration,class,14,15,1,14,4,1,0,12,6,0.0,0.0,0.0,4,0,4,0,0,0,4,0,0,0,0,0,0,0,0,0,0,0,0,16,4,0,0,0,0,7,1,1,0,1,0,0,0,0,34,1,0
C:\Users\All Five Projects\spring-batch-main\spring-batch-core\src\test\java\org\springframework\batch\core\job\flow\support\SimpleFlowTests.java,org.springframework.batch.core.job.flow.support.SimpleFlowTests,class,13,14,1,13,17,3,0,25,0,0.23529412,0.88235295,0.88235295,17,0,0,0,1,16,17,0,0,0,2,0,0,0,2,0,0,0,8,124,1,0,0,0,0,51,1,17,1,16,0,2,1,1,65,0,0
C:\Users\All Five Projects\spring-batch-main\spring-batch-core\src\main\java\org\springframework\batch\core\converter\LocalDateTimeToStringConverter.java,org.springframework.batch.core.converter.LocalDateTimeToStringConverter,class,2,8,6,2,1,2,0,1,0,0.0,NaN,NaN,1,0,1,0,0,0,1,0,0,0,0,0,0,0,0,0,0,0,0,5,1,0,0,0,0,0,0,0,0,0,0,0,0,0,21,1,0
C:\Users\All Five Projects\spring-batch-main\spring-batch-core\src\main\java\org\springframework\batch\core\step\skip\LimitCheckingItemSkipPolicy.java,org.springframework.batch.core.step.skip.LimitCheckingItemSkipPolicy,class,4,8,4,4,9,1,0,2,0,0.42857143,0.52380955,0.71428573,7,0,7,0,0,0,7,0,0,0,2,0,0,2,0,0,0,0,1,36,2,0,0,0,0,0,1,5,0,2,2,0,0,0,141,1,0
C:\Users\All Five Projects\spring-batch-main\spring-batch-core\src\main\java\org\springframework\batch\core\launch\support\DataFieldMaxValueJobParametersIncrementer.java,org.springframework.batch.core.launch.support.DataFieldMaxValueJobParametersIncrementer,class,5,5,0,5,7,1,0,5,0,0.5,0.6,1.0,6,0,6,0,0,0,6,0,0,0,3,1,1,2,0,0,1,0,0,26,3,0,1,0,0,4,0,5,0,3,0,0,0,0,58,1,0
C:\Users\All Five Projects\spring-batch-main\spring-batch-core\src\test\java\org\springframework\batch\core\converter\LocalDateToStringConverterTests.java,org.springframework.batch.core.converter.LocalDateToStringConverterTests,class,2,2,0,2,1,1,0,2,0,0.0,NaN,NaN,1,0,0,0,0,1,1,0,0,0,1,0,0,1,0,0,1,0,0,8,0,0,0,0,0,1,0,3,0,3,0,0,0,0,15,0,0
C:\Users\All Five Projects\spring-batch-main\spring-batch-infrastructure\src\test\java\org\springframework\batch\container\jms\BatchMessageListenerContainerTests.java,org.springframework.batch.container.jms.BatchMessageListenerContainerTests$Anonymous1,anonymous,1,1,0,1,2,1,0,0,1,0.0,0.0,0.0,2,0,0,0,2,0,2,0,0,0,0,0,0,0,0,0,0,0,0,6,0,0,0,0,0,0,0,0,0,0,0,0,0,0,7,-1,0
C:\Users\All Five Projects\spring-batch-main\spring-batch-infrastructure\src\test\java\org\springframework\batch\item\adapter\HippyMethodInvokerTests.java,org.springframework.batch.item.adapter.HippyMethodInvokerTests$2OverloadingPojo,innerclass,0,0,0,0,2,1,0,0,1,0.0,0.0,0.0,2,0,2,0,0,0,2,0,0,0,0,0,0,0,0,0,0,0,0,8,2,0,0,0,0,1,0,0,0,0,0,0,0,0,5,0,0
C:\Users\All Five Projects\spring-batch-main\spring-batch-core\src\test\java\org\springframework\batch\core\step\tasklet\TaskletStepTests.java,org.springframework.batch.core.step.tasklet.TaskletStepTests$MockRestartableItemReader,innerclass,6,6,0,6,6,2,0,2,13,0.75,0.06666667,0.06666667,6,0,6,0,0,0,6,0,0,0,2,0,0,2,0,0,1,0,0,23,4,0,0,0,0,3,0,3,0,2,0,0,0,0,27,10,0
C:\Users\All Five Projects\spring-batch-main\spring-batch-integration\src\test\java\org\springframework\batch\integration\partition\PollingIntegrationTests.java,org.springframework.batch.integration.partition.PollingIntegrationTests,class,9,9,0,9,2,1,0,10,0,0.33333334,1.0,1.0,2,0,0,0,0,2,2,0,0,0,3,0,0,3,0,0,0,0,0,18,0,0,0,0,0,0,8,4,2,7,0,0,0,0,23,0,0
C:\Users\All Five Projects\spring-batch-main\spring-batch-infrastructure\src\test\java\org\springframework\batch\item\function\SupplierItemReaderTests.java,org.springframework.batch.item.function.SupplierItemReaderTests,class,2,2,0,2,2,1,0,4,1,0.5,0.0,0.0,2,0,0,0,0,2,2,0,0,0,1,0,0,1,0,0,1,0,0,18,0,0,0,0,0,3,0,2,0,2,0,1,0,1,15,0,0
C:\Users\All Five Projects\spring-batch-main\spring-batch-core\src\test\java\org\springframework\batch\core\configuration\xml\DummyChunkListener.java,org.springframework.batch.core.configuration.xml.DummyChunkListener,class,1,2,1,1,0,1,0,0,0,0.0,-1.0,-1.0,0,0,0,0,0,0,0,0,0,0,0,0,0,0,0,0,0,0,0,2,0,0,0,0,0,0,0,0,0,0,0,0,0,0,6,1,0
C:\Users\All Five Projects\spring-batch-main\spring-batch-infrastructure\src\main\java\org\springframework\batch\support\transaction\TransactionAwareBufferedWriter.java,org.springframework.batch.support.transaction.TransactionAwareBufferedWriter,class,5,9,4,5,21,2,0,17,17,0.7714286,0.4642857,1.0,10,0,8,2,0,0,8,0,0,0,7,1,0,7,0,0,5,0,2,127,7,0,2,1,0,6,2,19,5,17,2,1,0,0,153,1,0
C:\Users\All Five Projects\spring-batch-main\spring-batch-samples\src\main\java\org\springframework\batch\samples\validation\ValidationSampleConfiguration.java,org.springframework.batch.samples.validation.ValidationSampleConfiguration,class,16,18,2,16,5,1,0,12,10,0.0,0.0,0.0,5,0,5,0,0,0,5,0,0,0,0,0,0,0,0,0,0,0,1,22,5,0,0,0,0,4,3,3,0,3,0,0,0,0,27,1,0
C:\Users\All Five Projects\spring-batch-main\spring-batch-core\src\main\java\org\springframework\batch\core\repository\persistence\converter\StepExecutionConverter.java,org.springframework.batch.core.repository.persistence.converter.StepExecutionConverter,class,6,8,2,6,3,1,0,79,1,0.0,0.0,0.0,2,0,2,0,0,0,2,0,0,0,0,0,0,0,0,0,0,0,0,49,2,0,0,0,0,0,0,3,0,3,1,0,0,0,16,1,0
C:\Users\All Five Projects\spring-batch-main\spring-batch-integration\src\main\java\org\springframework\batch\integration\async\AsyncItemWriter.java,org.springframework.batch.integration.async.AsyncItemWriter,class,9,11,2,9,14,1,0,10,0,0.41666666,1.0,1.0,6,0,6,0,0,0,6,0,0,0,2,1,0,2,0,0,1,0,0,47,0,1,2,1,3,2,0,5,0,5,3,0,0,0,68,1,1
C:\Users\All Five Projects\spring-batch-main\spring-batch-core\src\test\java\org\springframework\batch\core\configuration\xml\StopAndRestartFailedJobParserTests.java,org.springframework.batch.core.configuration.xml.StopAndRestartFailedJobParserTests,class,6,7,1,6,2,2,0,10,1,0.0,NaN,NaN,2,0,0,1,0,1,1,0,0,0,0,0,0,0,0,0,0,0,0,19,1,0,0,0,0,4,0,5,0,3,0,0,0,0,30,0,0
C:\Users\All Five Projects\spring-batch-main\spring-batch-infrastructure\src\test\java\org\springframework\batch\item\avro\builder\AvroItemReaderBuilderTests.java,org.springframework.batch.item.avro.builder.AvroItemReaderBuilderTests,class,6,6,0,6,8,3,0,10,28,0.0,0.0,0.0,8,0,0,0,0,8,8,0,0,0,0,0,0,0,0,0,0,0,0,31,0,0,0,0,0,1,0,5,0,5,0,0,0,3,35,0,0
C:\Users\All Five Projects\spring-batch-main\spring-batch-samples\src\test\java\org\springframework\batch\samples\filter\CustomerFilterJobFunctionalTests.java,org.springframework.batch.samples.filter.CustomerFilterJobFunctionalTests,class,10,11,1,10,6,1,0,21,0,0.6333333,1.0,1.0,5,0,1,1,0,3,4,0,0,0,6,1,0,6,0,0,2,0,1,78,1,1,0,0,3,30,8,11,0,12,1,0,1,1,74,0,0
C:\Users\All Five Projects\spring-batch-main\spring-batch-infrastructure\src\main\java\org\springframework\batch\item\ldif\MappingLdifReader.java,org.springframework.batch.item.ldif.MappingLdifReader,class,13,15,2,13,22,4,0,14,17,0.7375001,0.31111112,0.8,10,0,7,0,3,0,10,0,0,0,8,1,0,8,0,0,1,0,0,75,3,2,7,1,0,9,4,15,3,11,3,0,0,0,158,1,2
C:\Users\All Five Projects\spring-batch-main\spring-batch-test\src\test\java\org\springframework\batch\test\StepScopeAnnotatedListenerIntegrationTests.java,org.springframework.batch.test.StepScopeAnnotatedListenerIntegrationTests,class,7,7,0,7,1,1,0,4,0,0.0,NaN,NaN,1,0,0,0,0,1,1,0,0,0,1,0,0,0,0,1,0,0,0,62,0,0,0,0,0,1,0,1,0,2,0,0,2,0,16,0,0
C:\Users\All Five Projects\spring-batch-main\spring-batch-infrastructure\src\test\java\org\springframework\batch\item\adapter\HippyMethodInvokerTests.java,org.springframework.batch.item.adapter.HippyMethodInvokerTests$Service,interface,0,0,0,0,1,1,0,0,0,0.0,NaN,NaN,1,0,0,0,0,1,1,0,0,0,0,0,0,0,0,0,0,0,0,3,0,0,0,0,0,0,0,0,0,0,0,0,0,0,4,1,0
C:\Users\All Five Projects\spring-batch-main\spring-batch-core\src\test\java\org\springframework\batch\core\configuration\annotation\BatchRegistrarTests.java,org.springframework.batch.core.configuration.annotation.BatchRegistrarTests$CustomJobKeyGeneratorConfiguration,innerclass,7,7,0,7,3,1,0,4,3,0.0,0.0,0.0,3,0,3,0,0,0,3,0,0,0,0,0,0,0,0,0,0,0,0,16,3,0,0,0,0,1,0,0,0,0,0,0,1,0,23,9,0
C:\Users\All Five Projects\spring-batch-main\spring-batch-infrastructure\src\test\java\org\springframework\batch\support\LastModifiedResourceComparatorTests.java,org.springframework.batch.support.LastModifiedResourceComparatorTests,class,3,3,0,3,4,1,0,9,0,0.125,1.0,1.0,4,0,0,0,0,4,4,0,0,0,2,1,1,1,0,0,2,0,1,23,0,0,0,0,0,5,2,7,0,7,0,0,0,2,49,1,0
C:\Users\All Five Projects\spring-batch-main\spring-batch-integration\src\test\java\org\springframework\batch\integration\config\xml\RemoteChunkingParserTests.java,org.springframework.batch.integration.config.xml.RemoteChunkingParserTests,class,18,18,0,18,11,1,0,10,55,0.0,0.0,0.0,11,0,0,0,0,11,11,0,0,0,0,0,0,0,0,0,0,0,0,123,0,0,0,0,0,64,0,40,1,40,0,0,2,0,90,0,0
C:\Users\All Five Projects\spring-batch-main\spring-batch-samples\src\test\java\org\springframework\batch\samples\adapter\tasklet\TaskletAdapterJobFunctionalTests.java,org.springframework.batch.samples.adapter.tasklet.TaskletAdapterJobFunctionalTests$TestBean,innerclass,0,0,0,0,2,1,0,2,0,0.0,1.0,1.0,2,0,2,0,0,0,2,0,0,0,1,0,0,1,0,0,0,0,0,12,0,0,0,0,0,2,3,1,0,1,0,0,0,0,10,8,0
C:\Users\All Five Projects\spring-batch-main\spring-batch-infrastructure\src\test\java\org\springframework\batch\repeat\policy\CountingCompletionPolicyTests.java,org.springframework.batch.repeat.policy.CountingCompletionPolicyTests,class,4,4,0,4,6,1,0,7,15,0.0,0.0,0.0,6,0,0,0,0,6,6,0,0,0,0,0,0,0,0,0,0,0,0,106,0,0,0,0,0,0,5,16,0,14,0,6,0,0,27,0,0
C:\Users\All Five Projects\spring-batch-main\spring-batch-infrastructure\src\main\java\org\springframework\batch\repeat\RepeatListener.java,org.springframework.batch.repeat.RepeatListener,interface,2,5,3,2,5,1,0,0,10,0.0,0.0,0.0,5,0,0,0,0,5,5,0,0,0,0,0,0,0,0,0,0,0,0,12,0,0,0,0,0,0,0,0,0,0,0,0,0,0,114,1,0
C:\Users\All Five Projects\spring-batch-main\spring-batch-infrastructure\src\test\java\org\springframework\batch\item\avro\example\User.java,org.springframework.batch.item.avro.example.User,class,15,23,8,15,45,2,0,19,217,0.8538462,0.092307694,0.13538462,26,8,25,0,1,0,26,0,0,0,10,7,1,9,0,0,7,0,0,1,18,1,9,0,0,6,17,24,0,12,4,0,1,0,0,1,0
C:\Users\All Five Projects\spring-batch-main\spring-batch-core\src\test\java\org\springframework\batch\core\step\tasklet\TaskletStepTests.java,org.springframework.batch.core.step.tasklet.TaskletStepTests,class,37,38,1,37,42,4,0,55,0,0.57017547,1.0,1.0,38,0,0,3,0,35,35,0,0,0,9,0,0,7,0,2,2,0,2,600,3,0,0,3,0,47,45,119,3,118,1,28,3,3,165,0,0
C:\Users\All Five Projects\spring-batch-main\spring-batch-infrastructure\src\main\java\org\springframework\batch\item\data\Neo4jItemReader.java,org.springframework.batch.item.data.Neo4jItemReader,class,7,10,3,7,20,3,0,17,59,0.8253968,0.17582418,0.61538464,14,0,9,0,5,0,14,0,2,0,9,0,0,8,1,0,0,0,0,76,6,0,5,0,0,15,1,13,3,13,1,0,0,0,203,1,1
C:\Users\All Five Projects\spring-batch-main\spring-batch-core\src\main\java\org\springframework\batch\core\configuration\JobLocator.java,org.springframework.batch.core.configuration.JobLocator,interface,2,6,4,2,1,1,0,0,0,0.0,NaN,NaN,1,0,0,0,0,1,1,0,0,0,0,0,0,0,0,0,0,0,0,3,0,0,0,0,0,0,0,0,0,0,0,0,0,0,36,1,0
C:\Users\All Five Projects\spring-batch-main\spring-batch-integration\src\test\java\org\springframework\batch\integration\chunk\TestItemReader.java,org.springframework.batch.integration.chunk.TestItemReader,class,6,7,1,6,6,1,0,8,0,0.4,1.0,1.0,2,0,2,0,0,0,2,0,0,0,5,3,3,2,0,0,3,0,2,30,2,0,0,1,0,5,2,7,2,6,2,0,0,0,41,1,1
C:\Users\All Five Projects\spring-batch-main\spring-batch-infrastructure\src\test\java\org\springframework\batch\item\adapter\ItemReaderAdapterTests.java,org.springframework.batch.item.adapter.ItemReaderAdapterTests,class,6,6,0,6,3,1,0,11,0,0.0,NaN,NaN,1,0,0,0,0,1,1,0,0,0,2,0,0,2,0,0,0,0,0,17,0,2,1,0,1,1,1,4,0,6,1,0,0,0,25,0,0
C:\Users\All Five Projects\spring-batch-main\spring-batch-samples\src\main\java\org\springframework\batch\samples\jdbc\cursor\JdbcCursorReaderBatchWriterSampleJob.java,org.springframework.batch.samples.jdbc.cursor.JdbcCursorReaderBatchWriterSampleJob,class,7,8,1,7,1,2,0,5,0,0.0,NaN,NaN,1,0,1,0,0,0,1,0,0,0,0,0,0,0,0,0,0,0,0,6,1,0,0,0,0,2,0,1,0,1,0,0,0,0,26,1,0
C:\Users\All Five Projects\spring-batch-main\spring-batch-core\src\test\java\org\springframework\batch\core\launch\JobExecutionNotRunningExceptionTests.java,org.springframework.batch.core.launch.JobExecutionNotRunningExceptionTests,class,2,2,0,2,1,1,0,2,0,0.0,NaN,NaN,1,0,0,0,0,1,1,0,0,0,0,0,0,0,0,0,0,0,0,6,0,0,0,0,0,2,0,1,0,1,0,0,0,0,13,0,0
C:\Users\All Five Projects\spring-batch-main\spring-batch-infrastructure\src\main\java\org\springframework\batch\repeat\RepeatOperations.java,org.springframework.batch.repeat.RepeatOperations,interface,2,5,3,2,1,1,0,0,0,0.0,NaN,NaN,1,0,0,0,0,1,1,0,0,0,0,0,0,0,0,0,0,0,0,3,0,0,0,0,0,0,0,0,0,0,0,0,0,0,82,1,0
C:\Users\All Five Projects\spring-batch-main\spring-batch-infrastructure\src\test\java\org\springframework\batch\item\database\support\MariaDBPagingQueryProviderTests.java,org.springframework.batch.item.database.support.MariaDBPagingQueryProviderTests,class,5,5,0,5,8,2,0,8,28,0.0,0.0,0.0,8,0,0,0,0,8,8,0,0,0,0,0,0,0,0,0,0,0,0,45,2,0,0,0,0,13,2,13,0,11,0,0,0,0,67,0,0
C:\Users\All Five Projects\spring-batch-main\spring-batch-core\src\main\java\org\springframework\batch\core\launch\JobOperator.java,org.springframework.batch.core.launch.JobOperator,interface,4,7,3,4,13,1,0,0,78,0.0,0.0,0.0,13,0,0,0,0,13,13,0,0,0,0,0,0,0,0,0,0,0,0,19,0,0,0,0,0,0,0,0,0,0,0,0,0,0,257,1,0
C:\Users\All Five Projects\spring-batch-main\spring-batch-core\src\test\java\org\springframework\batch\core\step\tasklet\StepExecutorInterruptionTests.java,org.springframework.batch.core.step.tasklet.StepExecutorInterruptionTests$Anonymous5$Anonymous6,anonymous,0,0,0,0,2,1,0,1,0,0.0,1.0,1.0,2,0,2,0,0,0,2,0,0,0,1,0,0,1,0,0,0,0,0,9,0,0,0,0,0,1,0,2,0,1,0,0,0,0,13,-1,0
C:\Users\All Five Projects\spring-batch-main\spring-batch-infrastructure\src\main\java\org\springframework\batch\item\database\support\MariaDBPagingQueryProvider.java,org.springframework.batch.item.database.support.MariaDBPagingQueryProvider,class,3,5,2,3,4,2,0,8,3,0.0,0.0,0.0,3,0,2,1,0,0,2,0,0,0,0,0,0,0,0,0,0,0,3,16,4,0,0,0,0,1,0,0,0,0,1,0,0,0,30,1,0
C:\Users\All Five Projects\spring-batch-main\spring-batch-core\src\test\java\org\springframework\batch\core\configuration\xml\JobExecutionListenerParserTests.java,org.springframework.batch.core.configuration.xml.JobExecutionListenerParserTests,class,7,7,0,7,1,1,0,6,0,0.0,NaN,NaN,1,0,0,0,0,1,1,0,0,0,4,2,2,0,0,2,0,0,1,20,0,0,0,0,0,2,0,3,0,5,0,0,1,0,20,1,0
C:\Users\All Five Projects\spring-batch-main\spring-batch-core\src\test\java\org\springframework\batch\core\step\item\FaultTolerantChunkProviderTests.java,org.springframework.batch.core.step.item.FaultTolerantChunkProviderTests,class,12,12,0,12,2,1,0,11,0,0.0,1.0,1.0,2,0,0,0,0,2,2,0,0,0,2,0,0,2,0,0,1,0,2,25,0,0,0,0,0,4,5,6,0,4,0,1,0,0,34,0,0
C:\Users\All Five Projects\spring-batch-main\spring-batch-infrastructure\src\main\java\org\springframework\batch\item\jms\builder\JmsItemReaderBuilder.java,org.springframework.batch.item.jms.builder.JmsItemReaderBuilder,class,4,5,1,4,3,1,0,3,0,0.33333334,0.6666667,1.0,3,0,3,0,0,0,3,0,0,0,2,0,0,0,2,0,0,0,0,19,3,0,0,0,0,1,0,3,0,3,0,0,0,0,58,1,0
C:\Users\All Five Projects\spring-batch-main\spring-batch-core\src\test\java\org\springframework\batch\core\scope\JobScopePlaceholderIntegrationTests.java,org.springframework.batch.core.scope.JobScopePlaceholderIntegrationTests,class,13,14,1,13,12,1,0,14,52,0.8712122,0.054545455,0.07272727,12,0,1,1,0,10,11,0,0,0,11,0,0,11,0,0,0,0,0,69,0,0,0,0,0,27,2,6,0,13,0,0,0,0,46,0,0
C:\Users\All Five Projects\spring-batch-main\spring-batch-integration\src\test\java\org\springframework\batch\integration\partition\MessageChannelPartitionHandlerTests.java,org.springframework.batch.integration.partition.MessageChannelPartitionHandlerTests,class,11,11,0,11,6,1,0,33,0,0.0,1.0,1.0,6,0,0,0,0,6,6,0,0,0,1,0,0,1,0,0,0,0,6,123,0,0,0,0,0,19,28,50,0,45,0,0,0,2,60,0,0
C:\Users\All Five Projects\spring-batch-main\spring-batch-core\src\main\java\org\springframework\batch\core\step\builder\StepBuilderHelper.java,org.springframework.batch.core.step.builder.StepBuilderHelper,class,13,23,10,13,23,1,0,22,0,0.53125,0.125,0.125,16,0,10,0,6,0,16,1,0,0,2,0,0,0,2,0,2,0,0,162,11,0,5,0,0,2,2,20,0,9,1,0,1,0,106,1025,0
C:\Users\All Five Projects\spring-batch-main\spring-batch-core\src\test\java\org\springframework\batch\core\configuration\xml\StepParserTests.java,org.springframework.batch.core.configuration.xml.StepParserTests,class,43,44,1,43,44,1,0,63,547,0.65789473,0.37142858,0.37142858,38,1,1,17,0,20,21,0,0,0,1,1,0,1,0,0,0,0,9,329,12,6,0,0,8,133,13,97,0,94,2,0,0,4,134,1,0
C:\Users\All Five Projects\spring-batch-main\spring-batch-infrastructure\src\main\java\org\springframework\batch\item\file\builder\FlatFileItemWriterBuilder.java,org.springframework.batch.item.file.builder.FlatFileItemWriterBuilder,class,10,14,4,10,23,1,0,21,82,0.8671875,0.15833333,1.0,16,0,16,0,0,0,16,0,0,0,16,0,0,15,1,0,0,0,0,238,16,0,8,0,0,5,0,27,1,17,2,0,2,0,141,1,1
C:\Users\All Five Projects\spring-batch-main\spring-batch-integration\src\test\java\org\springframework\batch\integration\chunk\RemoteChunkFaultTolerantStepJdbcIntegrationTests.java,org.springframework.batch.integration.chunk.RemoteChunkFaultTolerantStepJdbcIntegrationTests,class,15,15,0,15,6,1,0,15,0,0.4,0.6,0.6,5,0,0,0,0,5,5,0,0,0,3,0,0,3,0,0,0,0,3,40,0,1,1,0,0,10,12,10,0,12,1,0,0,0,43,0,0
C:\Users\All Five Projects\spring-batch-main\spring-batch-core\src\test\java\org\springframework\batch\core\test\football\domain\Game.java,org.springframework.batch.core.test.football.domain.Game,class,1,4,3,1,40,1,0,3,468,0.92727274,0.056818184,0.125,33,0,33,0,0,0,33,0,0,0,15,0,0,15,0,0,0,0,0,127,23,0,6,0,2,5,3,19,3,18,2,0,0,0,51,1,0
C:\Users\All Five Projects\spring-batch-main\spring-batch-samples\src\main\java\org\springframework\batch\samples\chunking\ManagerConfiguration.java,org.springframework.batch.samples.chunking.ManagerConfiguration,class,21,23,2,21,8,1,0,20,28,0.875,0.0,0.0,8,0,8,0,0,0,8,0,0,0,2,0,0,2,0,0,0,0,1,30,8,0,0,0,0,6,7,1,0,3,0,0,0,0,59,1,0
C:\Users\All Five Projects\spring-batch-main\spring-batch-core\src\test\java\org\springframework\batch\core\configuration\xml\JobRepositoryDefaultParserTests.java,org.springframework.batch.core.configuration.xml.JobRepositoryDefaultParserTests,class,5,5,0,5,1,1,0,1,0,0.0,NaN,NaN,1,0,0,0,0,1,1,0,0,0,1,0,0,1,0,0,0,0,0,6,0,0,0,0,0,1,0,0,0,1,0,0,0,0,14,0,0
C:\Users\All Five Projects\spring-batch-main\spring-batch-infrastructure\src\main\java\org\springframework\batch\repeat\support\TaskExecutorRepeatTemplate.java,org.springframework.batch.repeat.support.TaskExecutorRepeatTemplate$ResultQueueInternalState,innerclass,4,4,0,4,2,2,0,0,0,0.0,1.0,1.0,2,0,2,0,0,0,2,0,0,0,1,0,0,1,0,0,1,0,0,10,1,0,0,0,0,0,0,1,0,1,0,0,0,0,17,10,0
C:\Users\All Five Projects\spring-batch-main\spring-batch-infrastructure\src\test\java\org\springframework\batch\item\file\FlatFileItemReaderTests.java,org.springframework.batch.item.file.FlatFileItemReaderTests$ItemLineMapper,innerclass,2,2,0,2,1,1,0,0,0,0.0,NaN,NaN,1,0,1,0,0,0,1,0,0,0,0,0,0,0,0,0,0,0,0,5,1,0,0,0,0,0,0,0,0,0,0,0,0,0,7,26,0
C:\Users\All Five Projects\spring-batch-main\spring-batch-core\src\main\java\org\springframework\batch\core\job\flow\FlowExecutor.java,org.springframework.batch.core.job.flow.FlowExecutor,interface,6,20,14,6,8,1,0,0,28,0.0,0.0,0.0,8,0,0,0,0,8,8,0,0,0,0,0,0,0,0,0,0,0,0,10,0,0,0,0,0,0,0,0,0,0,0,0,0,0,82,1,0
C:\Users\All Five Projects\spring-batch-main\spring-batch-core\src\test\java\org\springframework\batch\core\step\tasklet\ConfigurableSystemProcessExitCodeMapperTests.java,org.springframework.batch.core.step.tasklet.ConfigurableSystemProcessExitCodeMapperTests$Anonymous1,anonymous,0,0,0,0,1,1,0,1,0,0.0,NaN,NaN,0,0,0,0,0,0,1,0,0,0,0,0,0,0,0,0,0,0,0,10,0,0,0,0,0,0,5,0,0,0,0,0,0,0,1,-1,0
C:\Users\All Five Projects\spring-batch-main\spring-batch-infrastructure\src\test\java\org\springframework\batch\repeat\jms\AsynchronousTests.java,org.springframework.batch.repeat.jms.AsynchronousTests,class,14,15,1,14,15,1,0,24,0,0.37500003,1.0,1.0,6,0,0,2,0,4,4,0,0,0,4,0,0,4,0,0,1,0,2,83,0,4,3,0,2,22,18,18,1,22,2,0,0,2,67,0,0
C:\Users\All Five Projects\spring-batch-main\spring-batch-infrastructure\src\test\java\org\springframework\batch\item\database\support\MariaDBPagingQueryProviderIntegrationTests.java,org.springframework.batch.item.database.support.MariaDBPagingQueryProviderIntegrationTests$TestConfiguration,innerclass,3,3,0,3,1,1,0,6,0,0.0,NaN,NaN,1,0,1,0,0,0,1,0,0,0,0,0,0,0,0,0,0,0,0,9,1,0,0,0,0,0,0,1,0,1,0,0,0,0,9,8,0
C:\Users\All Five Projects\spring-batch-main\spring-batch-infrastructure\src\test\java\org\springframework\batch\repeat\exception\RethrowOnThresholdExceptionHandlerTests.java,org.springframework.batch.repeat.exception.RethrowOnThresholdExceptionHandlerTests,class,6,6,0,6,6,1,0,12,0,0.22222222,1.0,1.0,6,0,0,0,0,6,6,0,0,0,3,0,0,3,0,0,2,0,4,41,0,0,0,0,0,14,6,10,0,8,0,0,0,5,36,0,0
C:\Users\All Five Projects\spring-batch-main\spring-batch-infrastructure\src\main\java\org\springframework\batch\item\support\SynchronizedItemStreamReader.java,org.springframework.batch.item.support.SynchronizedItemStreamReader,class,7,10,3,7,7,1,0,7,0,0.41666666,1.0,1.0,6,0,6,0,0,0,6,0,0,0,2,0,0,2,0,0,1,0,0,28,1,0,1,1,0,1,0,2,0,2,1,0,0,0,62,1,0
C:\Users\All Five Projects\spring-batch-main\spring-batch-test\src\test\java\org\springframework\batch\test\SampleFlowJobTests.java,org.springframework.batch.test.SampleFlowJobTests,class,2,2,0,2,0,2,0,0,0,0.0,-1.0,-1.0,0,0,0,0,0,0,0,0,0,0,0,0,0,0,0,0,0,0,0,2,0,0,0,0,0,1,0,0,0,0,0,0,0,0,20,0,0
C:\Users\All Five Projects\spring-batch-main\spring-batch-samples\src\main\java\org\springframework\batch\samples\loom\JobConfigurationForRunningSystemCommandTaskletsWithVirtualThreads.java,org.springframework.batch.samples.loom.JobConfigurationForRunningSystemCommandTaskletsWithVirtualThreads,class,14,15,1,14,2,1,0,7,1,0.0,0.0,0.0,2,0,2,0,0,0,2,0,0,0,0,0,0,0,0,0,0,0,0,20,2,0,0,0,0,5,1,2,0,2,0,1,0,0,39,1,0
C:\Users\All Five Projects\spring-batch-main\spring-batch-core\src\test\java\org\springframework\batch\core\scope\TestStep.java,org.springframework.batch.core.scope.TestStep,class,5,8,3,5,10,1,0,9,14,0.625,0.14285715,0.14285715,8,2,7,1,0,0,7,0,0,0,2,1,0,2,0,0,0,0,0,38,4,0,2,0,0,7,0,3,0,2,2,0,0,0,29,1,0
C:\Users\All Five Projects\spring-batch-main\spring-batch-infrastructure\src\main\java\org\springframework\batch\item\jms\JmsNewMethodArgumentsIdentifier.java,org.springframework.batch.item.jms.JmsNewMethodArgumentsIdentifier,class,3,4,1,3,4,1,0,1,0,0.0,NaN,NaN,1,0,1,0,0,0,1,0,0,0,0,0,0,0,0,0,0,0,0,15,2,1,0,1,1,1,0,0,0,0,3,0,0,0,49,1,0
C:\Users\All Five Projects\spring-batch-main\spring-batch-integration\src\test\java\org\springframework\batch\integration\launch\JobLaunchingMessageHandlerTests.java,org.springframework.batch.integration.launch.JobLaunchingMessageHandlerTests,class,9,9,0,9,2,1,0,5,0,0.0,1.0,1.0,2,0,0,0,0,2,2,0,0,0,2,0,0,0,0,2,0,0,0,23,0,0,0,0,0,5,2,2,0,2,0,0,1,0,22,0,0
C:\Users\All Five Projects\spring-batch-main\spring-batch-infrastructure\src\main\java\org\springframework\batch\item\xml\stax\AbstractEventReaderWrapper.java,org.springframework.batch.item.xml.stax.AbstractEventReaderWrapper,class,0,3,3,0,10,1,3,9,0,0.0,1.0,1.0,10,0,10,0,0,0,10,0,0,0,1,0,0,0,1,0,0,0,0,33,7,0,0,0,0,0,0,1,0,1,0,0,0,0,40,1024,0
C:\Users\All Five Projects\spring-batch-main\spring-batch-infrastructure\src\test\java\org\springframework\batch\item\adapter\HippyMethodInvokerTests.java,org.springframework.batch.item.adapter.HippyMethodInvokerTests$1OverloadingPojo,innerclass,0,0,0,0,2,1,0,0,1,0.0,0.0,0.0,2,0,2,0,0,0,2,0,0,0,0,0,0,0,0,0,0,0,0,8,2,0,0,0,0,1,0,0,0,0,0,0,0,0,4,0,0
C:\Users\All Five Projects\spring-batch-main\spring-batch-core\src\main\java\org\springframework\batch\core\listener\CompositeItemWriteListener.java,org.springframework.batch.core.listener.CompositeItemWriteListener,class,4,6,2,4,8,1,0,9,0,0.0,1.0,1.0,5,0,5,0,0,0,5,0,0,0,1,0,0,1,0,0,1,0,0,27,0,3,0,0,0,0,0,7,0,7,1,0,0,0,50,1,0
C:\Users\All Five Projects\spring-batch-main\spring-batch-core\src\test\java\org\springframework\batch\core\configuration\annotation\JobBuilderConfigurationTests.java,org.springframework.batch.core.configuration.annotation.JobBuilderConfigurationTests$TestConfiguration,innerclass,16,16,0,16,4,1,0,7,0,0.375,0.5,0.5,4,0,1,0,3,0,4,0,0,0,2,0,0,2,0,0,0,0,0,25,4,0,0,0,0,3,0,1,0,3,0,1,0,0,19,9,0
C:\Users\All Five Projects\spring-batch-main\spring-batch-infrastructure\src\test\java\org\springframework\batch\item\function\ConsumerItemWriterTests.java,org.springframework.batch.item.function.ConsumerItemWriterTests,class,3,3,0,3,2,1,0,4,1,0.5,0.0,0.0,2,0,0,0,0,2,2,0,0,0,2,0,0,2,0,0,2,0,0,13,0,0,0,0,0,3,0,4,0,4,0,0,0,1,17,0,0
C:\Users\All Five Projects\spring-batch-main\spring-batch-core\src\main\java\org\springframework\batch\core\configuration\support\JobFactoryRegistrationListener.java,org.springframework.batch.core.configuration.support.JobFactoryRegistrationListener,class,3,4,1,3,5,1,0,7,0,0.16666667,1.0,1.0,3,0,3,0,0,0,3,0,0,0,2,0,0,2,0,0,1,0,0,19,0,0,0,0,0,2,0,2,2,2,1,0,0,0,42,1,2
C:\Users\All Five Projects\spring-batch-main\spring-batch-core\src\test\java\org\springframework\batch\core\JobExecutionTests.java,org.springframework.batch.core.JobExecutionTests,class,6,6,0,6,20,1,0,37,0,0.05,0.9,0.9,20,0,0,0,0,20,20,0,0,0,1,0,0,1,0,0,0,0,3,119,0,0,0,0,0,24,22,11,2,8,0,0,0,0,69,0,0
C:\Users\All Five Projects\spring-batch-main\spring-batch-infrastructure\src\main\java\org\springframework\batch\item\data\MongoCursorItemReader.java,org.springframework.batch.item.data.MongoCursorItemReader$Anonymous1,anonymous,3,3,0,3,3,1,0,4,1,0.33333334,0.0,0.0,3,0,3,0,0,0,3,0,0,0,1,0,0,1,0,0,1,0,0,12,2,0,0,0,0,0,0,1,0,1,0,0,0,0,6,-1,0
C:\Users\All Five Projects\spring-batch-main\spring-batch-infrastructure\src\main\java\org\springframework\batch\item\support\builder\ClassifierCompositeItemWriterBuilder.java,org.springframework.batch.item.support.builder.ClassifierCompositeItemWriterBuilder,class,5,6,1,5,2,1,0,2,0,0.0,1.0,1.0,2,0,2,0,0,0,2,0,0,0,1,0,0,1,0,0,0,0,0,13,2,0,0,0,0,1,0,2,0,2,0,0,0,0,32,1,0
C:\Users\All Five Projects\spring-batch-main\spring-batch-infrastructure\src\main\java\org\springframework\batch\item\SpELItemKeyMapper.java,org.springframework.batch.item.SpELItemKeyMapper,class,6,6,0,6,2,1,0,2,0,0.25,1.0,1.0,2,0,2,0,0,0,2,0,0,0,2,0,0,2,0,0,2,0,0,10,1,0,0,0,0,1,0,2,0,2,0,0,0,0,28,1,0
C:\Users\All Five Projects\spring-batch-main\spring-batch-core\src\test\java\org\springframework\batch\core\listener\CompositeChunkListenerTests.java,org.springframework.batch.core.listener.CompositeChunkListenerTests,class,5,5,0,5,4,1,0,5,0,0.083333336,1.0,1.0,4,0,0,0,0,4,4,0,0,0,3,0,0,0,0,3,0,0,0,24,0,0,0,0,0,0,0,4,0,4,0,0,0,0,23,0,0
C:\Users\All Five Projects\spring-batch-main\spring-batch-infrastructure\src\test\java\org\springframework\batch\item\file\MultiResourceItemReaderResourceAwareTests.java,org.springframework.batch.item.file.MultiResourceItemReaderResourceAwareTests$Foo,innerclass,2,2,0,2,2,1,0,0,1,0.5,0.0,0.0,2,0,1,0,0,1,2,0,0,0,2,0,0,0,0,2,0,0,0,10,0,0,0,0,0,0,0,2,0,2,0,0,0,0,6,24,0
C:\Users\All Five Projects\spring-batch-main\spring-batch-core\src\test\java\org\springframework\batch\core\repository\support\MongoDBIntegrationTestConfiguration.java,org.springframework.batch.core.repository.support.MongoDBIntegrationTestConfiguration,class,16,19,3,16,6,1,0,11,15,0.0,0.0,0.0,6,0,6,0,0,0,6,0,0,0,0,0,0,0,0,0,0,0,0,34,6,0,0,0,0,6,0,5,1,9,0,0,0,2,32,0,0
C:\Users\All Five Projects\spring-batch-main\spring-batch-infrastructure\src\test\java\org\springframework\batch\item\xml\StaxEventItemReaderCommonTests.java,org.springframework.batch.item.xml.StaxEventItemReaderCommonTests,class,7,7,0,7,2,2,0,8,1,0.5,0.0,0.0,2,0,0,0,2,0,2,0,0,0,1,1,0,1,0,0,1,0,0,39,1,0,0,0,0,3,0,3,0,3,0,1,0,0,28,0,0
C:\Users\All Five Projects\spring-batch-main\spring-batch-integration\src\test\java\org\springframework\batch\integration\file\FileToMessagesJobIntegrationTests.java,org.springframework.batch.integration.file.FileToMessagesJobIntegrationTests,class,12,12,0,12,3,1,0,7,1,0.5833334,0.33333334,0.33333334,3,0,1,0,0,2,3,0,0,0,4,0,0,3,0,1,0,0,1,17,0,0,0,0,0,2,2,2,0,5,0,0,0,0,29,0,0
C:\Users\All Five Projects\spring-batch-main\spring-batch-core\src\test\java\org\springframework\batch\core\repository\dao\AbstractJobExecutionDaoTests.java,org.springframework.batch.core.repository.dao.AbstractJobExecutionDaoTests,class,11,13,2,11,25,1,1,51,0,0.4868421,0.6862745,0.6862745,19,0,0,1,3,15,18,2,0,0,4,0,0,0,4,0,0,0,9,187,1,4,2,0,0,4,26,37,0,35,2,0,0,2,141,1025,0
C:\Users\All Five Projects\spring-batch-main\spring-batch-infrastructure\src\test\java\org\springframework\batch\item\xml\StaxEventItemWriterTests.java,org.springframework.batch.item.xml.StaxEventItemWriterTests,class,22,23,1,22,61,1,0,67,0,0.801626,0.82887703,0.82887703,41,0,0,7,0,34,34,0,0,0,15,4,0,15,0,0,10,0,6,662,10,1,0,18,9,216,6,76,41,81,3,3,2,20,237,0,0
C:\Users\All Five Projects\spring-batch-main\spring-batch-core\src\main\java\org\springframework\batch\core\step\tasklet\UncheckedTransactionException.java,org.springframework.batch.core.step.tasklet.UncheckedTransactionException,class,0,1,1,0,1,4,0,0,0,0.0,NaN,NaN,1,0,1,0,0,0,1,0,0,0,0,0,0,0,0,0,0,0,0,5,0,0,0,0,0,0,0,0,0,0,0,0,0,0,24,1,0
C:\Users\All Five Projects\spring-batch-main\spring-batch-infrastructure\src\test\java\org\springframework\batch\item\xml\TransactionalStaxEventItemWriterTests.java,org.springframework.batch.item.xml.TransactionalStaxEventItemWriterTests$Anonymous1,anonymous,1,1,0,1,1,1,0,1,0,0.0,NaN,NaN,1,0,1,0,0,0,1,0,0,0,0,0,0,0,0,0,0,0,0,5,1,0,0,0,0,1,0,0,1,0,0,0,0,0,2,-1,0
C:\Users\All Five Projects\spring-batch-main\spring-batch-infrastructure\src\main\java\org\springframework\batch\item\support\ClassifierCompositeItemProcessor.java,org.springframework.batch.item.support.ClassifierCompositeItemProcessor,class,9,11,2,9,3,1,0,3,1,0.33333334,1.0,1.0,3,0,2,1,0,0,2,0,0,0,1,0,0,1,0,0,0,0,0,12,2,0,0,0,0,1,0,2,0,1,0,0,0,0,51,1,0
C:\Users\All Five Projects\spring-batch-main\spring-batch-core\src\test\java\org\springframework\batch\core\configuration\xml\NameStoringTasklet.java,org.springframework.batch.core.configuration.xml.NameStoringTasklet,class,7,13,6,7,4,1,3,2,0,0.33333334,0.6666667,1.0,3,0,3,0,0,0,3,0,0,0,2,0,0,2,0,0,0,0,0,16,1,0,1,0,0,0,0,4,0,2,1,0,0,0,32,1,0
C:\Users\All Five Projects\spring-batch-main\spring-batch-infrastructure\src\test\java\org\springframework\batch\item\file\MultiResourceItemWriterXmlTests.java,org.springframework.batch.item.file.MultiResourceItemWriterXmlTests$SimpleMarshaller,innerclass,2,2,0,2,3,1,0,9,1,0.0,0.0,0.0,2,0,2,0,0,0,2,0,0,0,0,0,0,0,0,0,0,0,2,19,1,0,0,1,0,6,0,2,0,2,1,0,0,0,29,10,0
C:\Users\All Five Projects\spring-batch-main\spring-batch-infrastructure\src\main\java\org\springframework\batch\item\support\SynchronizedItemReader.java,org.springframework.batch.item.support.SynchronizedItemReader,class,3,4,1,3,2,1,0,4,0,0.25,1.0,1.0,2,0,2,0,0,0,2,0,0,0,2,0,0,2,0,0,2,0,0,17,1,0,0,1,0,1,0,2,0,2,1,0,0,0,42,1,0
C:\Users\All Five Projects\spring-batch-main\spring-batch-core\src\main\java\org\springframework\batch\core\repository\dao\Jackson2ExecutionContextStringSerializer.java,org.springframework.batch.core.repository.dao.Jackson2ExecutionContextStringSerializer$JobParametersModule,innerclass,8,8,0,8,1,4,0,3,0,1.0,-1.0,-1.0,1,0,0,1,0,0,0,0,0,0,1,1,0,1,0,0,1,0,0,52,0,0,0,0,0,1,1,1,0,1,0,0,3,0,27,2,0
C:\Users\All Five Projects\spring-batch-main\spring-batch-samples\src\main\java\org\springframework\batch\samples\file\patternmatching\internal\extractor\BillingInfoFieldExtractor.java,org.springframework.batch.samples.file.patternmatching.internal.extractor.BillingInfoFieldExtractor,class,3,3,0,3,1,1,0,3,0,0.0,NaN,NaN,1,0,1,0,0,0,1,0,0,0,0,0,0,0,0,0,0,0,0,6,1,0,0,0,0,1,0,1,0,1,0,0,0,0,10,1,0
C:\Users\All Five Projects\spring-batch-main\spring-batch-samples\src\main\java\org\springframework\batch\samples\file\patternmatching\ShippingInfo.java,org.springframework.batch.samples.file.patternmatching.ShippingInfo,class,1,6,5,1,23,1,0,3,0,0.625,0.5714286,1.0,8,0,8,0,0,0,8,0,0,0,4,1,1,3,0,0,1,0,0,69,14,0,12,0,6,1,5,10,6,7,2,0,0,0,33,1,0
C:\Users\All Five Projects\spring-batch-main\spring-batch-core\src\test\java\org\springframework\batch\core\explore\support\SimpleJobExplorerIntegrationTests.java,org.springframework.batch.core.explore.support.SimpleJobExplorerIntegrationTests$JobConfiguration,innerclass,11,11,0,11,4,1,0,6,6,0.0,0.0,0.0,4,0,4,0,0,0,4,0,0,0,0,0,0,0,0,0,0,0,0,17,4,0,0,0,0,4,0,0,0,2,1,0,0,1,25,8,0
C:\Users\All Five Projects\spring-batch-main\spring-batch-infrastructure\src\test\java\org\springframework\batch\item\mail\builder\SimpleMailMessageItemWriterBuilderTests.java,org.springframework.batch.item.mail.builder.SimpleMailMessageItemWriterBuilderTests,class,8,8,0,8,5,1,0,17,0,0.2,0.6,0.6,5,0,0,0,0,5,5,0,0,0,4,0,0,4,0,0,0,0,2,35,0,0,0,0,0,4,0,9,0,11,0,0,0,3,37,0,0
C:\Users\All Five Projects\spring-batch-main\spring-batch-core\src\test\java\org\springframework\batch\core\test\concurrent\ConcurrentTransactionTests.java,org.springframework.batch.core.test.concurrent.ConcurrentTransactionTests$ConcurrentJobConfiguration,innerclass,18,18,0,18,6,1,0,15,15,0.0,0.0,0.0,6,0,6,0,0,0,6,0,0,0,0,0,0,0,0,0,0,0,0,46,6,0,0,0,0,8,0,2,0,2,0,4,0,0,30,9,0
C:\Users\All Five Projects\spring-batch-main\spring-batch-test\src\test\java\org\springframework\batch\test\SpringBatchTestJUnit5Tests.java,org.springframework.batch.test.SpringBatchTestJUnit5Tests,class,11,11,0,11,5,1,0,11,10,0.8,0.0,0.0,5,0,0,0,0,5,5,0,0,0,4,0,0,4,0,0,0,0,2,49,2,0,0,0,0,8,0,4,0,8,0,0,1,0,34,1,0
C:\Users\All Five Projects\spring-batch-main\spring-batch-core\src\main\java\org\springframework\batch\core\job\flow\support\state\StepState.java,org.springframework.batch.core.job.flow.support.state.StepState,class,6,9,3,6,10,2,0,8,0,0.14285715,0.71428573,0.71428573,7,0,7,0,0,0,7,0,0,0,1,0,0,1,0,0,1,0,0,39,5,0,0,0,2,0,0,6,0,3,1,0,0,0,43,1,0
C:\Users\All Five Projects\spring-batch-main\spring-batch-integration\src\main\java\org\springframework\batch\integration\partition\StepExecutionRequestHandler.java,org.springframework.batch.integration.partition.StepExecutionRequestHandler,class,8,9,1,8,7,1,0,9,0,0.33333334,0.6666667,1.0,3,0,3,0,0,0,3,0,0,0,2,0,0,2,0,0,0,0,1,34,1,0,2,1,0,2,0,7,1,7,1,0,0,0,62,1,0
C:\Users\All Five Projects\spring-batch-main\spring-batch-samples\src\main\java\org\springframework\batch\samples\domain\trade\internal\FlatFileCustomerCreditDao.java,org.springframework.batch.samples.domain.trade.internal.FlatFileCustomerCreditDao,class,7,8,1,7,9,1,0,8,1,0.5555556,0.46666667,0.6666667,6,0,6,0,0,0,6,0,0,0,3,0,0,3,0,0,0,0,0,32,0,0,0,0,2,1,0,6,1,4,1,0,0,0,37,1,0
C:\Users\All Five Projects\spring-batch-main\spring-batch-samples\src\test\java\org\springframework\batch\samples\file\delimited\DelimitedFunctionalTests.java,org.springframework.batch.samples.file.delimited.DelimitedFunctionalTests,class,12,12,0,12,2,1,0,7,1,0.5,0.0,0.0,2,0,1,0,0,1,2,0,0,0,1,0,0,1,0,0,0,0,0,16,0,0,0,0,0,10,0,7,0,8,0,0,0,0,45,0,0
C:\Users\All Five Projects\spring-batch-main\spring-batch-infrastructure\src\main\java\org\springframework\batch\item\validator\Validator.java,org.springframework.batch.item.validator.Validator,interface,1,7,6,1,1,1,0,0,0,0.0,NaN,NaN,1,0,0,0,0,1,1,0,0,0,0,0,0,0,0,0,0,0,0,3,0,0,0,0,0,0,0,0,0,0,0,0,0,0,15,1,0
C:\Users\All Five Projects\spring-batch-main\spring-batch-samples\src\main\java\org\springframework\batch\samples\loom\JobConfigurationForRunningConcurrentStepsWithVirtualThreads.java,org.springframework.batch.samples.loom.JobConfigurationForRunningConcurrentStepsWithVirtualThreads$Anonymous1,anonymous,4,4,0,4,1,1,0,5,0,0.0,NaN,NaN,1,0,1,0,0,0,1,0,0,0,1,0,0,0,0,1,1,0,0,14,1,0,0,1,0,1,0,2,1,2,1,0,0,0,7,-1,0
C:\Users\All Five Projects\spring-batch-main\spring-batch-infrastructure\src\main\java\org\springframework\batch\support\IntArrayPropertyEditor.java,org.springframework.batch.support.IntArrayPropertyEditor,class,1,1,0,1,2,2,0,4,0,0.0,NaN,NaN,1,0,1,0,0,0,1,0,0,0,0,0,0,0,0,0,0,0,1,10,0,1,0,0,0,0,1,4,0,3,1,0,0,0,16,1,0
C:\Users\All Five Projects\spring-batch-main\spring-batch-samples\src\main\java\org\springframework\batch\samples\domain\trade\internal\CustomerDebitRowMapper.java,org.springframework.batch.samples.domain.trade.internal.CustomerDebitRowMapper,class,2,2,0,2,1,1,0,4,0,0.0,NaN,NaN,1,0,1,0,0,0,1,0,0,0,2,2,2,0,0,0,2,0,0,10,1,0,0,0,0,2,0,3,0,3,0,0,0,0,25,1,0
C:\Users\All Five Projects\spring-batch-main\spring-batch-core\src\main\java\org\springframework\batch\core\step\job\JobParametersExtractor.java,org.springframework.batch.core.step.job.JobParametersExtractor,interface,3,6,3,3,1,1,0,0,0,0.0,NaN,NaN,1,0,0,0,0,1,1,0,0,0,0,0,0,0,0,0,0,0,0,3,0,0,0,0,0,0,0,0,0,0,0,0,0,0,26,1,0
C:\Users\All Five Projects\spring-batch-main\spring-batch-core\src\test\java\org\springframework\batch\core\AbstractExceptionWithCauseTests.java,org.springframework.batch.core.AbstractExceptionWithCauseTests,class,2,4,2,2,2,1,1,4,1,0.0,0.0,0.0,2,0,1,0,0,1,2,1,0,0,0,0,0,0,0,0,0,0,0,7,0,0,0,0,0,2,2,1,0,1,0,0,0,0,15,1025,0
C:\Users\All Five Projects\spring-batch-main\spring-batch-core\src\test\java\org\springframework\batch\core\step\tasklet\ChunkOrientedStepIntegrationTests.java,org.springframework.batch.core.step.tasklet.ChunkOrientedStepIntegrationTests$Anonymous2,anonymous,1,1,0,1,1,1,0,1,0,0.0,NaN,NaN,0,0,0,0,0,0,1,0,0,0,0,0,0,0,0,0,0,0,0,5,0,0,0,0,0,2,0,0,0,0,0,0,0,0,1,-1,0
C:\Users\All Five Projects\spring-batch-main\spring-batch-core\src\test\java\org\springframework\batch\core\configuration\annotation\JobBuilderConfigurationTests.java,org.springframework.batch.core.configuration.annotation.JobBuilderConfigurationTests$AnotherConfiguration,innerclass,15,15,0,15,2,1,0,4,1,0.5,0.0,0.0,2,0,1,0,1,0,2,0,0,0,2,0,0,2,0,0,0,0,0,11,2,0,0,0,0,2,0,1,0,3,0,0,0,0,18,9,0
C:\Users\All Five Projects\spring-batch-main\spring-batch-core\src\test\java\org\springframework\batch\core\step\tasklet\ChunkOrientedStepIntegrationTests.java,org.springframework.batch.core.step.tasklet.ChunkOrientedStepIntegrationTests$Anonymous1,anonymous,2,2,0,2,1,1,0,0,0,0.0,NaN,NaN,1,0,1,0,0,0,1,0,0,0,0,0,0,0,0,0,0,0,0,5,0,0,0,0,0,1,0,0,0,0,0,0,0,0,7,-1,0
C:\Users\All Five Projects\spring-batch-main\spring-batch-core\src\test\java\org\springframework\batch\core\repository\dao\Jackson2ExecutionContextStringSerializerTests.java,org.springframework.batch.core.repository.dao.Jackson2ExecutionContextStringSerializerTests$DomesticNumber,innerclass,1,1,0,1,0,2,0,0,0,0.0,-1.0,-1.0,0,0,0,0,0,0,0,0,0,0,0,0,0,0,0,0,0,0,0,2,0,0,0,0,0,0,0,0,0,0,0,0,0,0,3,9,0
C:\Users\All Five Projects\spring-batch-main\spring-batch-integration\src\test\java\org\springframework\batch\integration\partition\ExampleItemReaderTests.java,org.springframework.batch.integration.partition.ExampleItemReaderTests,class,5,5,0,5,9,1,0,7,0,0.25,0.5,0.5,4,0,0,0,0,4,4,0,0,0,1,0,0,1,0,0,1,0,0,43,0,5,3,0,0,1,10,11,0,9,1,0,0,0,28,0,0
C:\Users\All Five Projects\spring-batch-main\spring-batch-infrastructure\src\test\java\org\springframework\batch\item\database\support\Db2PagingQueryProviderIntegrationTests.java,org.springframework.batch.item.database.support.Db2PagingQueryProviderIntegrationTests$TestConfiguration,innerclass,3,3,0,3,1,1,0,12,0,0.0,NaN,NaN,1,0,1,0,0,0,1,0,0,0,0,0,0,0,0,0,0,0,0,13,1,0,0,0,0,0,1,1,0,1,0,0,0,0,10,8,0
C:\Users\All Five Projects\spring-batch-main\spring-batch-core\src\test\java\org\springframework\batch\core\launch\JobExecutionNotStoppedExceptionTests.java,org.springframework.batch.core.launch.JobExecutionNotStoppedExceptionTests,class,2,2,0,2,1,1,0,2,0,0.0,NaN,NaN,1,0,0,0,0,1,1,0,0,0,0,0,0,0,0,0,0,0,0,6,0,0,0,0,0,2,0,1,0,1,0,0,0,0,13,0,0
C:\Users\All Five Projects\spring-batch-main\spring-batch-infrastructure\src\main\java\org\springframework\batch\item\file\transform\FormatterLineAggregator.java,org.springframework.batch.item.file.transform.FormatterLineAggregator,class,2,3,1,2,7,2,0,6,2,0.6,0.4,1.0,5,0,4,0,1,0,5,0,0,0,4,0,0,4,0,0,0,0,4,29,1,0,0,0,0,5,4,8,2,5,1,0,0,0,53,1,0
C:\Users\All Five Projects\spring-batch-main\spring-batch-core\src\main\java\org\springframework\batch\core\listener\JobExecutionListenerSupport.java,org.springframework.batch.core.listener.JobExecutionListenerSupport,class,2,2,0,2,2,1,0,0,1,0.0,0.0,0.0,2,0,2,0,0,0,2,0,0,0,0,0,0,0,0,0,0,0,0,6,0,0,0,0,0,0,0,0,0,0,0,0,0,0,16,1,0
C:\Users\All Five Projects\spring-batch-main\spring-batch-infrastructure\src\test\java\org\springframework\batch\support\transaction\TransactionAwareListFactoryTests.java,org.springframework.batch.support.transaction.TransactionAwareListFactoryTests,class,6,6,0,6,10,1,0,16,0,0.2,1.0,1.0,10,0,0,0,0,10,10,0,0,0,2,0,0,2,0,0,1,0,1,74,3,0,0,0,0,14,10,5,0,11,1,0,0,9,29,0,0
C:\Users\All Five Projects\spring-batch-main\spring-batch-infrastructure\src\test\java\org\springframework\batch\item\xml\XStreamMarshallingTests.java,org.springframework.batch.item.xml.XStreamMarshallingTests,class,4,4,0,4,1,2,0,2,0,0.0,NaN,NaN,1,0,0,0,1,0,1,0,0,0,0,0,0,0,0,0,0,0,1,7,1,0,0,0,0,1,0,1,0,1,0,0,0,0,12,0,0
C:\Users\All Five Projects\spring-batch-main\spring-batch-infrastructure\src\main\java\org\springframework\batch\item\ItemStreamException.java,org.springframework.batch.item.ItemStreamException,class,0,12,12,0,3,4,0,0,3,0.0,0.0,0.0,3,0,3,0,0,0,3,0,0,0,0,0,0,0,0,0,0,0,0,11,0,0,0,0,0,0,0,0,0,0,0,0,0,0,33,1,0
C:\Users\All Five Projects\spring-batch-main\spring-batch-core\src\test\java\org\springframework\batch\core\listener\StepListenerFactoryBeanTests.java,org.springframework.batch.core.listener.StepListenerFactoryBeanTests$ThreeStepExecutionListener,innerclass,5,5,0,5,4,1,0,1,0,0.0,1.0,1.0,4,0,4,0,0,0,4,0,0,0,1,0,0,0,0,1,0,0,0,17,1,0,0,0,0,2,1,1,0,1,0,0,0,0,13,10,0
C:\Users\All Five Projects\spring-batch-main\spring-batch-integration\src\test\java\org\springframework\batch\integration\chunk\RemoteChunkingManagerStepBuilderTests.java,org.springframework.batch.integration.chunk.RemoteChunkingManagerStepBuilderTests,class,35,35,0,35,11,1,0,56,0,0.48000002,1.0,1.0,10,0,0,0,0,10,10,0,0,0,5,0,0,5,0,0,3,0,1,137,1,0,0,0,1,49,10,38,1,42,2,2,1,8,137,0,0
C:\Users\All Five Projects\spring-batch-main\spring-batch-core\src\main\java\org\springframework\batch\core\step\item\ChunkProvider.java,org.springframework.batch.core.step.item.ChunkProvider,interface,3,6,3,3,2,1,0,0,1,0.0,0.0,0.0,2,0,0,0,0,2,2,0,0,0,0,0,0,0,0,0,0,0,0,4,0,0,0,0,0,0,0,0,0,0,0,0,0,0,19,1,0
C:\Users\All Five Projects\spring-batch-main\spring-batch-infrastructure\src\test\java\org\springframework\batch\repeat\interceptor\RepeatOperationsInterceptorTests.java,org.springframework.batch.repeat.interceptor.RepeatOperationsInterceptorTests$ServiceImpl,innerclass,1,1,0,1,8,1,0,0,11,0.6666667,0.23809524,0.47619048,7,0,7,0,0,0,7,0,0,0,3,0,0,3,0,0,0,0,0,33,3,0,0,0,0,2,2,4,0,3,1,0,0,0,29,10,0
C:\Users\All Five Projects\spring-batch-main\spring-batch-infrastructure\src\test\java\org\springframework\batch\item\database\JpaItemWriterTests.java,org.springframework.batch.item.database.JpaItemWriterTests,class,7,7,0,7,6,1,0,23,0,0.1,1.0,1.0,5,0,0,0,0,5,5,0,0,0,2,0,0,0,0,2,0,0,0,51,0,0,0,0,0,16,2,12,1,11,1,0,0,1,49,0,0
C:\Users\All Five Projects\spring-batch-main\spring-batch-integration\src\test\java\org\springframework\batch\integration\partition\BeanFactoryStepLocatorTests.java,org.springframework.batch.integration.partition.BeanFactoryStepLocatorTests$StubStep,innerclass,2,2,0,2,4,1,0,0,4,0.5,0.16666667,0.16666667,4,0,4,0,0,0,4,0,0,0,1,0,0,1,0,0,1,0,0,14,2,0,0,0,0,0,1,1,0,1,0,0,0,0,13,26,0
C:\Users\All Five Projects\spring-batch-main\spring-batch-infrastructure\src\test\java\org\springframework\batch\item\json\JsonItemReaderTests.java,org.springframework.batch.item.json.JsonItemReaderTests$NonExistentResource,innerclass,1,1,0,1,4,2,0,0,6,0.0,0.0,0.0,4,0,3,0,0,1,4,0,0,0,0,0,0,0,0,0,0,0,0,13,3,0,0,0,0,1,0,0,0,0,0,0,0,0,11,10,0
C:\Users\All Five Projects\spring-batch-main\spring-batch-samples\src\test\java\org\springframework\batch\samples\compositereader\CompositeItemReaderSampleFunctionalTests.java,org.springframework.batch.samples.compositereader.CompositeItemReaderSampleFunctionalTests,class,10,10,0,10,2,1,0,5,1,0.0,0.0,0.0,2,0,0,0,0,2,2,0,0,0,0,0,0,0,0,0,0,0,0,42,0,0,0,0,0,1,1,6,0,6,0,0,1,0,27,1,0
C:\Users\All Five Projects\spring-batch-main\spring-batch-test\src\test\java\org\springframework\batch\test\JobLauncherTestUtilsTests.java,org.springframework.batch.test.JobLauncherTestUtilsTests$TestJobConfiguration$Anonymous1,anonymous,4,4,0,4,1,1,0,0,0,0.0,NaN,NaN,1,0,1,0,0,0,1,0,0,0,0,0,0,0,0,0,0,0,0,5,1,0,0,0,0,0,0,0,0,0,0,0,0,0,10,-1,0
C:\Users\All Five Projects\spring-batch-main\spring-batch-core\src\test\java\org\springframework\batch\core\repository\dao\OptimisticLockingFailureTests.java,org.springframework.batch.core.repository.dao.OptimisticLockingFailureTests,class,14,14,0,14,6,1,0,17,0,0.0,NaN,NaN,1,0,0,0,0,1,1,0,0,0,1,1,0,1,0,0,1,0,3,51,0,3,2,0,0,14,5,21,7,18,1,0,2,0,66,0,0
C:\Users\All Five Projects\spring-batch-main\spring-batch-core\src\main\java\org\springframework\batch\core\JobParameters.java,org.springframework.batch.core.JobParameters,class,3,40,37,3,49,1,0,27,0,0.0,1.0,1.0,23,0,23,0,0,0,23,0,0,0,1,0,0,1,0,0,1,0,4,173,37,2,1,0,1,19,2,11,9,10,2,0,0,0,119,1,0
C:\Users\All Five Projects\spring-batch-main\spring-batch-samples\src\main\java\org\springframework\batch\samples\domain\trade\internal\CustomerCreditRowMapper.java,org.springframework.batch.samples.domain.trade.internal.CustomerCreditRowMapper,class,2,4,2,2,1,1,0,6,0,0.0,NaN,NaN,1,0,1,0,0,0,1,0,0,0,3,3,3,0,0,0,3,0,0,12,1,0,0,0,0,3,0,4,0,4,0,0,0,0,26,1,0
C:\Users\All Five Projects\spring-batch-main\spring-batch-core\src\test\java\org\springframework\batch\core\listener\AbstractDoubleExceptionTests.java,org.springframework.batch.core.listener.AbstractDoubleExceptionTests,class,2,3,1,2,2,1,0,4,1,0.0,0.0,0.0,2,0,1,0,0,1,2,1,0,0,0,0,0,0,0,0,0,0,0,7,0,0,0,0,0,3,2,1,0,1,0,0,0,0,17,1025,0
C:\Users\All Five Projects\spring-batch-main\spring-batch-core\src\test\java\org\springframework\batch\core\test\repository\HSQLDBJobRepositoryIntegrationTests.java,org.springframework.batch.core.test.repository.HSQLDBJobRepositoryIntegrationTests,class,8,8,0,8,1,1,0,5,0,0.0,NaN,NaN,1,0,0,0,0,1,1,0,0,0,2,0,0,2,0,0,0,0,0,21,0,0,0,0,0,0,0,2,0,4,0,0,1,0,24,0,0
C:\Users\All Five Projects\spring-batch-main\spring-batch-infrastructure\src\test\java\org\springframework\batch\item\function\FunctionItemProcessorTests.java,org.springframework.batch.item.function.FunctionItemProcessorTests,class,3,3,0,3,2,1,0,3,1,0.5,0.0,0.0,2,0,0,0,0,2,2,0,0,0,1,0,0,1,0,0,1,0,0,11,0,0,0,0,0,3,1,2,0,2,0,0,0,1,18,0,0
C:\Users\All Five Projects\spring-batch-main\spring-batch-core\src\main\java\org\springframework\batch\core\job\flow\FlowExecution.java,org.springframework.batch.core.job.flow.FlowExecution,class,2,13,11,2,5,1,0,3,0,0.3,0.8,1.0,5,0,5,0,0,0,5,0,0,0,2,0,0,2,0,0,2,0,1,20,4,0,0,0,0,1,0,2,0,2,0,0,0,0,39,1,0
C:\Users\All Five Projects\spring-batch-main\spring-batch-infrastructure\src\test\java\org\springframework\batch\item\avro\example\User.java,org.springframework.batch.item.avro.example.User$Builder,innerclass,5,5,0,5,27,1,0,8,42,0.625,0.23076923,0.5769231,16,0,13,3,0,0,13,0,0,0,3,0,0,3,0,0,0,0,0,104,13,0,0,1,0,1,39,28,0,4,1,0,0,0,56,9,0
C:\Users\All Five Projects\spring-batch-main\spring-batch-integration\src\main\java\org\springframework\batch\integration\config\xml\JobLaunchingGatewayParser.java,org.springframework.batch.integration.config.xml.JobLaunchingGatewayParser,class,7,9,2,7,5,2,0,9,1,0.5,0.0,0.0,2,0,0,0,2,0,2,0,0,0,1,1,0,1,0,0,1,0,0,25,2,0,0,0,0,8,0,4,0,4,2,0,0,0,42,1,1
C:\Users\All Five Projects\spring-batch-main\spring-batch-core\src\test\java\org\springframework\batch\core\configuration\xml\DummyAnnotationJobExecutionListener.java,org.springframework.batch.core.configuration.xml.DummyAnnotationJobExecutionListener,class,1,2,1,1,1,1,0,0,0,0.0,NaN,NaN,1,0,1,0,0,0,1,0,0,0,0,0,0,0,0,0,0,0,0,4,0,0,0,0,0,0,0,0,0,0,0,0,0,0,8,1,0
C:\Users\All Five Projects\spring-batch-main\spring-batch-core\src\test\java\org\springframework\batch\core\step\JobRepositorySupport.java,org.springframework.batch.core.step.JobRepositorySupport,class,6,14,8,6,13,1,6,0,78,0.0,0.0,0.0,13,0,13,0,0,0,13,0,0,0,0,0,0,0,0,0,0,0,0,36,7,0,0,0,0,0,3,1,0,1,0,0,0,0,32,1,0
C:\Users\All Five Projects\spring-batch-main\spring-batch-core\src\test\java\org\springframework\batch\core\test\football\domain\Player.java,org.springframework.batch.core.test.football.domain.Player,class,0,3,3,0,13,1,0,0,42,0.7692308,0.23076923,1.0,13,0,13,0,0,0,13,0,0,0,6,0,0,6,0,0,0,0,0,47,7,0,0,0,0,7,0,6,1,6,0,0,0,0,20,1,0
C:\Users\All Five Projects\spring-batch-main\spring-batch-infrastructure\src\main\java\org\springframework\batch\item\file\transform\FieldSet.java,org.springframework.batch.item.file.transform.FieldSet,interface,0,7,7,0,43,1,0,0,903,0.0,0.0,0.0,43,0,0,0,0,43,43,0,0,0,0,0,0,0,0,0,0,0,0,45,0,0,0,0,0,0,0,0,0,0,0,0,0,0,135,1,0
C:\Users\All Five Projects\spring-batch-main\spring-batch-core\src\test\java\org\springframework\batch\core\configuration\annotation\StepScopeConfigurationTests.java,org.springframework.batch.core.configuration.annotation.StepScopeConfigurationTests$StepScopeConfigurationXmlImportUsingNamespace,innerclass,7,7,0,7,1,1,0,0,0,0.0,NaN,NaN,1,0,0,0,1,0,1,0,0,0,0,0,0,0,0,0,0,0,0,5,1,0,0,0,0,2,0,0,0,0,0,0,0,0,18,9,0
C:\Users\All Five Projects\spring-batch-main\spring-batch-infrastructure\src\test\java\org\springframework\batch\item\adapter\AbstractDelegatorTests.java,org.springframework.batch.item.adapter.AbstractDelegatorTests,class,8,8,0,8,12,2,0,18,0,0.25,1.0,1.0,12,0,0,0,0,12,12,0,0,0,2,0,0,2,0,0,2,0,0,123,0,0,0,0,0,20,3,9,0,9,0,0,3,1,103,0,0
C:\Users\All Five Projects\spring-batch-main\spring-batch-infrastructure\src\test\java\org\springframework\batch\item\xml\StaxEventItemWriterTests.java,org.springframework.batch.item.xml.StaxEventItemWriterTests$SimpleMarshaller,innerclass,2,2,0,2,5,1,0,7,2,0.5,0.33333334,0.5,4,0,4,0,0,0,4,0,0,0,2,0,0,2,0,0,0,0,4,23,1,0,0,1,0,3,0,4,0,2,1,0,0,0,28,10,0
C:\Users\All Five Projects\spring-batch-main\spring-batch-core\src\test\java\org\springframework\batch\core\step\item\AlmostStatefulRetryChunkTests.java,org.springframework.batch.core.step.item.AlmostStatefulRetryChunkTests,class,6,7,1,6,15,1,0,29,8,0.75,0.0,0.0,5,1,0,3,0,2,2,0,0,0,4,1,0,4,0,0,2,0,21,73,1,3,0,4,0,68,21,14,2,10,2,0,0,0,58,0,4
C:\Users\All Five Projects\spring-batch-main\spring-batch-core\src\test\java\org\springframework\batch\core\job\SimpleJobFailureTests.java,org.springframework.batch.core.job.SimpleJobFailureTests,class,11,11,0,11,3,1,0,16,0,0.0,1.0,1.0,3,0,0,0,0,3,3,0,0,0,2,0,0,2,0,0,1,0,2,31,0,0,0,0,0,7,1,5,0,5,0,1,0,0,49,0,0
C:\Users\All Five Projects\spring-batch-main\spring-batch-core\src\test\java\org\springframework\batch\core\repository\dao\Jackson2ExecutionContextStringSerializerTests.java,org.springframework.batch.core.repository.dao.Jackson2ExecutionContextStringSerializerTests$UnmappedPhoneNumber,innerclass,0,0,0,0,0,1,0,0,0,NaN,-1.0,-1.0,0,0,0,0,0,0,0,0,0,0,1,0,1,0,0,0,0,0,0,3,0,0,0,0,0,0,0,0,0,2,0,0,0,0,4,1033,0
C:\Users\All Five Projects\spring-batch-main\spring-batch-integration\src\test\java\org\springframework\batch\integration\chunk\ChunkMessageItemWriterIntegrationTests.java,org.springframework.batch.integration.chunk.ChunkMessageItemWriterIntegrationTests,class,31,32,1,31,21,1,0,52,18,0.7435897,0.64444447,1.0,13,0,0,3,0,10,10,0,0,0,6,1,0,6,0,0,2,0,7,149,2,3,2,0,0,27,44,34,4,35,1,0,0,0,121,0,0
C:\Users\All Five Projects\spring-batch-main\spring-batch-samples\src\main\java\org\springframework\batch\samples\domain\trade\InvalidCustomerLogger.java,org.springframework.batch.samples.domain.trade.InvalidCustomerLogger,interface,1,3,2,1,1,1,0,0,0,0.0,NaN,NaN,1,0,0,0,0,1,1,0,0,0,0,0,0,0,0,0,0,0,0,3,0,0,0,0,0,0,0,0,0,0,0,0,0,0,28,1,0
C:\Users\All Five Projects\spring-batch-main\spring-batch-infrastructure\src\test\java\org\springframework\batch\item\adapter\PropertyExtractingDelegatingItemProcessorIntegrationTests.java,org.springframework.batch.item.adapter.PropertyExtractingDelegatingItemProcessorIntegrationTests,class,6,6,0,6,3,1,0,13,0,0.0,NaN,NaN,1,0,0,0,0,1,1,0,0,0,2,0,0,2,0,0,0,0,0,21,0,2,1,0,1,1,2,6,0,8,1,0,0,0,31,0,0
C:\Users\All Five Projects\spring-batch-main\spring-batch-core\src\test\java\org\springframework\batch\core\repository\support\JobRepositoryFactoryBeanTests.java,org.springframework.batch.core.repository.support.JobRepositoryFactoryBeanTests$CustomJobKeyGenerator,innerclass,1,1,0,1,1,1,0,0,0,0.0,NaN,NaN,1,0,1,0,0,0,1,0,0,0,0,0,0,0,0,0,0,0,0,5,1,0,0,0,0,1,0,0,0,0,0,0,0,0,6,0,0
C:\Users\All Five Projects\spring-batch-main\spring-batch-core\src\test\java\org\springframework\batch\core\test\step\FaultTolerantStepIntegrationTests.java,org.springframework.batch.core.test.step.FaultTolerantStepIntegrationTests$Anonymous2,anonymous,3,3,0,3,2,1,0,0,0,0.0,NaN,NaN,1,0,1,0,0,0,1,0,0,0,1,0,0,1,0,0,0,0,0,9,0,0,1,0,0,1,1,0,0,1,1,0,0,0,6,-1,0
C:\Users\All Five Projects\spring-batch-main\spring-batch-core\src\main\java\org\springframework\batch\core\configuration\support\JobRegistrySmartInitializingSingleton.java,org.springframework.batch.core.configuration.support.JobRegistrySmartInitializingSingleton,class,15,21,6,15,21,1,0,17,13,0.7,0.22222222,0.22222222,10,0,8,1,1,0,9,0,0,0,5,1,0,5,0,0,2,0,0,66,2,2,3,1,0,4,0,14,2,9,2,0,0,0,138,1,2
C:\Users\All Five Projects\spring-batch-main\spring-batch-core\src\test\java\org\springframework\batch\core\test\step\FaultTolerantStepIntegrationTests.java,org.springframework.batch.core.test.step.FaultTolerantStepIntegrationTests$Anonymous1,anonymous,4,4,0,4,2,1,0,0,0,0.0,NaN,NaN,1,0,1,0,0,0,1,0,0,0,1,0,0,1,0,0,0,0,0,10,1,0,1,0,0,1,1,0,0,1,1,0,0,0,6,-1,0
C:\Users\All Five Projects\spring-batch-main\spring-batch-infrastructure\src\main\java\org\springframework\batch\item\database\builder\JpaCursorItemReaderBuilder.java,org.springframework.batch.item.database.builder.JpaCursorItemReaderBuilder,class,5,8,3,5,12,1,0,12,19,0.75555557,0.2888889,1.0,10,0,10,0,0,0,10,0,0,0,9,0,0,9,0,0,0,0,0,67,10,0,1,0,0,3,0,12,0,10,1,0,0,0,101,1,0
C:\Users\All Five Projects\spring-batch-main\spring-batch-infrastructure\src\test\java\org\springframework\batch\item\json\domain\Trade.java,org.springframework.batch.item.json.domain.Trade,class,1,8,7,1,29,1,0,5,0,0.53846157,0.53846157,0.84615386,13,0,13,0,0,0,13,0,0,0,4,0,0,4,0,0,0,0,0,70,17,0,13,0,8,7,8,19,10,7,2,0,0,0,30,1,0
C:\Users\All Five Projects\spring-batch-main\spring-batch-infrastructure\src\main\java\org\springframework\batch\support\transaction\TransactionAwareBufferedWriter.java,org.springframework.batch.support.transaction.TransactionAwareBufferedWriter$Anonymous1,anonymous,3,3,0,3,12,1,0,11,6,0.0,0.0,0.0,4,0,2,2,0,0,2,0,0,0,0,0,0,0,0,0,0,0,1,42,0,0,2,1,0,2,0,6,0,6,2,0,0,0,40,-1,0
C:\Users\All Five Projects\spring-batch-main\spring-batch-samples\src\main\java\org\springframework\batch\samples\domain\trade\Trade.java,org.springframework.batch.samples.domain.trade.Trade,class,1,20,19,1,35,1,0,5,53,0.71296304,0.3267974,0.6143791,18,0,18,0,0,0,18,0,0,0,6,0,0,6,0,0,0,0,0,111,20,0,14,0,10,8,9,24,13,9,2,0,0,0,40,1,0
C:\Users\All Five Projects\spring-batch-main\spring-batch-samples\src\main\java\org\springframework\batch\samples\launch\JobLoader.java,org.springframework.batch.samples.launch.JobLoader,interface,0,2,2,0,5,1,0,0,10,0.0,0.0,0.0,5,0,0,0,0,5,5,0,0,0,0,0,0,0,0,0,0,0,0,7,0,0,0,0,0,0,0,0,0,0,0,0,0,0,14,1,0
C:\Users\All Five Projects\spring-batch-main\spring-batch-core\src\main\java\org\springframework\batch\core\configuration\xml\StepListenerParser.java,org.springframework.batch.core.configuration.xml.StepListenerParser,class,11,15,4,11,9,2,0,19,8,0.73333335,0.1,0.1,5,0,3,0,2,0,5,0,0,0,3,2,0,3,0,0,3,0,2,39,2,1,2,0,0,7,2,10,0,9,3,0,0,0,52,1,0
C:\Users\All Five Projects\spring-batch-main\spring-batch-infrastructure\src\test\java\org\springframework\batch\item\database\support\SqlWindowingPagingQueryProviderTests.java,org.springframework.batch.item.database.support.SqlWindowingPagingQueryProviderTests,class,3,3,0,3,7,2,0,4,21,0.0,0.0,0.0,7,0,0,0,0,7,7,0,0,0,0,0,0,0,0,0,0,0,0,33,2,0,0,0,0,9,0,9,0,8,0,0,0,0,57,0,0
C:\Users\All Five Projects\spring-batch-main\spring-batch-core\src\test\java\org\springframework\batch\core\test\football\domain\PlayerSummary.java,org.springframework.batch.core.test.football.domain.PlayerSummary,class,1,5,4,1,34,1,0,3,265,0.8827161,0.122507125,1.0,27,0,27,0,0,0,27,0,0,0,12,0,0,12,0,0,0,0,0,106,20,0,6,0,2,12,3,16,3,15,2,0,0,0,54,1,0
C:\Users\All Five Projects\spring-batch-main\spring-batch-infrastructure\src\test\java\org\springframework\batch\item\database\ExtendedConnectionDataSourceProxyTests.java,org.springframework.batch.item.database.ExtendedConnectionDataSourceProxyTests,class,11,11,0,11,7,1,0,29,21,0.0,0.0,0.0,7,0,0,0,0,7,7,0,0,0,0,0,0,0,0,0,0,0,0,202,4,0,0,0,0,29,0,36,1,36,2,0,3,5,81,0,0
C:\Users\All Five Projects\spring-batch-main\spring-batch-core\src\test\java\org\springframework\batch\core\test\repository\HSQLDBJobRepositoryIntegrationTests.java,org.springframework.batch.core.test.repository.HSQLDBJobRepositoryIntegrationTests$TestConfiguration,innerclass,10,10,0,10,3,1,0,6,3,0.0,0.0,0.0,3,0,3,0,0,0,3,0,0,0,0,0,0,0,0,0,0,0,0,11,3,0,0,0,0,3,0,0,0,2,0,0,0,1,23,8,0
C:\Users\All Five Projects\spring-batch-main\spring-batch-samples\src\main\java\org\springframework\batch\samples\domain\trade\TradeDao.java,org.springframework.batch.samples.domain.trade.TradeDao,interface,1,3,2,1,1,1,0,0,0,0.0,NaN,NaN,1,0,0,0,0,1,1,0,0,0,0,0,0,0,0,0,0,0,0,3,0,0,0,0,0,0,0,0,0,0,0,0,0,0,13,1,0
C:\Users\All Five Projects\spring-batch-main\spring-batch-infrastructure\src\main\java\org\springframework\batch\repeat\CompletionPolicy.java,org.springframework.batch.repeat.CompletionPolicy,interface,2,6,4,2,4,1,0,0,6,0.0,0.0,0.0,4,0,0,0,0,4,4,0,0,0,0,0,0,0,0,0,0,0,0,6,0,0,0,0,0,0,0,0,0,0,0,0,0,0,115,1,0
C:\Users\All Five Projects\spring-batch-main\spring-batch-samples\src\main\java\org\springframework\batch\samples\domain\trade\internal\TradeFieldSetMapper.java,org.springframework.batch.samples.domain.trade.internal.TradeFieldSetMapper,class,3,4,1,3,1,1,0,7,0,0.0,NaN,NaN,1,0,1,0,0,0,1,0,0,0,4,4,4,0,0,0,4,0,0,14,1,0,0,0,0,0,4,5,0,5,0,0,0,0,23,1,0
C:\Users\All Five Projects\spring-batch-main\spring-batch-core\src\test\java\org\springframework\batch\core\test\football\internal\PlayerItemWriter.java,org.springframework.batch.core.test.football.internal.PlayerItemWriter,class,3,3,0,3,3,1,0,1,0,0.0,1.0,1.0,2,0,2,0,0,0,2,0,0,0,1,0,0,1,0,0,0,0,0,11,0,1,0,0,0,0,0,1,0,1,1,0,0,0,9,1,0
C:\Users\All Five Projects\spring-batch-main\spring-batch-core\src\main\java\org\springframework\batch\core\launch\JobParametersNotFoundException.java,org.springframework.batch.core.launch.JobParametersNotFoundException,class,1,2,1,1,2,4,0,0,1,0.0,0.0,0.0,2,0,2,0,0,0,2,0,0,0,0,0,0,0,0,0,0,0,0,8,0,0,0,0,0,0,0,0,0,0,0,0,0,0,31,1,0
C:\Users\All Five Projects\spring-batch-main\spring-batch-core\src\main\java\org\springframework\batch\core\step\skip\NonSkippableProcessException.java,org.springframework.batch.core.step.skip.NonSkippableProcessException,class,1,1,0,1,1,6,0,0,0,0.0,NaN,NaN,1,0,1,0,0,0,1,0,0,0,0,0,0,0,0,0,0,0,0,5,0,0,0,0,0,0,0,0,0,0,0,0,0,0,23,1,0
C:\Users\All Five Projects\spring-batch-main\spring-batch-core\src\test\java\org\springframework\batch\core\configuration\annotation\JobBuilderConfigurationTests.java,org.springframework.batch.core.configuration.annotation.JobBuilderConfigurationTests$DataSourceConfiguration,innerclass,4,4,0,4,2,1,0,3,1,0.0,0.0,0.0,2,0,2,0,0,0,2,0,0,0,0,0,0,0,0,0,0,0,0,8,2,0,0,0,0,2,0,0,0,0,0,0,0,0,18,8,0
C:\Users\All Five Projects\spring-batch-main\spring-batch-infrastructure\src\main\java\org\springframework\batch\item\file\builder\FlatFileItemReaderBuilder.java,org.springframework.batch.item.file.builder.FlatFileItemReaderBuilder$FixedLengthBuilder,innerclass,7,7,0,7,8,1,0,15,8,0.7,0.35714287,1.0,8,0,7,0,1,0,8,0,0,0,5,0,0,5,0,0,3,0,2,45,7,0,0,0,0,3,0,8,0,6,0,0,0,0,66,9,0
C:\Users\All Five Projects\spring-batch-main\spring-batch-infrastructure\src\test\java\org\springframework\batch\item\database\JdbcBatchItemWriterNamedParameterTests.java,org.springframework.batch.item.database.JdbcBatchItemWriterNamedParameterTests,class,14,15,1,14,8,2,0,26,0,0.25,0.75,0.75,8,1,1,0,0,7,8,0,0,0,3,0,0,3,0,0,1,0,5,116,1,0,0,0,0,26,8,18,1,15,0,0,2,2,71,1,0
C:\Users\All Five Projects\spring-batch-main\spring-batch-core\src\test\java\org\springframework\batch\core\partition\support\SimpleStepExecutionSplitterTests.java,org.springframework.batch.core.partition.support.SimpleStepExecutionSplitterTests$1CustomPartitioner,innerclass,3,3,0,3,2,1,0,2,1,0.0,0.0,0.0,2,0,2,0,0,0,2,0,0,0,0,0,0,0,0,0,0,0,2,8,2,0,0,0,0,2,0,0,0,0,0,0,0,0,12,0,0
C:\Users\All Five Projects\spring-batch-main\spring-batch-infrastructure\src\main\java\org\springframework\batch\item\support\builder\SynchronizedItemStreamWriterBuilder.java,org.springframework.batch.item.support.builder.SynchronizedItemStreamWriterBuilder,class,4,5,1,4,2,1,0,2,0,0.0,1.0,1.0,2,0,2,0,0,0,2,0,0,0,1,0,0,1,0,0,0,0,0,13,2,0,0,0,0,1,0,2,0,2,0,0,0,0,27,1,0
C:\Users\All Five Projects\spring-batch-main\spring-batch-infrastructure\src\test\java\org\springframework\batch\support\AnnotationMethodResolverTests.java,org.springframework.batch.support.AnnotationMethodResolverTests$SingleAnnotationTestBean,innerclass,1,1,0,1,2,1,0,2,1,0.0,0.0,0.0,2,0,2,0,0,0,2,0,0,0,0,0,0,0,0,0,0,0,0,8,2,0,0,0,0,1,0,0,0,0,0,0,0,0,8,10,0
C:\Users\All Five Projects\spring-batch-main\spring-batch-core\src\main\java\org\springframework\batch\core\step\item\FaultTolerantChunkProcessor.java,org.springframework.batch.core.step.item.FaultTolerantChunkProcessor$UserData,innerclass,2,2,0,2,5,1,0,0,6,0.6666667,0.2,0.2,5,0,5,0,0,0,5,0,0,0,3,0,0,3,0,0,0,0,0,20,2,0,0,0,0,0,1,3,0,3,0,0,0,0,9,10,0
C:\Users\All Five Projects\spring-batch-main\spring-batch-core\src\test\java\org\springframework\batch\core\job\builder\JobBuilderTests.java,org.springframework.batch.core.job.builder.JobBuilderTests,class,9,9,0,9,1,1,0,4,0,0.0,NaN,NaN,1,0,0,0,0,1,1,0,0,0,0,0,0,0,0,0,0,0,0,44,0,0,0,0,0,0,4,4,0,4,0,0,3,0,20,0,0
C:\Users\All Five Projects\spring-batch-main\spring-batch-infrastructure\src\main\java\org\springframework\batch\item\xml\stax\UnclosedElementCollectingEventWriter.java,org.springframework.batch.item.xml.stax.UnclosedElementCollectingEventWriter,class,1,3,2,1,5,2,0,7,1,0.33333334,0.33333334,0.33333334,3,0,3,0,0,0,3,0,0,0,1,0,0,1,0,0,1,0,0,18,1,0,0,0,0,0,0,1,0,1,1,0,0,0,36,1,0
C:\Users\All Five Projects\spring-batch-main\spring-batch-infrastructure\src\test\java\org\springframework\batch\item\database\AbstractDataSourceItemReaderIntegrationTests.java,org.springframework.batch.item.database.AbstractDataSourceItemReaderIntegrationTests,class,13,16,3,13,17,1,2,16,10,0.5625,0.45833334,0.45833334,16,0,3,0,3,10,16,1,0,0,3,0,0,0,3,0,0,0,0,145,2,0,0,0,1,0,19,38,0,31,1,0,0,1,74,1025,0
C:\Users\All Five Projects\spring-batch-main\spring-batch-core\src\main\java\org\springframework\batch\core\launch\JobLauncher.java,org.springframework.batch.core.launch.JobLauncher,interface,3,10,7,3,1,1,0,0,0,0.0,NaN,NaN,1,0,0,0,0,1,1,0,0,0,0,0,0,0,0,0,0,0,0,3,0,0,0,0,0,0,0,0,0,0,0,0,0,0,122,1,0
C:\Users\All Five Projects\spring-batch-main\spring-batch-core\src\main\java\org\springframework\batch\core\partition\PartitionHandler.java,org.springframework.batch.core.partition.PartitionHandler,interface,2,5,3,2,1,1,0,0,0,0.0,NaN,NaN,1,0,0,0,0,1,1,0,0,0,0,0,0,0,0,0,0,0,0,3,0,0,0,0,0,0,0,0,0,0,0,0,0,0,90,1,0
C:\Users\All Five Projects\spring-batch-main\spring-batch-core\src\main\java\org\springframework\batch\core\launch\JobExecutionNotRunningException.java,org.springframework.batch.core.launch.JobExecutionNotRunningException,class,1,3,2,1,1,4,0,0,0,0.0,NaN,NaN,1,0,1,0,0,0,1,0,0,0,0,0,0,0,0,0,0,0,0,5,0,0,0,0,0,0,0,0,0,0,0,0,0,0,35,1,0
C:\Users\All Five Projects\spring-batch-main\spring-batch-core\src\main\java\org\springframework\batch\core\repository\dao\JdbcJobExecutionDao.java,org.springframework.batch.core.repository.dao.JdbcJobExecutionDao,class,36,41,5,36,39,2,0,60,131,0.9228396,0.07619048,0.08571429,18,0,14,3,1,0,15,0,0,0,18,14,0,18,0,0,15,0,9,212,8,0,13,3,0,28,13,55,4,55,3,0,1,3,263,1,1
C:\Users\All Five Projects\spring-batch-main\spring-batch-test\src\test\java\org\springframework\batch\test\StepScopeAnnotatedListenerIntegrationTests.java,org.springframework.batch.test.StepScopeAnnotatedListenerIntegrationTests$TestConfig$Anonymous1,anonymous,3,3,0,3,1,1,0,0,0,0.0,NaN,NaN,1,0,1,0,0,0,1,0,0,0,0,0,0,0,0,0,0,0,0,5,1,0,0,0,0,0,0,0,0,0,0,0,0,0,3,-1,0
C:\Users\All Five Projects\spring-batch-main\spring-batch-samples\src\main\java\org\springframework\batch\samples\domain\person\Child.java,org.springframework.batch.samples.domain.person.Child,class,1,4,3,1,12,1,0,3,0,0.0,1.0,1.0,5,0,5,0,0,0,5,0,0,0,1,0,0,1,0,0,0,0,0,39,9,0,6,0,2,2,3,5,3,4,2,0,0,0,19,1,0
C:\Users\All Five Projects\spring-batch-main\spring-batch-core\src\test\java\org\springframework\batch\core\ExitStatusTests.java,org.springframework.batch.core.ExitStatusTests,class,5,5,0,5,30,1,0,18,435,0.0,0.0,0.0,30,2,2,2,0,26,28,0,0,0,0,0,0,0,0,0,0,0,2,119,2,0,0,0,0,46,0,18,2,18,0,0,0,0,61,0,0
C:\Users\All Five Projects\spring-batch-main\spring-batch-infrastructure\src\test\java\org\springframework\batch\item\adapter\AbstractDelegatorTests.java,org.springframework.batch.item.adapter.AbstractDelegatorTests$FooService,innerclass,1,1,0,1,3,1,0,2,0,0.0,1.0,1.0,3,0,3,0,0,0,3,0,0,0,1,0,0,1,0,0,1,0,1,12,1,0,0,0,0,2,0,1,0,1,0,0,0,0,11,10,0
C:\Users\All Five Projects\spring-batch-main\spring-batch-infrastructure\src\test\java\org\springframework\batch\item\file\builder\MultiResourceItemWriterBuilderTests.java,org.springframework.batch.item.file.builder.MultiResourceItemWriterBuilderTests,class,13,14,1,13,16,1,0,31,0,0.41538462,0.93333334,1.0,13,0,0,3,0,10,10,0,0,0,5,0,0,5,0,0,2,0,1,123,1,1,2,1,0,67,34,21,2,17,3,0,0,1,72,0,0
C:\Users\All Five Projects\spring-batch-main\spring-batch-infrastructure\src\test\java\org\springframework\batch\item\database\StoredprocedureItemReaderConfigTests.java,org.springframework.batch.item.database.StoredprocedureItemReaderConfigTests,class,9,9,0,9,3,1,0,19,3,0.0,0.0,0.0,3,0,0,0,0,3,3,0,0,0,0,0,0,0,0,0,0,0,0,86,3,0,0,0,0,11,1,24,0,28,1,0,0,4,51,0,0
C:\Users\All Five Projects\spring-batch-main\spring-batch-infrastructure\src\test\java\org\springframework\batch\item\xml\stax\AbstractEventWriterWrapperTests.java,org.springframework.batch.item.xml.stax.AbstractEventWriterWrapperTests$StubEventWriter,innerclass,1,1,0,1,1,2,0,0,0,0.0,NaN,NaN,1,0,1,0,0,0,1,0,0,0,0,0,0,0,0,0,0,0,0,5,0,0,0,0,0,0,0,0,0,0,0,0,0,0,9,10,0
C:\Users\All Five Projects\spring-batch-main\spring-batch-samples\src\main\java\org\springframework\batch\samples\skip\SkippableExceptionDuringReadSample.java,org.springframework.batch.samples.skip.SkippableExceptionDuringReadSample,class,16,18,2,16,7,1,0,15,13,0.6666667,0.06666667,0.06666667,6,0,6,0,0,0,6,0,0,0,1,0,0,1,0,0,1,0,1,42,6,1,0,0,0,5,8,1,3,3,2,1,0,2,27,1,0
C:\Users\All Five Projects\spring-batch-main\spring-batch-samples\src\test\java\org\springframework\batch\samples\jdbc\JdbcCursorFunctionalTests.java,org.springframework.batch.samples.jdbc.JdbcCursorFunctionalTests,class,11,11,0,11,2,1,0,5,1,0.5,0.0,0.0,2,0,1,0,0,1,2,0,0,0,1,0,0,1,0,0,0,0,0,14,0,0,0,0,0,2,0,5,0,6,0,0,0,0,39,0,0
C:\Users\All Five Projects\spring-batch-main\spring-batch-core\src\test\java\org\springframework\batch\core\configuration\support\ApplicationContextJobFactoryTests.java,org.springframework.batch.core.configuration.support.ApplicationContextJobFactoryTests$StubApplicationContextFactory,innerclass,4,4,0,4,1,1,0,1,0,0.0,NaN,NaN,1,0,1,0,0,0,1,0,0,0,0,0,0,0,0,0,0,0,0,7,1,0,0,0,0,1,0,1,0,1,0,0,0,0,8,10,0
C:\Users\All Five Projects\spring-batch-main\spring-batch-infrastructure\src\test\java\org\springframework\batch\item\database\support\OraclePagingQueryProviderIntegrationTests.java,org.springframework.batch.item.database.support.OraclePagingQueryProviderIntegrationTests,class,10,10,0,10,1,2,0,1,0,1.0,NaN,NaN,1,0,0,0,0,1,1,0,0,0,2,2,1,1,0,0,1,0,0,18,0,0,0,0,0,3,0,2,0,2,0,0,1,0,61,0,0
C:\Users\All Five Projects\spring-batch-main\spring-batch-core\src\main\java\org\springframework\batch\core\job\flow\support\state\AbstractState.java,org.springframework.batch.core.job.flow.support.state.AbstractState,class,3,10,7,3,4,1,7,2,0,0.25,0.5,0.5,4,0,4,0,0,0,4,1,0,0,1,0,0,1,0,0,1,0,0,13,2,0,0,0,0,2,0,1,1,1,0,0,0,0,19,1025,0
C:\Users\All Five Projects\spring-batch-main\spring-batch-infrastructure\src\test\java\org\springframework\batch\item\database\AbstractJdbcItemReaderIntegrationTests.java,org.springframework.batch.item.database.AbstractJdbcItemReaderIntegrationTests,class,13,14,1,13,11,1,0,14,23,0.6818182,0.53571427,0.53571427,11,0,1,3,1,6,8,1,0,0,4,0,0,0,4,0,0,0,0,74,3,0,0,0,0,0,12,19,0,17,0,0,0,1,61,1025,0
C:\Users\All Five Projects\spring-batch-main\spring-batch-test\src\main\java\org\springframework\batch\test\StepScopeTestExecutionListener.java,org.springframework.batch.test.StepScopeTestExecutionListener,class,8,11,3,8,9,1,0,16,0,0.25,0.5,0.5,4,0,3,0,1,0,4,0,0,0,1,1,0,1,0,0,1,0,1,59,2,0,2,1,0,3,0,6,2,6,2,0,1,0,122,1,0
C:\Users\All Five Projects\spring-batch-main\spring-batch-core\src\test\java\org\springframework\batch\core\configuration\support\DefaultJobLoaderTests.java,org.springframework.batch.core.configuration.support.DefaultJobLoaderTests,class,15,16,1,15,16,2,0,20,0,0.7040816,0.6813187,1.0,14,0,0,0,2,12,14,0,0,0,7,4,0,7,0,0,7,0,2,127,0,2,0,0,4,44,14,21,2,21,1,0,2,4,94,0,0
C:\Users\All Five Projects\spring-batch-main\spring-batch-core\src\test\java\org\springframework\batch\core\repository\dao\OptimisticLockingFailureTests.java,org.springframework.batch.core.repository.dao.OptimisticLockingFailureTests$Writer,innerclass,2,2,0,2,1,1,0,0,0,0.0,NaN,NaN,1,0,1,0,0,0,1,0,0,0,0,0,0,0,0,0,0,0,0,4,0,0,0,0,0,0,0,0,0,0,0,0,0,0,4,9,0
C:\Users\All Five Projects\spring-batch-main\spring-batch-test\src\test\java\org\springframework\batch\test\context\BatchTestContextCustomizerFactoryTests.java,org.springframework.batch.test.context.BatchTestContextCustomizerFactoryTests$MyJobTest,innerclass,1,1,0,1,0,1,0,0,0,0.0,-1.0,-1.0,0,0,0,0,0,0,0,0,0,0,0,0,0,0,0,0,0,0,0,4,0,0,0,0,0,0,0,0,0,0,0,0,1,0,3,10,0
C:\Users\All Five Projects\spring-batch-main\spring-batch-infrastructure\src\test\java\org\springframework\batch\item\support\SynchronizedItemReaderTests.java,org.springframework.batch.item.support.SynchronizedItemReaderTests,class,6,6,0,6,2,1,0,5,1,0.5,0.0,0.0,2,0,0,0,0,2,2,0,0,0,1,0,0,1,0,0,0,0,0,12,0,0,0,0,0,1,0,2,0,3,0,0,0,1,25,1,0
C:\Users\All Five Projects\spring-batch-main\spring-batch-infrastructure\src\main\java\org\springframework\batch\item\file\builder\FlatFileItemReaderBuilder.java,org.springframework.batch.item.file.builder.FlatFileItemReaderBuilder,class,19,23,4,19,42,1,0,40,263,0.9169229,0.1,1.0,26,0,25,1,0,0,25,0,0,0,25,0,0,24,1,0,1,0,2,330,25,0,14,1,0,10,9,42,1,30,4,0,2,0,225,1,1
C:\Users\All Five Projects\spring-batch-main\spring-batch-infrastructure\src\test\java\org\springframework\batch\item\database\support\Db2PagingQueryProviderIntegrationTests.java,org.springframework.batch.item.database.support.Db2PagingQueryProviderIntegrationTests,class,9,9,0,9,1,2,0,2,0,1.0,NaN,NaN,1,0,0,0,0,1,1,0,0,0,2,2,1,1,0,0,1,0,0,20,0,0,0,0,0,2,0,2,0,2,0,0,1,0,41,0,0
C:\Users\All Five Projects\spring-batch-main\spring-batch-core\src\test\java\org\springframework\batch\core\scope\StepScopeProxyTargetClassOverrideIntegrationTests.java,org.springframework.batch.core.scope.StepScopeProxyTargetClassOverrideIntegrationTests,class,16,16,0,16,10,1,0,18,28,0.84444445,0.11111111,0.11111111,9,0,1,0,0,8,9,0,0,0,10,2,0,10,0,0,2,0,9,64,0,0,0,0,3,31,9,10,0,16,0,0,0,0,61,1,0
C:\Users\All Five Projects\spring-batch-main\spring-batch-infrastructure\src\test\java\org\springframework\batch\item\file\transform\DelimitedLineAggregatorTests.java,org.springframework.batch.item.file.transform.DelimitedLineAggregatorTests,class,3,3,0,3,5,1,0,5,0,0.0,1.0,1.0,5,0,1,0,0,4,5,0,0,0,1,0,0,1,0,0,0,0,0,22,0,0,0,0,0,15,0,1,0,2,0,0,0,1,21,0,0
C:\Users\All Five Projects\spring-batch-main\spring-batch-core\src\main\java\org\springframework\batch\core\job\builder\JobBuilderHelper.java,org.springframework.batch.core.job.builder.JobBuilderHelper$CommonJobProperties,innerclass,9,9,0,9,21,1,0,2,156,0.8624339,0.14285715,0.9047619,21,0,21,0,0,0,21,0,0,0,9,0,0,9,0,0,0,0,0,81,9,0,0,0,0,0,0,20,0,9,0,0,0,0,29,9,0
C:\Users\All Five Projects\spring-batch-main\spring-batch-infrastructure\src\test\java\org\springframework\batch\item\support\SynchronizedItemStreamReaderTests.java,org.springframework.batch.item.support.SynchronizedItemStreamReaderTests,class,4,4,0,4,2,2,0,5,1,0.0,0.0,0.0,2,0,0,0,1,1,2,0,0,0,0,0,0,0,0,0,0,0,0,11,1,0,0,0,1,1,0,2,0,2,0,0,0,1,35,1,0
C:\Users\All Five Projects\spring-batch-main\spring-batch-core\src\test\java\org\springframework\batch\core\test\concurrent\ConcurrentTransactionTests.java,org.springframework.batch.core.test.concurrent.ConcurrentTransactionTests$DataSourceConfiguration,innerclass,8,8,0,8,2,1,0,6,1,0.0,0.0,0.0,2,0,2,0,0,0,2,0,0,0,0,0,0,0,0,0,0,0,0,37,2,0,0,0,0,2,0,3,0,3,0,1,0,0,25,8,0
C:\Users\All Five Projects\spring-batch-main\spring-batch-infrastructure\src\main\java\org\springframework\batch\item\data\builder\RepositoryItemWriterBuilder.java,org.springframework.batch.item.data.builder.RepositoryItemWriterBuilder$RepositoryMethodReference,innerclass,4,4,0,4,4,1,0,5,0,0.25,0.8333333,1.0,4,0,2,0,0,2,4,0,0,0,2,0,0,2,0,0,2,0,0,20,3,0,0,0,0,1,0,3,0,3,0,0,0,0,43,9,0
C:\Users\All Five Projects\spring-batch-main\spring-batch-infrastructure\src\test\java\org\springframework\batch\item\xml\AbstractStaxEventWriterItemWriterTests.java,org.springframework.batch.item.xml.AbstractStaxEventWriterItemWriterTests,class,20,23,3,20,7,1,2,24,2,0.64285713,0.33333334,0.5,4,0,0,0,1,3,4,1,0,0,7,1,0,4,3,0,2,0,1,46,1,1,0,1,0,11,8,10,1,11,3,0,0,1,75,1024,1
C:\Users\All Five Projects\spring-batch-main\spring-batch-infrastructure\src\main\java\org\springframework\batch\item\file\transform\IncorrectLineLengthException.java,org.springframework.batch.item.file.transform.IncorrectLineLengthException,class,1,2,1,1,6,5,0,0,0,0.16666667,0.93333334,1.0,6,0,6,0,0,0,6,0,0,0,2,0,0,2,0,0,2,0,0,30,2,0,0,0,0,4,0,8,2,2,0,0,0,0,42,1,0
C:\Users\All Five Projects\spring-batch-main\spring-batch-core\src\test\java\org\springframework\batch\core\partition\support\SimpleStepExecutionSplitterTests.java,org.springframework.batch.core.partition.support.SimpleStepExecutionSplitterTests,class,21,22,1,21,20,1,0,39,0,0.0952381,1.0,1.0,14,0,0,2,0,12,12,0,0,0,3,0,0,3,0,0,0,0,4,144,2,2,0,3,0,16,31,43,3,35,1,0,1,1,76,0,0
C:\Users\All Five Projects\spring-batch-main\spring-batch-infrastructure\src\test\java\org\springframework\batch\item\adapter\AbstractDelegatorTests.java,org.springframework.batch.item.adapter.AbstractDelegatorTests$Foo,innerclass,0,0,0,0,6,1,0,0,7,0.7083333,0.26666668,0.4,6,0,6,0,0,0,6,0,0,0,4,2,2,2,0,0,3,0,0,25,2,0,0,0,0,3,0,5,0,4,0,0,0,0,24,10,0
C:\Users\All Five Projects\spring-batch-main\spring-batch-core\src\main\java\org\springframework\batch\core\launch\support\SimpleJobOperator.java,org.springframework.batch.core.launch.support.SimpleJobOperator,class,32,35,3,32,59,1,0,52,42,0.7285714,0.39181286,0.79532164,20,0,19,1,0,0,19,0,0,0,7,1,0,7,0,0,2,0,15,206,14,5,8,5,4,30,0,33,9,32,7,0,0,0,148,1,9
C:\Users\All Five Projects\spring-batch-main\spring-batch-core\src\main\java\org\springframework\batch\core\step\factory\BatchListenerFactoryHelper.java,org.springframework.batch.core.step.factory.BatchListenerFactoryHelper,class,2,4,2,2,3,1,0,3,0,0.0,NaN,NaN,1,1,1,0,0,0,1,0,0,0,0,0,0,0,0,0,0,0,0,12,1,1,0,0,0,1,0,2,0,2,2,0,0,0,18,1024,0
C:\Users\All Five Projects\spring-batch-main\spring-batch-core\src\test\java\org\springframework\batch\core\job\flow\support\state\EndStateTests.java,org.springframework.batch.core.job.flow.support.state.EndStateTests,class,7,7,0,7,3,1,0,4,0,0.0,1.0,1.0,3,0,0,0,0,3,3,0,0,0,1,0,0,1,0,0,0,0,0,28,0,0,0,0,0,3,1,5,0,5,0,2,0,0,31,0,0
C:\Users\All Five Projects\spring-batch-main\spring-batch-core\src\test\java\org\springframework\batch\core\step\builder\StepBuilderTests.java,org.springframework.batch.core.step.builder.StepBuilderTests,class,33,34,1,33,23,1,0,37,141,0.56060606,0.14736842,0.14736842,22,0,0,2,0,20,20,0,0,0,3,0,0,3,0,0,0,0,3,253,0,0,0,0,0,23,42,25,0,40,1,2,4,13,101,0,0
C:\Users\All Five Projects\spring-batch-main\spring-batch-core\src\test\java\org\springframework\batch\core\scope\StepScopeClassIntegrationTests.java,org.springframework.batch.core.scope.StepScopeClassIntegrationTests,class,16,17,1,16,6,1,0,10,9,0.7083333,0.1,0.1,6,0,1,1,0,4,5,0,0,0,4,0,0,4,0,0,0,0,0,32,0,0,0,0,0,8,2,4,0,6,0,0,0,0,33,1,0
C:\Users\All Five Projects\spring-batch-main\spring-batch-core\src\test\java\org\springframework\batch\core\test\step\FaultTolerantStepFactoryBeanIntegrationTests.java,org.springframework.batch.core.test.step.FaultTolerantStepFactoryBeanIntegrationTests$SkipProcessorStub,innerclass,4,4,0,4,4,1,0,7,0,0.375,1.0,1.0,4,0,4,0,0,0,4,0,0,0,2,0,0,2,0,0,2,0,0,18,2,0,0,0,0,6,1,2,1,4,0,0,0,1,31,10,1
C:\Users\All Five Projects\spring-batch-main\spring-batch-core\src\test\java\org\springframework\batch\core\configuration\xml\ParentStepFactoryBeanParserTests.java,org.springframework.batch.core.configuration.xml.ParentStepFactoryBeanParserTests,class,5,5,0,5,5,1,0,4,10,0.0,0.0,0.0,5,0,0,0,0,5,5,0,0,0,0,0,0,0,0,0,0,0,0,42,0,0,0,0,0,30,0,20,0,20,0,0,0,0,38,0,0
C:\Users\All Five Projects\spring-batch-main\spring-batch-core\src\test\java\org\springframework\batch\core\test\repository\DerbyJobRepositoryIntegrationTests.java,org.springframework.batch.core.test.repository.DerbyJobRepositoryIntegrationTests$TestConfiguration,innerclass,10,10,0,10,3,1,0,6,3,0.0,0.0,0.0,3,0,3,0,0,0,3,0,0,0,0,0,0,0,0,0,0,0,0,11,3,0,0,0,0,3,0,0,0,2,0,0,0,1,23,8,0
C:\Users\All Five Projects\spring-batch-main\spring-batch-infrastructure\src\main\java\org\springframework\batch\item\file\transform\RegexLineTokenizer.java,org.springframework.batch.item.file.transform.RegexLineTokenizer,class,1,2,1,1,5,2,0,9,0,0.0,1.0,1.0,3,0,2,0,1,0,3,0,0,0,1,0,0,1,0,0,0,0,2,23,2,1,0,0,0,2,1,6,0,5,2,0,0,0,66,1,0
C:\Users\All Five Projects\spring-batch-main\spring-batch-core\src\test\java\org\springframework\batch\core\partition\RestartIntegrationTests.java,org.springframework.batch.core.partition.RestartIntegrationTests,class,12,12,0,12,4,1,0,10,2,0.5833333,0.33333334,0.5,4,0,1,0,0,3,4,0,0,0,3,0,0,3,0,0,0,0,4,31,0,0,0,0,0,11,4,9,2,9,0,0,0,0,40,1,0
C:\Users\All Five Projects\spring-batch-main\spring-batch-infrastructure\src\main\java\org\springframework\batch\item\database\ExtendedConnectionDataSourceProxy.java,org.springframework.batch.item.database.ExtendedConnectionDataSourceProxy$CloseSuppressingInvocationHandler,innerclass,1,1,0,1,9,1,0,6,0,0.0,1.0,1.0,2,0,2,0,0,0,2,0,0,0,2,0,0,2,0,0,2,0,1,40,6,0,1,1,1,4,1,2,0,2,2,0,0,0,42,10,0
C:\Users\All Five Projects\spring-batch-main\spring-batch-samples\src\main\java\org\springframework\batch\samples\retry\RetrySampleConfiguration.java,org.springframework.batch.samples.retry.RetrySampleConfiguration,class,14,16,2,14,4,1,0,11,6,0.0,0.0,0.0,4,0,1,0,3,0,4,0,0,0,0,0,0,0,0,0,0,0,0,16,4,0,0,0,0,2,3,1,0,1,0,0,0,0,25,1,0
C:\Users\All Five Projects\spring-batch-main\spring-batch-integration\src\test\java\org\springframework\batch\integration\file\ResourceSplitterIntegrationTests.java,org.springframework.batch.integration.file.ResourceSplitterIntegrationTests,class,12,12,0,12,2,1,0,4,1,0.5,0.0,0.0,2,0,1,0,0,1,2,0,0,0,2,0,0,2,0,0,0,0,1,15,1,0,0,0,0,6,2,3,0,4,0,0,0,0,27,0,0
C:\Users\All Five Projects\spring-batch-main\spring-batch-infrastructure\src\test\java\org\springframework\batch\item\json\JsonFileItemWriterTests.java,org.springframework.batch.item.json.JsonFileItemWriterTests,class,10,10,0,10,4,1,0,9,0,0.375,0.6666667,1.0,4,0,0,0,0,4,4,0,0,0,2,0,0,2,0,0,0,0,1,22,0,0,0,0,0,6,0,3,0,4,0,0,0,2,34,0,0
C:\Users\All Five Projects\spring-batch-main\spring-batch-core\src\main\java\org\springframework\batch\core\step\skip\ExceptionClassifierSkipPolicy.java,org.springframework.batch.core.step.skip.ExceptionClassifierSkipPolicy,class,3,4,1,3,3,1,0,2,0,0.0,1.0,1.0,3,0,3,0,0,0,3,0,0,0,1,0,0,1,0,0,0,0,0,12,1,0,0,0,0,0,0,2,0,1,0,0,0,0,77,1,0
C:\Users\All Five Projects\spring-batch-main\spring-batch-infrastructure\src\test\java\org\springframework\batch\repeat\listener\RepeatListenerTests.java,org.springframework.batch.repeat.listener.RepeatListenerTests$Anonymous16,anonymous,1,1,0,1,1,1,0,1,0,0.0,NaN,NaN,1,0,1,0,0,0,1,0,0,0,0,0,0,0,0,0,0,0,0,6,0,0,0,0,0,2,0,0,0,0,0,0,0,0,6,-1,0
C:\Users\All Five Projects\spring-batch-main\spring-batch-core\src\test\java\org\springframework\batch\core\JobParameterTests.java,org.springframework.batch.core.JobParameterTests,class,4,4,0,4,8,1,0,7,0,0.25,0.53571427,0.53571427,8,0,0,0,0,8,8,0,0,0,1,0,0,0,0,1,0,0,0,44,0,0,0,0,0,6,6,9,0,4,0,0,0,2,23,0,0
C:\Users\All Five Projects\spring-batch-main\spring-batch-infrastructure\src\test\java\org\springframework\batch\item\file\builder\FlatFileItemReaderBuilderTests.java,org.springframework.batch.item.file.builder.FlatFileItemReaderBuilderTests$Anonymous1,anonymous,2,2,0,2,2,1,0,0,0,0.0,1.0,1.0,2,0,2,0,0,0,2,0,0,0,1,0,0,1,0,0,1,0,0,9,2,0,0,0,0,3,0,1,0,1,0,0,0,0,7,-1,0
C:\Users\All Five Projects\spring-batch-main\spring-batch-infrastructure\src\test\java\org\springframework\batch\repeat\listener\RepeatListenerTests.java,org.springframework.batch.repeat.listener.RepeatListenerTests$Anonymous14,anonymous,1,1,0,1,1,1,0,1,0,0.0,NaN,NaN,1,0,1,0,0,0,1,0,0,0,0,0,0,0,0,0,0,0,0,5,0,0,0,0,0,1,0,0,0,0,0,0,0,0,6,-1,0
C:\Users\All Five Projects\spring-batch-main\spring-batch-integration\src\main\java\org\springframework\batch\integration\launch\JobLaunchRequestHandler.java,org.springframework.batch.integration.launch.JobLaunchRequestHandler,interface,2,4,2,2,1,1,0,0,0,0.0,NaN,NaN,1,0,0,0,0,1,1,0,0,0,0,0,0,0,0,0,0,0,0,3,0,0,0,0,0,0,0,0,0,0,0,0,0,0,15,1,0
C:\Users\All Five Projects\spring-batch-main\spring-batch-infrastructure\src\test\java\org\springframework\batch\item\file\builder\FlatFileItemReaderBuilderTests.java,org.springframework.batch.item.file.builder.FlatFileItemReaderBuilderTests$Anonymous2,anonymous,2,2,0,2,2,1,0,0,0,0.0,1.0,1.0,2,0,2,0,0,0,2,0,0,0,1,0,0,1,0,0,1,0,0,9,2,0,0,0,0,3,0,1,0,1,0,0,0,0,7,-1,0
C:\Users\All Five Projects\spring-batch-main\spring-batch-infrastructure\src\test\java\org\springframework\batch\repeat\listener\RepeatListenerTests.java,org.springframework.batch.repeat.listener.RepeatListenerTests$Anonymous15,anonymous,2,2,0,2,1,1,0,1,0,0.0,NaN,NaN,1,0,1,0,0,0,1,0,0,0,0,0,0,0,0,0,0,0,0,5,0,0,0,0,0,1,0,0,0,0,0,0,0,0,5,-1,0
C:\Users\All Five Projects\spring-batch-main\spring-batch-infrastructure\src\test\java\org\springframework\batch\repeat\listener\RepeatListenerTests.java,org.springframework.batch.repeat.listener.RepeatListenerTests$Anonymous12,anonymous,1,1,0,1,1,1,0,1,0,0.0,NaN,NaN,1,0,1,0,0,0,1,0,0,0,0,0,0,0,0,0,0,0,0,5,0,0,0,0,0,1,0,0,0,0,0,0,0,0,6,-1,0
C:\Users\All Five Projects\spring-batch-main\spring-batch-infrastructure\src\test\java\org\springframework\batch\repeat\listener\RepeatListenerTests.java,org.springframework.batch.repeat.listener.RepeatListenerTests$Anonymous13,anonymous,2,2,0,2,1,1,0,1,0,0.0,NaN,NaN,1,0,1,0,0,0,1,0,0,0,0,0,0,0,0,0,0,0,0,5,0,0,0,0,0,1,0,0,0,0,0,0,0,0,5,-1,0
C:\Users\All Five Projects\spring-batch-main\spring-batch-infrastructure\src\main\java\org\springframework\batch\item\avro\AvroItemReader.java,org.springframework.batch.item.avro.AvroItemReader$InputStreamReader,innerclass,4,4,0,4,5,1,0,6,0,0.33333334,-1.0,-1.0,3,0,0,3,0,0,0,0,0,0,3,0,0,3,0,0,3,0,0,24,2,0,0,1,0,0,0,3,0,3,1,0,0,0,17,10,0
C:\Users\All Five Projects\spring-batch-main\spring-batch-infrastructure\src\test\java\org\springframework\batch\repeat\listener\RepeatListenerTests.java,org.springframework.batch.repeat.listener.RepeatListenerTests$Anonymous10,anonymous,1,1,0,1,1,1,0,1,0,0.0,NaN,NaN,1,0,1,0,0,0,1,0,0,0,0,0,0,0,0,0,0,0,0,5,0,0,0,0,0,1,0,0,0,0,0,0,0,0,4,-1,0
C:\Users\All Five Projects\spring-batch-main\spring-batch-infrastructure\src\test\java\org\springframework\batch\repeat\listener\RepeatListenerTests.java,org.springframework.batch.repeat.listener.RepeatListenerTests$Anonymous11,anonymous,1,1,0,1,1,1,0,1,0,0.0,NaN,NaN,1,0,1,0,0,0,1,0,0,0,0,0,0,0,0,0,0,0,0,5,0,0,0,0,0,1,0,0,0,0,0,0,0,0,6,-1,0
C:\Users\All Five Projects\spring-batch-main\spring-batch-core\src\test\java\org\springframework\batch\core\configuration\xml\StopIncompleteJobParserTests.java,org.springframework.batch.core.configuration.xml.StopIncompleteJobParserTests,class,5,5,0,5,1,2,0,12,0,0.0,NaN,NaN,1,0,0,0,0,1,1,0,0,0,0,0,0,0,0,0,0,0,0,23,0,0,0,0,0,6,2,4,2,3,0,0,0,0,26,0,0
C:\Users\All Five Projects\spring-batch-main\spring-batch-infrastructure\src\main\java\org\springframework\batch\item\database\AbstractPagingItemReader.java,org.springframework.batch.item.database.AbstractPagingItemReader,class,6,17,11,6,17,2,0,13,13,0.7,0.35555556,0.62222224,10,0,5,0,5,0,10,1,0,0,7,0,0,5,2,0,1,0,0,79,4,0,1,3,0,5,7,16,4,8,3,0,0,0,103,1025,2
C:\Users\All Five Projects\spring-batch-main\spring-batch-samples\src\main\java\org\springframework\batch\samples\file\multilineaggregate\AggregateItemReader.java,org.springframework.batch.samples.file.multilineaggregate.AggregateItemReader$ResultHolder,innerclass,1,1,0,1,4,1,0,1,2,0.5,0.33333334,0.33333334,4,0,4,0,0,0,4,0,0,0,2,0,0,2,0,0,1,0,0,16,2,0,0,0,0,0,0,3,0,2,0,0,0,0,22,2,0
C:\Users\All Five Projects\spring-batch-main\spring-batch-core\src\main\java\org\springframework\batch\core\step\tasklet\SystemCommandException.java,org.springframework.batch.core.step.tasklet.SystemCommandException,class,0,1,1,0,2,4,0,0,1,1.0,0.0,0.0,2,0,2,0,0,0,2,0,0,0,1,1,0,1,0,0,1,0,0,9,0,0,0,0,0,0,1,1,0,1,0,0,0,0,19,1,0
C:\Users\All Five Projects\spring-batch-main\spring-batch-samples\src\main\java\org\springframework\batch\samples\jdbc\paging\JdbcPagingReaderBatchWriterSampleJob.java,org.springframework.batch.samples.jdbc.paging.JdbcPagingReaderBatchWriterSampleJob,class,9,10,1,9,1,2,0,12,0,0.0,NaN,NaN,1,0,1,0,0,0,1,0,0,0,0,0,0,0,0,0,0,0,1,9,1,0,0,0,0,11,1,1,0,1,0,0,0,0,28,1,0
C:\Users\All Five Projects\spring-batch-main\spring-batch-core\src\main\java\org\springframework\batch\core\partition\support\SimpleStepExecutionSplitter.java,org.springframework.batch.core.partition.support.SimpleStepExecutionSplitter,class,12,13,1,12,35,1,0,30,14,0.6769231,0.46666667,0.8,13,0,9,3,1,0,10,0,0,0,5,1,0,5,0,0,1,0,0,122,11,2,15,0,2,15,0,29,5,22,3,0,0,0,178,1,0
C:\Users\All Five Projects\spring-batch-main\spring-batch-core\src\test\java\org\springframework\batch\core\step\NoSuchStepExceptionTests.java,org.springframework.batch.core.step.NoSuchStepExceptionTests,class,2,2,0,2,1,1,0,2,0,0.0,NaN,NaN,1,0,0,0,0,1,1,0,0,0,0,0,0,0,0,0,0,0,0,6,0,0,0,0,0,2,0,1,0,1,0,0,0,0,11,0,0
C:\Users\All Five Projects\spring-batch-main\spring-batch-core\src\main\java\org\springframework\batch\core\repository\dao\JobInstanceDao.java,org.springframework.batch.core.repository.dao.JobInstanceDao,interface,4,22,18,4,10,1,0,0,45,0.0,0.0,0.0,10,0,0,0,0,10,10,0,0,0,0,0,0,0,0,0,0,0,0,16,0,0,0,0,0,0,0,0,0,0,0,0,0,0,130,1,0
C:\Users\All Five Projects\spring-batch-main\spring-batch-infrastructure\src\test\java\org\springframework\batch\item\file\transform\PassThroughLineAggregatorTests.java,org.springframework.batch.item.file.transform.PassThroughLineAggregatorTests,class,3,3,0,3,2,1,0,3,0,0.0,1.0,1.0,2,0,0,0,0,2,2,0,0,0,1,0,0,1,0,0,1,0,0,10,0,0,0,0,0,2,0,2,0,2,0,0,0,0,17,0,0
C:\Users\All Five Projects\spring-batch-main\spring-batch-core\src\test\java\org\springframework\batch\core\configuration\support\GroupAwareJobTests.java,org.springframework.batch.core.configuration.support.GroupAwareJobTests,class,4,4,0,4,3,1,0,3,0,0.0,1.0,1.0,3,0,0,0,0,3,3,0,0,0,1,0,0,1,0,0,1,0,0,15,0,0,0,0,0,6,0,4,0,4,0,0,0,0,17,0,0
C:\Users\All Five Projects\spring-batch-main\spring-batch-core\src\test\java\org\springframework\batch\core\repository\dao\AbstractJobInstanceDaoTests.java,org.springframework.batch.core.repository.dao.AbstractJobInstanceDaoTests,class,8,10,2,8,17,1,1,26,0,0.60714287,0.72527474,0.72527474,14,0,1,0,1,12,14,1,0,0,4,1,0,3,1,0,3,0,3,102,0,2,0,0,0,17,27,27,0,26,1,0,0,1,78,1025,0
C:\Users\All Five Projects\spring-batch-main\spring-batch-samples\src\main\java\org\springframework\batch\samples\domain\trade\CustomerDebit.java,org.springframework.batch.samples.domain.trade.CustomerDebit,class,1,6,5,1,20,1,0,5,0,0.33333334,0.6666667,0.7777778,9,0,8,0,0,1,9,0,0,0,2,0,0,2,0,0,0,0,0,61,12,0,9,0,4,3,4,9,5,5,2,0,0,0,23,1,0
C:\Users\All Five Projects\spring-batch-main\spring-batch-infrastructure\src\test\java\org\springframework\batch\item\adapter\ItemWriterAdapterTests.java,org.springframework.batch.item.adapter.ItemWriterAdapterTests,class,7,7,0,7,3,1,0,11,0,0.0,NaN,NaN,1,0,0,0,0,1,1,0,0,0,2,0,0,2,0,0,0,0,0,19,0,2,1,0,1,1,1,5,0,7,1,0,0,0,27,0,0
C:\Users\All Five Projects\spring-batch-main\spring-batch-infrastructure\src\test\java\org\springframework\batch\item\file\mapping\BeanWrapperFieldSetMapperTests.java,org.springframework.batch.item.file.mapping.BeanWrapperFieldSetMapperTests$TestConversion,innerclass,4,4,0,4,4,1,0,0,6,0.0,0.0,0.0,4,0,4,0,0,0,4,0,0,0,0,0,0,0,0,0,0,0,0,14,4,0,0,0,0,3,0,0,0,0,0,0,0,0,12,9,0
C:\Users\All Five Projects\spring-batch-main\spring-batch-core\src\test\java\org\springframework\batch\core\test\football\FootballJobIntegrationTests.java,org.springframework.batch.core.test.football.FootballJobIntegrationTests,class,8,8,0,8,3,1,0,14,0,0.0,NaN,NaN,1,0,0,0,0,1,1,0,0,0,3,0,0,3,0,0,1,0,1,15,0,1,0,0,0,5,3,2,3,4,2,0,0,0,38,1,1
C:\Users\All Five Projects\spring-batch-main\spring-batch-samples\src\main\java\org\springframework\batch\samples\helloworld\HelloWorldJobConfiguration.java,org.springframework.batch.samples.helloworld.HelloWorldJobConfiguration,class,11,12,1,11,2,1,0,4,1,0.0,0.0,0.0,2,0,2,0,0,0,2,0,0,0,0,0,0,0,0,0,0,0,0,12,3,0,0,0,0,3,0,0,0,2,1,0,0,1,14,1,0
C:\Users\All Five Projects\spring-batch-main\spring-batch-core\src\test\java\org\springframework\batch\core\configuration\xml\PartitionStepParserTests.java,org.springframework.batch.core.configuration.xml.PartitionStepParserTests,class,20,21,1,20,14,1,0,23,4,0.7654321,0.7619048,1.0,9,0,1,2,0,6,7,0,0,0,9,0,0,9,0,0,1,0,4,111,2,3,0,0,0,32,5,22,2,29,2,0,2,0,106,1,0
C:\Users\All Five Projects\spring-batch-main\spring-batch-core\src\test\java\org\springframework\batch\core\configuration\xml\TestRetryListener.java,org.springframework.batch.core.configuration.xml.TestRetryListener,class,4,5,1,4,1,2,0,0,0,0.0,NaN,NaN,1,0,1,0,0,0,1,0,0,0,0,0,0,0,0,0,0,0,0,6,1,0,0,0,0,0,0,1,0,0,0,0,0,0,11,1,0
C:\Users\All Five Projects\spring-batch-main\spring-batch-test\src\test\java\org\springframework\batch\test\sample\SampleTasklet.java,org.springframework.batch.test.sample.SampleTasklet,class,11,12,1,11,5,1,0,4,0,0.5,0.6666667,1.0,3,0,3,0,0,0,3,0,0,0,4,0,1,3,0,0,0,0,0,22,1,0,1,0,0,3,1,6,1,5,2,0,0,0,33,1,0
C:\Users\All Five Projects\spring-batch-main\spring-batch-core\src\main\java\org\springframework\batch\core\repository\persistence\JobInstance.java,org.springframework.batch.core.repository.persistence.JobInstance,class,0,3,3,0,9,1,0,0,16,0.6944444,0.2777778,0.7777778,9,0,9,0,0,0,9,0,0,0,4,0,0,4,0,0,0,0,0,32,5,0,0,0,0,5,0,3,2,4,0,0,0,0,15,1,0
C:\Users\All Five Projects\spring-batch-main\spring-batch-core\src\test\java\org\springframework\batch\core\resource\StepExecutionSimpleCompletionPolicyTests.java,org.springframework.batch.core.resource.StepExecutionSimpleCompletionPolicyTests,class,11,11,0,11,3,1,0,11,0,0.0,1.0,1.0,3,0,0,0,0,3,3,0,0,0,1,0,0,1,0,0,1,0,0,19,0,0,0,0,0,5,2,8,0,8,0,0,0,0,40,0,0
C:\Users\All Five Projects\spring-batch-main\spring-batch-core\src\main\java\org\springframework\batch\core\repository\JobExecutionAlreadyRunningException.java,org.springframework.batch.core.repository.JobExecutionAlreadyRunningException,class,1,5,4,1,2,4,0,0,1,0.0,0.0,0.0,2,0,2,0,0,0,2,0,0,0,0,0,0,0,0,0,0,0,0,8,0,0,0,0,0,0,0,0,0,0,0,0,0,0,16,1,0
C:\Users\All Five Projects\spring-batch-main\spring-batch-core\src\main\java\org\springframework\batch\core\JobKeyGenerator.java,org.springframework.batch.core.JobKeyGenerator,interface,1,8,7,1,1,1,0,0,0,0.0,NaN,NaN,1,0,0,0,0,1,1,0,0,0,0,0,0,0,0,0,0,0,0,3,0,0,0,0,0,0,0,0,0,0,0,0,0,0,40,1,0
C:\Users\All Five Projects\spring-batch-main\spring-batch-core\src\test\java\org\springframework\batch\core\step\item\FaultTolerantStepFactoryBeanNonBufferingTests.java,org.springframework.batch.core.step.item.FaultTolerantStepFactoryBeanNonBufferingTests$SkipWriterStub,innerclass,4,4,0,4,5,1,0,7,1,0.5555556,0.33333334,0.33333334,3,0,3,0,0,0,3,0,0,0,3,0,0,2,1,0,3,0,1,21,0,1,0,0,0,4,0,3,2,3,2,0,0,0,25,10,2
C:\Users\All Five Projects\spring-batch-main\spring-batch-core\src\main\java\org\springframework\batch\core\converter\JobParametersConversionException.java,org.springframework.batch.core.converter.JobParametersConversionException,class,0,2,2,0,2,4,0,0,1,0.0,0.0,0.0,2,0,2,0,0,0,2,0,0,0,0,0,0,0,0,0,0,0,0,8,0,0,0,0,0,0,0,0,0,0,0,0,0,0,23,1,0
C:\Users\All Five Projects\spring-batch-main\spring-batch-infrastructure\src\main\java\org\springframework\batch\item\database\support\ColumnMapItemPreparedStatementSetter.java,org.springframework.batch.item.database.support.ColumnMapItemPreparedStatementSetter,class,1,3,2,1,2,1,0,3,0,0.0,NaN,NaN,1,0,1,0,0,0,1,0,0,0,0,0,0,0,0,0,0,0,0,10,0,1,0,0,0,1,1,1,0,1,1,0,0,0,55,1,0
C:\Users\All Five Projects\spring-batch-main\spring-batch-integration\src\test\java\org\springframework\batch\integration\async\AsyncItemWriterTests.java,org.springframework.batch.integration.async.AsyncItemWriterTests,class,12,12,0,12,10,1,0,14,0,0.14285715,1.0,1.0,7,0,0,0,0,7,7,0,0,0,3,0,0,3,0,0,0,0,0,134,0,3,0,0,0,9,3,16,0,16,1,1,2,8,40,0,0
C:\Users\All Five Projects\spring-batch-main\spring-batch-infrastructure\src\main\java\org\springframework\batch\item\support\SynchronizedItemWriter.java,org.springframework.batch.item.support.SynchronizedItemWriter,class,3,4,1,3,2,1,0,4,0,0.25,1.0,1.0,2,0,2,0,0,0,2,0,0,0,2,0,0,2,0,0,2,0,0,17,0,0,0,1,0,1,0,2,0,2,1,0,0,0,43,1,0
C:\Users\All Five Projects\spring-batch-main\spring-batch-core\src\main\java\org\springframework\batch\core\configuration\xml\SimpleFlowFactoryBean.java,org.springframework.batch.core.configuration.xml.SimpleFlowFactoryBean$DelegateState,innerclass,6,6,0,6,6,2,0,4,0,0.0,1.0,1.0,5,0,4,1,0,0,4,0,0,0,1,0,0,1,0,0,1,0,1,19,4,0,0,0,2,0,0,1,0,1,0,0,0,0,40,9,0
C:\Users\All Five Projects\spring-batch-main\spring-batch-infrastructure\src\test\java\org\springframework\batch\item\database\builder\JdbcCursorItemReaderBuilderTests.java,org.springframework.batch.item.database.builder.JdbcCursorItemReaderBuilderTests$TestDataSourceConfiguration,innerclass,7,7,0,7,2,1,0,5,1,0.5,0.0,0.0,2,0,2,0,0,0,2,0,0,0,2,2,0,2,0,0,2,0,0,15,2,0,0,0,0,0,0,5,0,5,0,0,0,0,29,9,0
C:\Users\All Five Projects\spring-batch-main\spring-batch-core\src\main\java\org\springframework\batch\core\step\skip\SkipListenerFailedException.java,org.springframework.batch.core.step.skip.SkipListenerFailedException,class,1,5,4,1,1,5,0,3,0,0.0,NaN,NaN,1,0,1,0,0,0,1,0,0,0,0,0,0,0,0,0,0,0,0,5,0,0,0,0,0,2,0,0,1,0,0,0,0,0,44,1,0
C:\Users\All Five Projects\spring-batch-main\spring-batch-core\src\test\java\org\springframework\batch\core\step\item\ScriptItemProcessorTests.java,org.springframework.batch.core.step.item.ScriptItemProcessorTests$TestItemWriter,innerclass,2,2,0,2,2,1,0,7,0,0.0,NaN,NaN,1,0,1,0,0,0,1,0,0,0,0,0,0,0,0,0,0,0,0,9,0,0,1,0,0,5,2,1,1,1,0,0,0,0,20,9,0
C:\Users\All Five Projects\spring-batch-main\spring-batch-core\src\main\java\org\springframework\batch\core\ItemProcessListener.java,org.springframework.batch.core.ItemProcessListener,interface,4,9,5,4,3,1,0,0,3,0.0,0.0,0.0,3,0,0,0,0,3,3,0,0,0,0,0,0,0,0,0,0,0,0,8,0,0,0,0,0,0,0,0,0,0,0,0,0,0,54,1,0
C:\Users\All Five Projects\spring-batch-main\spring-batch-samples\src\main\java\org\springframework\batch\samples\domain\person\Person.java,org.springframework.batch.samples.domain.person.Person,class,3,5,2,3,40,1,0,8,20,0.6770833,0.41666666,1.0,16,0,16,0,0,0,16,0,0,0,6,0,0,6,0,0,0,0,0,118,23,0,19,0,10,10,8,21,13,9,2,0,0,0,40,1,0
C:\Users\All Five Projects\spring-batch-main\spring-batch-infrastructure\src\main\java\org\springframework\batch\repeat\support\ResultHolderResultQueue.java,org.springframework.batch.repeat.support.ResultHolderResultQueue$ResultHolderComparator,innerclass,2,2,0,2,10,1,0,2,0,0.0,NaN,NaN,1,0,1,0,0,0,1,0,0,0,0,0,0,0,0,0,0,0,0,22,6,0,4,0,2,0,6,2,0,2,1,0,0,0,20,10,0
C:\Users\All Five Projects\spring-batch-main\spring-batch-samples\src\test\java\org\springframework\batch\samples\jpa\JpaFunctionalTests.java,org.springframework.batch.samples.jpa.JpaFunctionalTests,class,10,10,0,10,2,1,0,4,1,0.0,0.0,0.0,2,0,1,0,0,1,2,0,0,0,0,0,0,0,0,0,0,0,0,13,0,0,0,0,0,1,0,5,0,5,0,0,0,0,27,0,0
C:\Users\All Five Projects\spring-batch-main\spring-batch-core\src\main\java\org\springframework\batch\core\step\item\ChunkMonitor.java,org.springframework.batch.core.step.item.ChunkMonitor,class,9,13,4,9,21,2,0,19,33,0.7272727,0.15555556,0.22222222,11,0,10,1,0,0,10,0,0,0,6,1,0,6,0,0,4,0,0,95,3,1,3,1,0,4,7,15,1,11,3,0,1,0,95,1,2
C:\Users\All Five Projects\spring-batch-main\spring-batch-core\src\test\java\org\springframework\batch\core\test\repository\HANAJobRepositoryIntegrationTests.java,org.springframework.batch.core.test.repository.HANAJobRepositoryIntegrationTests$TestConfiguration,innerclass,11,11,0,11,3,1,0,9,3,0.0,0.0,0.0,3,0,3,0,0,0,3,0,0,0,0,0,0,0,0,0,0,0,0,15,3,0,0,0,0,2,0,1,0,3,0,0,0,1,17,8,0
C:\Users\All Five Projects\spring-batch-main\spring-batch-infrastructure\src\main\java\org\springframework\batch\item\file\transform\DelimitedLineAggregator.java,org.springframework.batch.item.file.transform.DelimitedLineAggregator,class,2,3,1,2,3,2,0,4,0,0.33333334,0.6666667,1.0,3,0,3,0,0,0,3,0,0,0,2,0,0,2,0,0,0,0,2,13,1,0,0,0,0,2,0,4,1,3,0,0,0,1,50,1,0
C:\Users\All Five Projects\spring-batch-main\spring-batch-infrastructure\src\main\java\org\springframework\batch\repeat\support\RepeatInternalState.java,org.springframework.batch.repeat.support.RepeatInternalState,interface,0,3,3,0,1,1,0,0,0,0.0,NaN,NaN,1,0,0,0,0,1,1,0,0,0,0,0,0,0,0,0,0,0,0,3,0,0,0,0,0,0,0,0,0,0,0,0,0,0,29,1,0
C:\Users\All Five Projects\spring-batch-main\spring-batch-core\src\test\java\org\springframework\batch\core\step\builder\RegisterMultiListenerTests.java,org.springframework.batch.core.step.builder.RegisterMultiListenerTests$MySkippableException,innerclass,0,0,0,0,0,4,0,0,0,NaN,-1.0,-1.0,0,0,0,0,0,0,0,0,0,0,1,1,0,1,0,0,1,0,0,3,0,0,0,0,0,0,1,1,0,1,0,0,0,0,11,10,0
C:\Users\All Five Projects\spring-batch-main\spring-batch-core\src\main\java\org\springframework\batch\core\repository\dao\JdbcJobInstanceDao.java,org.springframework.batch.core.repository.dao.JdbcJobInstanceDao$Anonymous1,anonymous,5,5,0,5,5,1,0,3,0,0.0,NaN,NaN,1,0,1,0,0,0,1,0,0,0,1,0,0,1,0,0,1,0,0,15,1,2,0,0,0,0,1,3,1,3,1,0,0,0,16,-1,0
C:\Users\All Five Projects\spring-batch-main\spring-batch-infrastructure\src\main\java\org\springframework\batch\item\file\transform\PassThroughFieldExtractor.java,org.springframework.batch.item.file.transform.PassThroughFieldExtractor,class,3,4,1,3,5,1,0,5,0,0.0,NaN,NaN,1,0,1,0,0,0,1,0,0,0,0,0,0,0,0,0,0,0,0,17,5,0,0,0,3,0,0,0,0,0,1,0,0,0,88,1,0
C:\Users\All Five Projects\spring-batch-main\spring-batch-core\src\main\java\org\springframework\batch\core\repository\dao\JdbcJobInstanceDao.java,org.springframework.batch.core.repository.dao.JdbcJobInstanceDao$Anonymous2,anonymous,3,3,0,3,5,1,0,3,0,0.0,NaN,NaN,1,0,1,0,0,0,1,0,0,0,1,0,0,1,0,0,1,0,0,15,1,2,0,0,0,0,1,3,1,3,1,0,0,0,17,-1,0
C:\Users\All Five Projects\spring-batch-main\spring-batch-core\src\main\java\org\springframework\batch\core\repository\dao\StepExecutionDao.java,org.springframework.batch.core.repository.dao.StepExecutionDao,interface,4,20,16,4,8,1,0,0,28,0.0,0.0,0.0,8,0,0,0,0,8,8,0,0,0,0,0,0,0,0,0,0,0,0,16,0,0,0,0,0,0,0,0,0,0,0,0,0,0,55,1,0
C:\Users\All Five Projects\spring-batch-main\spring-batch-core\src\main\java\org\springframework\batch\core\repository\persistence\StepExecution.java,org.springframework.batch.core.repository.persistence.StepExecution,class,3,7,4,3,41,1,0,0,704,0.92804873,0.07073171,0.9512195,41,0,41,0,0,0,41,0,0,0,20,0,0,20,0,0,0,0,0,144,21,0,0,0,0,21,0,19,2,20,0,0,0,0,54,1,0
C:\Users\All Five Projects\spring-batch-main\spring-batch-infrastructure\src\test\java\org\springframework\batch\item\ExecutionContextTests.java,org.springframework.batch.item.ExecutionContextTests$TestSerializable,innerclass,1,1,0,1,6,1,0,1,0,0.0,1.0,1.0,2,0,2,0,0,0,2,0,0,0,1,0,0,0,0,1,0,0,0,25,6,0,4,0,0,0,2,4,2,4,1,0,0,0,20,10,0
C:\Users\All Five Projects\spring-batch-main\spring-batch-core\src\main\java\org\springframework\batch\core\ChunkListener.java,org.springframework.batch.core.ChunkListener,interface,2,8,6,2,3,1,0,0,3,1.0,0.0,0.0,3,0,0,0,0,3,3,0,0,0,1,0,0,0,0,1,0,0,0,9,0,0,0,0,0,1,0,1,0,1,0,0,0,0,113,1,0
C:\Users\All Five Projects\spring-batch-main\spring-batch-core\src\test\java\org\springframework\batch\core\step\item\TaskletStepExceptionTests.java,org.springframework.batch.core.step.item.TaskletStepExceptionTests$ExceptionTasklet,innerclass,5,5,0,5,1,1,0,0,0,0.0,NaN,NaN,1,0,1,0,0,0,1,0,0,0,0,0,0,0,0,0,0,0,0,5,0,0,0,0,0,0,0,0,0,0,0,0,0,0,11,10,0
C:\Users\All Five Projects\spring-batch-main\spring-batch-infrastructure\src\main\java\org\springframework\batch\item\data\MongoItemWriter.java,org.springframework.batch.item.data.MongoItemWriter,class,16,20,4,16,30,1,0,28,74,0.7882353,0.18181819,0.18181819,17,0,9,6,2,0,11,0,0,0,5,1,0,5,0,0,2,0,0,1,7,3,3,0,1,6,3,24,0,21,2,1,1,0,0,1,0
C:\Users\All Five Projects\spring-batch-main\spring-batch-infrastructure\src\test\java\org\springframework\batch\jms\ExternalRetryInBatchTests.java,org.springframework.batch.jms.ExternalRetryInBatchTests,class,21,22,1,21,13,1,0,22,0,0.6,1.0,1.0,5,0,0,2,0,3,3,0,0,0,8,0,0,8,0,0,2,0,1,94,5,2,5,2,0,16,9,14,0,21,6,1,0,4,68,0,0
C:\Users\All Five Projects\spring-batch-main\spring-batch-core\src\main\java\org\springframework\batch\core\job\flow\support\StateTransition.java,org.springframework.batch.core.job.flow.support.StateTransition,class,3,10,7,3,22,1,0,10,0,0.33333334,0.7692308,1.0,14,5,13,1,0,0,13,0,0,0,3,0,0,3,0,0,3,0,9,62,15,0,5,0,0,4,0,5,1,4,1,0,0,0,107,17,0
C:\Users\All Five Projects\spring-batch-main\spring-batch-infrastructure\src\test\java\org\springframework\batch\item\database\support\MySqlPagingQueryProviderIntegrationTests.java,org.springframework.batch.item.database.support.MySqlPagingQueryProviderIntegrationTests,class,9,9,0,9,1,2,0,1,0,1.0,NaN,NaN,1,0,0,0,0,1,1,0,0,0,2,2,1,1,0,0,1,0,0,17,0,0,0,0,0,2,0,2,0,2,0,0,1,0,37,0,0
C:\Users\All Five Projects\spring-batch-main\spring-batch-samples\src\main\java\org\springframework\batch\samples\support\HeaderCopyCallback.java,org.springframework.batch.samples.support.HeaderCopyCallback,class,2,2,0,2,2,1,0,2,0,0.0,1.0,1.0,2,0,2,0,0,0,2,0,0,0,1,0,0,1,0,0,0,0,0,10,0,0,0,0,0,3,0,2,1,1,0,0,0,0,30,1,0
C:\Users\All Five Projects\spring-batch-main\spring-batch-core\src\test\java\org\springframework\batch\core\JobExecutionExceptionTests.java,org.springframework.batch.core.JobExecutionExceptionTests,class,2,2,0,2,2,3,0,0,1,0.0,0.0,0.0,2,0,2,0,0,0,2,0,0,0,0,0,0,0,0,0,0,0,0,8,2,0,0,0,0,0,0,0,0,0,0,0,0,0,11,1,0
C:\Users\All Five Projects\spring-batch-main\spring-batch-infrastructure\src\test\java\org\springframework\batch\item\kafka\KafkaItemReaderIntegrationTests.java,org.springframework.batch.item.kafka.KafkaItemReaderIntegrationTests,class,17,17,0,17,14,1,0,25,0,0.28125,0.8214286,1.0,8,1,0,0,0,8,8,0,0,0,4,0,0,4,0,0,0,0,7,182,0,6,0,0,0,84,46,43,0,27,1,0,0,0,58,0,0
C:\Users\All Five Projects\spring-batch-main\spring-batch-core\src\test\java\org\springframework\batch\core\configuration\xml\DefaultFailureJobParserTests.java,org.springframework.batch.core.configuration.xml.DefaultFailureJobParserTests,class,5,5,0,5,1,2,0,12,0,0.0,NaN,NaN,1,0,0,0,0,1,1,0,0,0,0,0,0,0,0,0,0,0,0,17,0,0,0,0,0,4,1,3,0,3,0,0,0,0,21,0,0
C:\Users\All Five Projects\spring-batch-main\spring-batch-infrastructure\src\test\java\org\springframework\batch\item\xml\stax\AbstractEventReaderWrapperTests.java,org.springframework.batch.item.xml.stax.AbstractEventReaderWrapperTests$StubEventReader,innerclass,1,1,0,1,1,2,0,0,0,0.0,NaN,NaN,1,0,1,0,0,0,1,0,0,0,0,0,0,0,0,0,0,0,0,5,0,0,0,0,0,0,0,0,0,0,0,0,0,0,9,10,0
C:\Users\All Five Projects\spring-batch-main\spring-batch-samples\src\main\java\org\springframework\batch\samples\domain\trade\internal\CommonsLoggingInvalidCustomerLogger.java,org.springframework.batch.samples.domain.trade.internal.CommonsLoggingInvalidCustomerLogger,class,4,4,0,4,1,1,0,2,0,0.0,NaN,NaN,1,0,1,0,0,0,1,0,0,0,1,1,0,0,1,0,1,0,0,6,0,0,0,0,0,2,0,1,1,1,0,0,0,0,14,1,1
C:\Users\All Five Projects\spring-batch-main\spring-batch-infrastructure\src\main\java\org\springframework\batch\item\database\support\OraclePagingQueryProvider.java,org.springframework.batch.item.database.support.OraclePagingQueryProvider,class,3,5,2,3,3,2,0,5,3,0.0,0.0,0.0,3,0,2,1,0,0,2,0,0,0,0,0,0,0,0,0,0,0,2,11,3,0,0,0,0,1,0,0,0,0,0,0,0,0,28,1,0
C:\Users\All Five Projects\spring-batch-main\spring-batch-core\src\test\java\org\springframework\batch\core\configuration\xml\PartitionStepWithNonDefaultTransactionManagerParserTests.java,org.springframework.batch.core.configuration.xml.PartitionStepWithNonDefaultTransactionManagerParserTests,class,7,7,0,7,1,1,0,6,0,0.0,NaN,NaN,1,0,0,0,0,1,1,0,0,0,2,0,0,2,0,0,0,0,0,10,0,0,0,0,0,0,0,1,0,3,0,0,0,0,26,0,0
C:\Users\All Five Projects\spring-batch-main\spring-batch-core\src\main\java\org\springframework\batch\core\launch\support\JobOperatorFactoryBean.java,org.springframework.batch.core.launch.support.JobOperatorFactoryBean,class,17,20,3,17,13,1,0,18,36,0.8083334,0.16363636,0.5090909,12,0,11,1,0,0,11,0,0,0,10,2,0,10,0,0,3,0,1,72,4,0,1,0,1,10,0,16,2,14,1,0,0,0,89,1,0
C:\Users\All Five Projects\spring-batch-main\spring-batch-samples\src\main\java\org\springframework\batch\samples\jpa\CustomerCreditCrudRepository.java,org.springframework.batch.samples.jpa.CustomerCreditCrudRepository,interface,1,2,1,1,0,1,0,0,0,0.0,-1.0,-1.0,0,0,0,0,0,0,0,0,0,0,0,0,0,0,0,0,0,0,0,2,0,0,0,0,0,0,0,0,0,0,0,0,0,0,4,1,0
C:\Users\All Five Projects\spring-batch-main\spring-batch-infrastructure\src\test\java\org\springframework\batch\item\database\JdbcCursorItemReaderIntegrationTests.java,org.springframework.batch.item.database.JdbcCursorItemReaderIntegrationTests,class,5,5,0,5,1,2,0,9,0,0.0,NaN,NaN,1,0,0,0,1,0,1,0,0,0,0,0,0,0,0,0,0,0,0,15,1,0,0,0,0,1,3,1,0,1,0,0,0,0,25,0,0
C:\Users\All Five Projects\spring-batch-main\spring-batch-core\src\test\java\org\springframework\batch\core\listener\StepListenerMethodInterceptorTests.java,org.springframework.batch.core.listener.StepListenerMethodInterceptorTests,class,8,9,1,8,5,1,0,9,0,0.25,0.5,0.5,4,0,1,0,0,3,4,0,0,0,2,0,0,1,0,1,1,0,0,77,1,1,0,0,0,11,4,10,0,8,1,0,2,0,31,1,0
C:\Users\All Five Projects\spring-batch-main\spring-batch-core\src\test\java\org\springframework\batch\core\test\concurrent\ConcurrentTransactionTests.java,org.springframework.batch.core.test.concurrent.ConcurrentTransactionTests$DataSourceConfiguration$Anonymous5,anonymous,1,1,0,1,4,1,0,10,1,0.0,0.0,0.0,2,0,2,0,0,0,2,0,0,0,0,0,0,0,0,0,0,0,0,21,0,0,0,2,0,7,0,2,1,2,1,0,0,0,18,-1,0
C:\Users\All Five Projects\spring-batch-main\spring-batch-test\src\test\java\org\springframework\batch\test\context\BatchTestContextCustomizerFactoryTests.java,org.springframework.batch.test.context.BatchTestContextCustomizerFactoryTests$MyOtherJobTest,innerclass,0,0,0,0,0,1,0,0,0,0.0,-1.0,-1.0,0,0,0,0,0,0,0,0,0,0,0,0,0,0,0,0,0,0,0,2,0,0,0,0,0,0,0,0,0,0,0,0,0,0,4,10,0
C:\Users\All Five Projects\spring-batch-main\spring-batch-core\src\main\java\org\springframework\batch\core\scope\context\StepScopeManager.java,org.springframework.batch.core.scope.context.StepScopeManager,class,5,5,0,5,1,1,0,3,0,0.0,NaN,NaN,1,0,1,0,0,0,1,0,0,0,0,0,0,0,0,0,0,0,2,11,0,0,0,1,0,1,0,0,0,0,1,0,0,0,32,1,0
C:\Users\All Five Projects\spring-batch-main\spring-batch-infrastructure\src\test\java\org\springframework\batch\item\database\support\H2PagingQueryProviderTests.java,org.springframework.batch.item.database.support.H2PagingQueryProviderTests,class,3,3,0,3,7,2,0,4,21,0.0,0.0,0.0,7,0,0,0,0,7,7,0,0,0,0,0,0,0,0,0,0,0,0,33,2,0,0,0,0,11,0,9,3,8,0,0,0,0,59,0,0
C:\Users\All Five Projects\spring-batch-main\spring-batch-infrastructure\src\test\java\org\springframework\batch\item\support\TransactionAwareListItemReaderTests.java,org.springframework.batch.item.support.TransactionAwareListItemReaderTests,class,8,8,0,8,7,1,0,16,0,0.0,1.0,1.0,4,0,0,0,0,4,4,0,0,0,1,0,0,1,0,0,1,0,1,61,2,3,3,0,0,13,6,14,0,14,2,0,0,4,32,0,0
C:\Users\All Five Projects\spring-batch-main\spring-batch-infrastructure\src\main\java\org\springframework\batch\item\file\MultiResourceItemReader.java,org.springframework.batch.item.file.MultiResourceItemReader$Anonymous1,anonymous,1,1,0,1,1,1,0,2,0,0.0,NaN,NaN,1,0,1,0,0,0,1,0,0,0,0,0,0,0,0,0,0,0,0,5,1,0,0,0,0,0,0,0,0,0,0,0,0,0,5,-1,0
C:\Users\All Five Projects\spring-batch-main\spring-batch-infrastructure\src\main\java\org\springframework\batch\repeat\support\RepeatSynchronizationManager.java,org.springframework.batch.repeat.support.RepeatSynchronizationManager,class,2,5,3,2,8,1,0,6,9,0.5,0.3,0.3,6,5,5,1,0,0,5,0,0,0,1,1,0,1,0,0,1,0,4,31,3,1,2,0,0,0,0,6,0,5,1,0,0,0,114,17,0
C:\Users\All Five Projects\spring-batch-main\spring-batch-core\src\test\java\org\springframework\batch\core\configuration\xml\EndTransitionJobParserTests.java,org.springframework.batch.core.configuration.xml.EndTransitionJobParserTests,class,6,6,0,6,1,2,0,14,0,0.0,NaN,NaN,1,0,0,0,0,1,1,0,0,0,0,0,0,0,0,0,0,0,0,19,0,0,0,0,0,5,1,3,0,3,0,0,0,0,22,0,0
C:\Users\All Five Projects\spring-batch-main\spring-batch-infrastructure\src\main\java\org\springframework\batch\poller\Poller.java,org.springframework.batch.poller.Poller,interface,1,2,1,1,1,1,0,0,0,0.0,NaN,NaN,1,0,0,0,0,1,1,0,0,0,0,0,0,0,0,0,0,0,0,3,0,0,0,0,0,0,0,0,0,0,0,0,0,0,72,1,0
C:\Users\All Five Projects\spring-batch-main\spring-batch-core\src\test\java\org\springframework\batch\core\job\builder\FlowBuilderTests.java,org.springframework.batch.core.job.builder.FlowBuilderTests$Anonymous1,anonymous,1,1,0,1,1,1,0,1,0,0.0,NaN,NaN,1,0,1,0,0,0,1,0,0,0,0,0,0,0,0,0,0,0,0,5,0,0,0,0,0,0,0,0,0,0,0,0,0,0,7,-1,0
C:\Users\All Five Projects\spring-batch-main\spring-batch-core\src\test\java\org\springframework\batch\core\job\builder\FlowBuilderTests.java,org.springframework.batch.core.job.builder.FlowBuilderTests$Anonymous2,anonymous,1,1,0,1,1,1,0,0,0,0.0,NaN,NaN,1,0,1,0,0,0,1,0,0,0,0,0,0,0,0,0,0,0,0,4,0,0,0,0,0,0,0,0,0,0,0,0,0,0,7,-1,0
C:\Users\All Five Projects\spring-batch-main\spring-batch-core\src\test\java\org\springframework\batch\core\job\builder\FlowBuilderTests.java,org.springframework.batch.core.job.builder.FlowBuilderTests$Anonymous3,anonymous,1,1,0,1,1,1,0,0,0,0.0,NaN,NaN,1,0,1,0,0,0,1,0,0,0,0,0,0,0,0,0,0,0,0,4,0,0,0,0,0,0,0,0,0,0,0,0,0,0,7,-1,0
C:\Users\All Five Projects\spring-batch-main\spring-batch-samples\src\main\java\org\springframework\batch\samples\file\patternmatching\internal\extractor\AddressFieldExtractor.java,org.springframework.batch.samples.file.patternmatching.internal.extractor.AddressFieldExtractor,class,3,3,0,3,1,1,0,4,0,0.0,NaN,NaN,1,0,1,0,0,0,1,0,0,0,0,0,0,0,0,0,0,0,0,6,1,0,0,0,0,1,0,1,0,1,0,0,0,0,9,1,0
C:\Users\All Five Projects\spring-batch-main\spring-batch-core\src\test\java\org\springframework\batch\core\job\builder\FlowBuilderTests.java,org.springframework.batch.core.job.builder.FlowBuilderTests$Anonymous4,anonymous,1,1,0,1,1,1,0,2,0,0.0,NaN,NaN,1,0,1,0,0,0,1,0,0,0,0,0,0,0,0,0,0,0,0,6,0,0,0,0,0,0,0,0,0,0,0,0,0,0,7,-1,0
C:\Users\All Five Projects\spring-batch-main\spring-batch-samples\src\main\java\org\springframework\batch\samples\domain\trade\CustomerDao.java,org.springframework.batch.samples.domain.trade.CustomerDao,interface,1,4,3,1,3,1,0,0,3,0.0,0.0,0.0,3,0,0,0,0,3,3,0,0,0,0,0,0,0,0,0,0,0,0,5,0,0,0,0,0,0,0,0,0,0,0,0,0,0,14,1,0
C:\Users\All Five Projects\spring-batch-main\spring-batch-samples\src\main\java\org\springframework\batch\samples\mongodb\MongoDBSampleApp.java,org.springframework.batch.samples.mongodb.MongoDBSampleApp,class,12,12,0,12,3,1,0,12,0,0.0,NaN,NaN,1,1,1,0,0,0,1,0,0,0,0,0,0,0,0,0,0,0,4,34,0,2,0,0,0,32,3,10,0,9,1,0,0,0,59,1,0
C:\Users\All Five Projects\spring-batch-main\spring-batch-integration\src\main\java\org\springframework\batch\integration\chunk\ChunkRequest.java,org.springframework.batch.integration.chunk.ChunkRequest,class,2,9,7,2,6,1,0,3,0,0.6,0.6,1.0,6,0,6,0,0,0,6,0,0,0,5,1,0,5,0,0,5,0,0,28,5,0,0,0,0,4,1,5,1,5,0,0,0,0,45,1,0
C:\Users\All Five Projects\spring-batch-main\spring-batch-core\src\test\java\org\springframework\batch\core\test\football\domain\PlayerDao.java,org.springframework.batch.core.test.football.domain.PlayerDao,interface,1,3,2,1,1,1,0,0,0,0.0,NaN,NaN,1,0,0,0,0,1,1,0,0,0,0,0,0,0,0,0,0,0,0,3,0,0,0,0,0,0,0,0,0,0,0,0,0,0,9,1,0
C:\Users\All Five Projects\spring-batch-main\spring-batch-core\src\test\java\org\springframework\batch\core\job\builder\FlowJobBuilderTests.java,org.springframework.batch.core.job.builder.FlowJobBuilderTests,class,28,28,0,28,24,1,0,41,0,0.47916666,0.9166667,0.9166667,24,0,1,0,0,23,24,0,0,0,6,0,0,6,0,0,4,0,0,286,3,0,0,0,0,81,22,65,0,80,1,6,1,8,124,0,0
C:\Users\All Five Projects\spring-batch-main\spring-batch-infrastructure\src\test\java\org\springframework\batch\item\support\builder\SynchronizedItemReaderBuilderTests.java,org.springframework.batch.item.support.builder.SynchronizedItemReaderBuilderTests,class,7,7,0,7,2,1,0,6,0,0.0,1.0,1.0,2,0,0,0,0,2,2,0,0,0,1,0,0,1,0,0,0,0,0,12,0,0,0,0,0,2,0,3,0,4,0,0,0,1,24,1,0
C:\Users\All Five Projects\spring-batch-main\spring-batch-infrastructure\src\test\java\org\springframework\batch\repeat\listener\CompositeRepeatListenerTests.java,org.springframework.batch.repeat.listener.CompositeRepeatListenerTests,class,5,5,0,5,4,1,0,8,0,0.0,1.0,1.0,4,0,0,0,0,4,4,0,0,0,3,0,0,3,0,0,3,0,0,50,0,0,0,0,0,1,4,3,0,3,0,5,0,0,27,0,0
C:\Users\All Five Projects\spring-batch-main\spring-batch-core\src\test\java\org\springframework\batch\core\launch\JobInstanceAlreadyExistsExceptionTests.java,org.springframework.batch.core.launch.JobInstanceAlreadyExistsExceptionTests,class,2,2,0,2,2,3,0,0,1,0.0,0.0,0.0,2,0,2,0,0,0,2,0,0,0,0,0,0,0,0,0,0,0,0,8,2,0,0,0,0,0,0,0,0,0,0,0,0,0,13,1,0
C:\Users\All Five Projects\spring-batch-main\spring-batch-core\src\test\java\org\springframework\batch\core\repository\dao\Jackson2ExecutionContextStringSerializerTests.java,org.springframework.batch.core.repository.dao.Jackson2ExecutionContextStringSerializerTests$InternationalNumber,innerclass,1,1,0,1,0,2,0,0,0,NaN,-1.0,-1.0,0,0,0,0,0,0,0,0,0,0,1,0,1,0,0,0,0,0,0,3,0,0,0,0,0,0,0,0,0,1,0,0,0,0,5,9,0
C:\Users\All Five Projects\spring-batch-main\spring-batch-core\src\test\java\org\springframework\batch\core\step\item\TaskletStepExceptionTests.java,org.springframework.batch.core.step.item.TaskletStepExceptionTests$Anonymous10,anonymous,2,2,0,2,1,1,0,1,0,0.0,NaN,NaN,1,0,0,0,1,0,1,0,0,0,0,0,0,0,0,0,0,0,0,6,0,0,0,0,0,1,0,0,0,0,0,0,0,0,9,-1,0
C:\Users\All Five Projects\spring-batch-main\spring-batch-core\src\main\java\org\springframework\batch\core\observability\BatchJobObservation.java,org.springframework.batch.core.observability.BatchJobObservation,enum,0,0,0,0,0,1,0,0,0,0.0,-1.0,-1.0,0,0,0,0,0,0,0,0,0,0,0,0,0,0,0,0,0,0,0,44,0,0,0,0,0,0,0,0,0,0,0,1,2,0,27,1,0
C:\Users\All Five Projects\spring-batch-main\spring-batch-infrastructure\src\test\java\org\springframework\batch\item\database\FooRowMapper.java,org.springframework.batch.item.database.FooRowMapper,class,2,6,4,2,1,1,0,5,0,0.0,NaN,NaN,1,0,1,0,0,0,1,0,0,0,0,0,0,0,0,0,0,0,0,9,1,0,0,0,0,0,3,1,0,1,0,0,0,0,13,1,0
C:\Users\All Five Projects\spring-batch-main\spring-batch-infrastructure\src\main\java\org\springframework\batch\item\file\builder\FlatFileItemWriterBuilder.java,org.springframework.batch.item.file.builder.FlatFileItemWriterBuilder$DelimitedBuilder,innerclass,7,7,0,7,15,1,0,13,5,0.6666667,0.3809524,1.0,7,0,6,0,1,0,7,0,0,0,6,0,0,6,0,0,2,0,1,59,6,0,5,1,1,4,0,12,0,8,3,0,0,0,89,9,0
C:\Users\All Five Projects\spring-batch-main\spring-batch-core\src\test\java\org\springframework\batch\core\step\item\TaskletStepExceptionTests.java,org.springframework.batch.core.step.item.TaskletStepExceptionTests$Anonymous15,anonymous,4,4,0,4,1,1,0,0,0,0.0,NaN,NaN,1,0,1,0,0,0,1,0,0,0,0,0,0,0,0,0,0,0,0,5,1,0,0,0,0,0,0,0,0,0,0,0,0,0,9,-1,0
C:\Users\All Five Projects\spring-batch-main\spring-batch-core\src\test\java\org\springframework\batch\core\step\item\TaskletStepExceptionTests.java,org.springframework.batch.core.step.item.TaskletStepExceptionTests$Anonymous16,anonymous,4,4,0,4,1,1,0,0,0,0.0,NaN,NaN,1,0,1,0,0,0,1,0,0,0,0,0,0,0,0,0,0,0,0,5,1,0,0,0,0,0,0,0,0,0,0,0,0,0,9,-1,0
C:\Users\All Five Projects\spring-batch-main\spring-batch-core\src\test\java\org\springframework\batch\core\step\item\TaskletStepExceptionTests.java,org.springframework.batch.core.step.item.TaskletStepExceptionTests$Anonymous17,anonymous,4,4,0,4,1,1,0,0,0,0.0,NaN,NaN,1,0,1,0,0,0,1,0,0,0,0,0,0,0,0,0,0,0,0,5,1,0,0,0,0,0,0,0,0,0,0,0,0,0,9,-1,0
C:\Users\All Five Projects\spring-batch-main\spring-batch-core\src\test\java\org\springframework\batch\core\step\item\TaskletStepExceptionTests.java,org.springframework.batch.core.step.item.TaskletStepExceptionTests$Anonymous18,anonymous,4,4,0,4,1,1,0,0,0,0.0,NaN,NaN,1,0,1,0,0,0,1,0,0,0,0,0,0,0,0,0,0,0,0,5,0,0,0,0,0,1,0,0,0,0,0,0,0,0,10,-1,0
C:\Users\All Five Projects\spring-batch-main\spring-batch-infrastructure\src\main\java\org\springframework\batch\item\data\builder\MongoCursorItemReaderBuilder.java,org.springframework.batch.item.data.builder.MongoCursorItemReaderBuilder,class,6,7,1,6,22,1,0,19,100,0.87499994,0.13235295,1.0,17,0,17,0,0,0,17,0,0,0,16,0,0,16,0,0,0,0,0,114,17,0,3,0,0,6,0,20,0,17,1,0,0,0,150,1,0
C:\Users\All Five Projects\spring-batch-main\spring-batch-samples\src\main\java\org\springframework\batch\samples\partitioning\remote\BrokerConfiguration.java,org.springframework.batch.samples.partitioning.remote.BrokerConfiguration,class,5,9,4,5,1,1,0,1,0,0.0,NaN,NaN,1,0,1,0,0,0,1,0,0,0,1,0,0,1,0,0,0,0,0,8,1,0,0,0,0,2,0,1,0,2,0,0,0,0,21,1,0
C:\Users\All Five Projects\spring-batch-main\spring-batch-core\src\test\java\org\springframework\batch\core\repository\support\MongoDBJobRepositoryIntegrationTests.java,org.springframework.batch.core.repository.support.MongoDBJobRepositoryIntegrationTests,class,22,23,1,22,5,1,0,23,0,0.6666667,0.33333334,0.33333334,4,2,1,1,0,2,3,0,0,0,3,2,1,2,0,0,1,0,7,43,0,1,0,0,0,47,6,7,1,8,1,0,0,0,55,1,0
C:\Users\All Five Projects\spring-batch-main\spring-batch-core\src\test\java\org\springframework\batch\core\step\item\TaskletStepExceptionTests.java,org.springframework.batch.core.step.item.TaskletStepExceptionTests$Anonymous11,anonymous,4,4,0,4,1,1,0,4,0,0.0,NaN,NaN,1,0,1,0,0,0,1,0,0,0,0,0,0,0,0,0,0,0,0,6,1,0,0,0,0,2,0,0,0,0,0,0,0,0,9,-1,0
C:\Users\All Five Projects\spring-batch-main\spring-batch-core\src\test\java\org\springframework\batch\core\step\item\TaskletStepExceptionTests.java,org.springframework.batch.core.step.item.TaskletStepExceptionTests$Anonymous12,anonymous,4,4,0,4,1,1,0,0,0,0.0,NaN,NaN,1,0,1,0,0,0,1,0,0,0,0,0,0,0,0,0,0,0,0,5,1,0,0,0,0,0,0,0,0,0,0,0,0,0,9,-1,0
C:\Users\All Five Projects\spring-batch-main\spring-batch-core\src\test\java\org\springframework\batch\core\step\item\TaskletStepExceptionTests.java,org.springframework.batch.core.step.item.TaskletStepExceptionTests$Anonymous13,anonymous,4,4,0,4,1,1,0,0,0,0.0,NaN,NaN,1,0,1,0,0,0,1,0,0,0,0,0,0,0,0,0,0,0,0,5,1,0,0,0,0,0,0,0,0,0,0,0,0,0,9,-1,0
C:\Users\All Five Projects\spring-batch-main\spring-batch-core\src\test\java\org\springframework\batch\core\step\item\TaskletStepExceptionTests.java,org.springframework.batch.core.step.item.TaskletStepExceptionTests$Anonymous14,anonymous,4,4,0,4,1,1,0,0,0,0.0,NaN,NaN,1,0,1,0,0,0,1,0,0,0,0,0,0,0,0,0,0,0,0,5,1,0,0,0,0,0,0,0,0,0,0,0,0,0,9,-1,0
C:\Users\All Five Projects\spring-batch-main\spring-batch-infrastructure\src\main\java\org\springframework\batch\item\file\transform\Range.java,org.springframework.batch.item.file.transform.Range,class,1,7,6,1,11,1,0,4,0,0.42857146,0.8,1.0,7,0,6,1,0,0,6,0,0,0,3,1,1,2,0,0,3,0,1,29,4,0,1,0,0,3,1,3,1,3,0,0,0,0,53,1,0
C:\Users\All Five Projects\spring-batch-main\spring-batch-infrastructure\src\main\java\org\springframework\batch\item\validator\SpringValidator.java,org.springframework.batch.item.validator.SpringValidator,class,9,12,3,9,9,1,0,13,4,0.4,1.0,1.0,5,0,3,2,0,0,3,0,0,0,1,0,0,1,0,0,0,0,0,31,1,1,1,0,0,8,0,3,2,3,1,0,0,0,53,1,0
C:\Users\All Five Projects\spring-batch-main\spring-batch-infrastructure\src\main\java\org\springframework\batch\repeat\support\ThrottleLimitResultQueue.java,org.springframework.batch.repeat.support.ThrottleLimitResultQueue,class,3,5,2,3,9,1,0,6,0,0.5,0.73333335,1.0,6,0,6,0,0,0,6,0,0,0,4,0,0,4,0,0,3,0,0,40,3,0,0,0,0,3,2,5,0,5,1,0,0,0,76,1,0
C:\Users\All Five Projects\spring-batch-main\spring-batch-core\src\test\java\org\springframework\batch\core\test\repository\MySQLJobRepositoryIntegrationTests.java,org.springframework.batch.core.test.repository.MySQLJobRepositoryIntegrationTests,class,15,15,0,15,2,1,0,8,1,0.7,0.0,0.0,2,0,0,0,0,2,2,0,0,0,5,2,1,4,0,0,1,0,0,34,0,0,0,0,0,2,0,5,0,8,0,0,1,0,54,0,0
C:\Users\All Five Projects\spring-batch-main\spring-batch-core\src\main\java\org\springframework\batch\core\SpringBatchVersion.java,org.springframework.batch.core.SpringBatchVersion,class,2,5,3,2,4,1,0,2,1,1.0,NaN,NaN,2,1,1,1,0,0,1,0,0,0,1,1,1,0,0,0,1,0,0,12,2,0,2,0,0,2,0,2,0,2,1,0,0,0,62,17,0
C:\Users\All Five Projects\spring-batch-main\spring-batch-core\src\test\java\org\springframework\batch\core\step\item\TaskletStepExceptionTests.java,org.springframework.batch.core.step.item.TaskletStepExceptionTests$Anonymous19,anonymous,1,1,0,1,2,1,0,0,0,0.0,NaN,NaN,1,0,1,0,0,0,1,0,0,0,1,0,0,0,0,1,0,0,0,10,1,0,0,0,0,0,0,2,0,1,1,0,0,0,9,-1,0
C:\Users\All Five Projects\spring-batch-main\spring-batch-infrastructure\src\test\java\org\springframework\batch\item\support\SingleItemPeekableItemReaderTests.java,org.springframework.batch.item.support.SingleItemPeekableItemReaderTests$CountingListItemReader,innerclass,3,3,0,3,5,2,0,3,0,0.375,0.6666667,1.0,4,0,1,0,3,0,4,0,0,0,2,0,0,2,0,0,1,0,0,20,2,0,0,0,0,1,3,4,0,2,1,0,0,0,15,8,0
C:\Users\All Five Projects\spring-batch-main\spring-batch-infrastructure\src\main\java\org\springframework\batch\item\json\builder\JsonFileItemWriterBuilder.java,org.springframework.batch.item.json.builder.JsonFileItemWriterBuilder,class,9,10,1,9,17,1,0,13,63,0.8516483,0.15384616,1.0,14,0,14,0,0,0,14,0,0,0,13,0,0,13,0,0,0,0,0,91,14,0,2,0,0,3,0,22,0,14,1,0,0,0,115,1,0
C:\Users\All Five Projects\spring-batch-main\spring-batch-core\src\main\java\org\springframework\batch\core\step\skip\SkipLimitExceededException.java,org.springframework.batch.core.step.skip.SkipLimitExceededException,class,1,4,3,1,2,6,0,0,0,0.0,1.0,1.0,2,0,2,0,0,0,2,0,0,0,1,0,0,1,0,0,1,0,0,10,1,0,0,0,0,2,0,1,1,1,0,0,0,0,25,1,0
C:\Users\All Five Projects\spring-batch-main\spring-batch-core\src\test\java\org\springframework\batch\core\step\tasklet\MethodInvokingTaskletAdapterTests.java,org.springframework.batch.core.step.tasklet.MethodInvokingTaskletAdapterTests,class,8,8,0,8,14,1,0,9,0,0.10714286,1.0,1.0,14,0,0,0,0,14,14,0,0,0,4,0,0,4,0,0,0,0,0,155,0,0,0,0,0,14,0,15,0,15,0,0,1,1,53,0,0
C:\Users\All Five Projects\spring-batch-main\spring-batch-infrastructure\src\test\java\org\springframework\batch\item\database\JdbcPagingItemReaderEmptyResultSetTests.java,org.springframework.batch.item.database.JdbcPagingItemReaderEmptyResultSetTests,class,8,9,1,8,3,1,0,14,1,0.5,NaN,NaN,2,0,0,1,0,1,1,0,0,0,3,2,0,3,0,0,2,0,1,26,1,1,0,0,0,5,3,6,1,7,1,0,0,0,41,0,0
C:\Users\All Five Projects\spring-batch-main\spring-batch-infrastructure\src\test\java\org\springframework\batch\item\file\FlatFileItemReaderCommonTests.java,org.springframework.batch.item.file.FlatFileItemReaderCommonTests,class,7,7,0,7,2,2,0,10,1,0.5,0.0,0.0,2,0,0,0,2,0,2,0,0,0,1,1,0,1,0,0,1,0,0,24,2,0,0,0,0,2,0,5,0,7,1,0,0,1,28,1,0
C:\Users\All Five Projects\spring-batch-main\spring-batch-core\src\test\java\org\springframework\batch\core\configuration\annotation\JobScopeConfigurationTests.java,org.springframework.batch.core.configuration.annotation.JobScopeConfigurationTests$JobScopeConfigurationRequiringProxyTargetClass,innerclass,6,6,0,6,1,1,0,0,0,0.0,NaN,NaN,1,0,0,0,1,0,1,0,0,0,0,0,0,0,0,0,0,0,0,5,1,0,0,0,0,2,0,0,0,0,0,0,0,0,12,9,0
C:\Users\All Five Projects\spring-batch-main\spring-batch-infrastructure\src\test\java\org\springframework\batch\item\database\JdbcBatchItemWriterNamedParameterTests.java,org.springframework.batch.item.database.JdbcBatchItemWriterNamedParameterTests$SqlParameterSourceArrayEquals,innerclass,3,3,0,3,7,2,0,5,0,0.0,1.0,1.0,3,0,3,0,0,0,3,0,0,0,1,0,0,1,0,0,1,0,0,27,4,1,1,0,1,3,1,2,0,2,2,0,0,0,18,9,0
C:\Users\All Five Projects\spring-batch-main\spring-batch-infrastructure\src\test\java\org\springframework\batch\support\SimpleMethodInvokerTests.java,org.springframework.batch.support.SimpleMethodInvokerTests$TestClass,innerclass,0,0,0,0,4,1,0,1,0,0.5,0.5,0.5,4,0,4,0,0,0,4,0,0,0,2,0,0,0,0,2,0,0,0,17,0,0,0,0,0,2,0,6,0,2,0,0,0,0,20,10,0
C:\Users\All Five Projects\spring-batch-main\spring-batch-infrastructure\src\test\java\org\springframework\batch\support\ReflectionUtilsTests.java,org.springframework.batch.support.ReflectionUtilsTests$AnnotatedSubClass,innerclass,2,2,0,2,1,2,0,0,0,0.0,NaN,NaN,1,0,1,0,0,0,1,0,0,0,0,0,0,0,0,0,0,0,0,4,0,0,0,0,0,0,0,0,0,0,0,0,0,0,5,9,0
C:\Users\All Five Projects\spring-batch-main\spring-batch-core\src\test\java\org\springframework\batch\core\listener\CompositeJobExecutionListenerTests.java,org.springframework.batch.core.listener.CompositeJobExecutionListenerTests$Anonymous1,anonymous,1,1,0,1,1,1,0,1,0,0.0,NaN,NaN,1,0,1,0,0,0,1,0,0,0,0,0,0,0,0,0,0,0,0,5,0,0,0,0,0,1,0,0,0,0,0,0,0,0,4,-1,0
C:\Users\All Five Projects\spring-batch-main\spring-batch-core\src\test\java\org\springframework\batch\core\listener\CompositeJobExecutionListenerTests.java,org.springframework.batch.core.listener.CompositeJobExecutionListenerTests$Anonymous2,anonymous,1,1,0,1,1,1,0,1,0,0.0,NaN,NaN,1,0,1,0,0,0,1,0,0,0,0,0,0,0,0,0,0,0,0,5,0,0,0,0,0,1,0,0,0,0,0,0,0,0,4,-1,0
C:\Users\All Five Projects\spring-batch-main\spring-batch-infrastructure\src\test\java\org\springframework\batch\item\file\DefaultBufferedReaderFactoryTests.java,org.springframework.batch.item.file.DefaultBufferedReaderFactoryTests,class,3,3,0,3,1,1,0,4,0,0.0,NaN,NaN,1,0,0,0,0,1,1,0,0,0,0,0,0,0,0,0,0,0,0,7,0,0,0,0,0,4,0,2,0,2,0,0,0,0,17,0,0
C:\Users\All Five Projects\spring-batch-main\spring-batch-core\src\main\java\org\springframework\batch\core\step\job\JobStep.java,org.springframework.batch.core.step.job.JobStep,class,12,15,3,12,12,2,0,20,3,0.625,0.6,1.0,6,0,4,1,1,0,5,0,0,0,4,1,0,4,0,0,1,0,0,44,1,0,3,0,0,4,0,10,1,8,1,0,0,0,110,1,0
C:\Users\All Five Projects\spring-batch-main\spring-batch-core\src\test\java\org\springframework\batch\core\listener\CompositeJobExecutionListenerTests.java,org.springframework.batch.core.listener.CompositeJobExecutionListenerTests$Anonymous3,anonymous,1,1,0,1,1,1,0,1,0,0.0,NaN,NaN,1,0,1,0,0,0,1,0,0,0,0,0,0,0,0,0,0,0,0,5,0,0,0,0,0,1,0,0,0,0,0,0,0,0,4,-1,0
C:\Users\All Five Projects\spring-batch-main\spring-batch-infrastructure\src\test\java\org\springframework\batch\item\sample\Person.java,org.springframework.batch.item.sample.Person,class,4,6,2,4,12,1,0,3,0,0.375,0.8095238,1.0,8,0,7,1,0,0,7,0,0,0,2,0,0,2,0,0,0,0,2,31,6,0,4,0,0,1,0,5,0,3,1,0,0,0,17,1,0
C:\Users\All Five Projects\spring-batch-main\spring-batch-core\src\test\java\org\springframework\batch\core\listener\CompositeJobExecutionListenerTests.java,org.springframework.batch.core.listener.CompositeJobExecutionListenerTests$Anonymous4,anonymous,1,1,0,1,1,1,0,1,0,0.0,NaN,NaN,1,0,1,0,0,0,1,0,0,0,0,0,0,0,0,0,0,0,0,5,0,0,0,0,0,1,0,0,0,0,0,0,0,0,4,-1,0
C:\Users\All Five Projects\spring-batch-main\spring-batch-infrastructure\src\test\java\org\springframework\batch\item\database\support\SqlitePagingQueryProviderTests.java,org.springframework.batch.item.database.support.SqlitePagingQueryProviderTests,class,3,3,0,3,7,2,0,4,21,0.0,0.0,0.0,7,0,0,0,0,7,7,0,0,0,0,0,0,0,0,0,0,0,0,33,2,0,0,0,0,8,0,9,0,8,0,0,0,0,62,0,0
C:\Users\All Five Projects\spring-batch-main\spring-batch-samples\src\main\java\org\springframework\batch\samples\football\internal\PlayerSummaryRowMapper.java,org.springframework.batch.samples.football.internal.PlayerSummaryRowMapper,class,2,2,0,2,1,1,0,14,0,0.0,NaN,NaN,1,0,1,0,0,0,1,0,0,0,0,0,0,0,0,0,0,0,0,18,1,0,0,0,0,0,12,1,0,1,0,0,0,0,22,1,0
C:\Users\All Five Projects\spring-batch-main\spring-batch-test\src\test\java\org\springframework\batch\test\context\BatchTestContextBeanPostProcessorTests.java,org.springframework.batch.test.context.BatchTestContextBeanPostProcessorTests$StubJob,innerclass,2,2,0,2,2,1,0,0,1,0.0,0.0,0.0,2,0,2,0,0,0,2,0,0,0,0,0,0,0,0,0,0,0,0,7,1,0,0,0,0,1,0,0,0,0,0,0,0,0,7,8,0
C:\Users\All Five Projects\spring-batch-main\spring-batch-core\src\test\java\org\springframework\batch\core\test\repository\MySQLJdbcJobRepositoryIntegrationTests.java,org.springframework.batch.core.test.repository.MySQLJdbcJobRepositoryIntegrationTests,class,16,16,0,16,2,1,0,13,1,0.6666667,0.0,0.0,2,0,0,0,0,2,2,0,0,0,6,2,1,5,0,0,1,0,0,57,0,0,0,0,0,4,5,8,0,12,0,0,1,0,60,0,0
C:\Users\All Five Projects\spring-batch-main\spring-batch-core\src\test\java\org\springframework\batch\core\test\ldif\builder\LdifReaderBuilderTests.java,org.springframework.batch.core.test.ldif.builder.LdifReaderBuilderTests$TestCallBackHandler,innerclass,2,2,0,2,1,1,0,2,0,0.0,NaN,NaN,1,0,1,0,0,0,1,0,0,0,0,0,0,0,0,0,0,0,0,5,0,0,0,0,0,0,0,1,0,0,0,0,0,0,13,1,0
C:\Users\All Five Projects\spring-batch-main\spring-batch-infrastructure\src\test\java\org\springframework\batch\item\database\JpaCursorItemReaderCommonTests.java,org.springframework.batch.item.database.JpaCursorItemReaderCommonTests,class,7,7,0,7,2,2,0,11,1,0.0,0.0,0.0,2,0,0,0,2,0,2,0,0,0,0,0,0,0,0,0,0,0,0,23,1,0,0,0,0,3,0,4,0,4,0,0,0,0,41,1,0
C:\Users\All Five Projects\spring-batch-main\spring-batch-infrastructure\src\test\java\org\springframework\batch\item\file\builder\FlatFileItemReaderBuilderTests.java,org.springframework.batch.item.file.builder.FlatFileItemReaderBuilderTests,class,21,22,1,21,28,1,0,57,325,0.0,0.0,0.0,26,0,2,1,0,23,25,0,0,0,0,0,0,0,0,0,0,0,0,303,2,0,0,1,0,177,96,65,1,62,1,2,3,4,131,0,0
C:\Users\All Five Projects\spring-batch-main\spring-batch-core\src\main\java\org\springframework\batch\core\step\tasklet\CallableTaskletAdapter.java,org.springframework.batch.core.step.tasklet.CallableTaskletAdapter,class,7,8,1,7,6,1,0,4,0,0.2,0.6,0.6,5,0,5,0,0,0,5,0,0,0,1,0,0,1,0,0,0,0,0,18,1,0,1,0,0,1,0,1,0,1,0,0,0,0,42,1,0
C:\Users\All Five Projects\spring-batch-main\spring-batch-core\src\test\java\org\springframework\batch\core\configuration\xml\DummyItemHandlerAdapter.java,org.springframework.batch.core.configuration.xml.DummyItemHandlerAdapter,class,0,1,1,0,3,1,0,0,3,0.0,0.0,0.0,3,0,3,0,0,0,3,0,0,0,0,0,0,0,0,0,0,0,0,10,2,0,0,0,0,0,0,0,0,0,0,0,0,0,13,1,0
C:\Users\All Five Projects\spring-batch-main\spring-batch-infrastructure\src\test\java\org\springframework\batch\item\xml\StaxEventItemReaderCommonTests.java,org.springframework.batch.item.xml.StaxEventItemReaderCommonTests$Anonymous1,anonymous,2,2,0,2,3,1,0,10,1,0.0,0.0,0.0,2,0,2,0,0,0,2,0,0,0,0,0,0,0,0,0,0,0,2,20,2,0,0,1,0,0,0,5,0,4,1,0,0,0,27,-1,0
C:\Users\All Five Projects\spring-batch-main\spring-batch-core\src\test\java\org\springframework\batch\core\observability\ObservabilitySampleStepTests.java,org.springframework.batch.core.observability.ObservabilitySampleStepTests$TestConfig,innerclass,12,12,0,12,5,1,0,8,10,0.0,0.0,0.0,5,0,5,0,0,0,5,0,0,0,0,0,0,0,0,0,0,0,0,19,5,0,0,0,0,4,0,1,0,3,0,0,0,1,33,8,0
C:\Users\All Five Projects\spring-batch-main\spring-batch-samples\src\main\java\org\springframework\batch\samples\common\StagingItemReader.java,org.springframework.batch.samples.common.StagingItemReader,class,14,15,1,14,16,1,0,19,4,0.625,0.46666667,1.0,8,1,6,2,0,0,6,0,1,0,6,1,0,6,0,0,2,0,0,70,6,0,4,2,0,8,2,13,1,13,2,0,0,2,100,1,2
C:\Users\All Five Projects\spring-batch-main\spring-batch-core\src\main\java\org\springframework\batch\core\repository\dao\MongoSequenceIncrementer.java,org.springframework.batch.core.repository.dao.MongoSequenceIncrementer,class,4,7,3,4,4,1,0,4,4,0.5,0.16666667,0.16666667,4,0,4,0,0,0,4,0,0,0,2,0,0,2,0,0,2,0,0,17,1,0,0,0,0,5,1,2,0,3,0,0,0,1,31,1,0
C:\Users\All Five Projects\spring-batch-main\spring-batch-infrastructure\src\test\java\org\springframework\batch\item\xml\Jaxb2NamespaceMarshallingTests.java,org.springframework.batch.item.xml.Jaxb2NamespaceMarshallingTests,class,20,21,1,20,7,1,0,31,2,0.64285713,0.33333334,0.5,4,0,0,0,1,3,4,0,0,0,7,1,0,7,0,0,5,0,2,56,2,1,0,1,0,16,10,13,2,14,3,0,0,1,77,0,1
C:\Users\All Five Projects\spring-batch-main\spring-batch-core\src\main\java\org\springframework\batch\core\step\StepInterruptionPolicy.java,org.springframework.batch.core.step.StepInterruptionPolicy,interface,1,4,3,1,1,1,0,0,0,0.0,NaN,NaN,1,0,0,0,0,1,1,0,0,0,0,0,0,0,0,0,0,0,0,3,0,0,0,0,0,0,0,0,0,0,0,0,0,0,33,1,0
C:\Users\All Five Projects\spring-batch-main\spring-batch-infrastructure\src\test\java\org\springframework\batch\item\file\transform\RangeArrayPropertyEditorTests.java,org.springframework.batch.item.file.transform.RangeArrayPropertyEditorTests,class,4,4,0,4,8,1,0,9,0,0.125,1.0,1.0,8,0,0,0,0,8,8,0,0,0,2,0,0,2,0,0,0,0,0,64,0,0,0,0,0,7,48,3,0,2,0,1,0,2,29,0,0
C:\Users\All Five Projects\spring-batch-main\spring-batch-test\src\test\java\org\springframework\batch\test\JobRepositoryTestUtilsTests.java,org.springframework.batch.test.JobRepositoryTestUtilsTests,class,10,10,0,10,7,1,0,17,0,0.30952382,1.0,1.0,7,0,0,0,0,7,7,0,0,0,6,0,0,6,0,0,0,0,1,75,0,0,0,0,0,33,21,17,7,14,0,0,0,1,46,0,0
C:\Users\All Five Projects\spring-batch-main\spring-batch-core\src\test\java\org\springframework\batch\core\configuration\annotation\JobBuilderConfigurationTests.java,org.springframework.batch.core.configuration.annotation.JobBuilderConfigurationTests$BeansConfigurer$Anonymous2,anonymous,4,4,0,4,1,1,0,0,0,0.0,NaN,NaN,1,0,1,0,0,0,1,0,0,0,0,0,0,0,0,0,0,0,0,5,1,0,0,0,0,0,0,0,0,0,0,0,0,0,10,-1,0
C:\Users\All Five Projects\spring-batch-main\spring-batch-core\src\test\java\org\springframework\batch\core\configuration\xml\EndTransitionDefaultStatusJobParserTests.java,org.springframework.batch.core.configuration.xml.EndTransitionDefaultStatusJobParserTests,class,5,5,0,5,1,2,0,12,0,0.0,NaN,NaN,1,0,0,0,0,1,1,0,0,0,0,0,0,0,0,0,0,0,0,13,0,0,0,0,0,2,1,2,0,2,0,0,0,0,22,0,0
C:\Users\All Five Projects\spring-batch-main\spring-batch-core\src\test\java\org\springframework\batch\core\configuration\support\MapJobRegistryTests.java,org.springframework.batch.core.configuration.support.MapJobRegistryTests,class,7,7,0,7,4,1,0,13,0,0.0,1.0,1.0,4,0,0,0,0,4,4,0,0,0,1,0,0,1,0,0,1,0,0,30,0,0,0,0,0,12,1,8,0,8,0,0,0,3,28,0,0
C:\Users\All Five Projects\spring-batch-main\spring-batch-core\src\test\java\org\springframework\batch\core\test\football\FootballJobSkipIntegrationTests.java,org.springframework.batch.core.test.football.FootballJobSkipIntegrationTests,class,8,8,0,8,5,1,0,16,0,0.0,NaN,NaN,1,0,0,0,0,1,1,0,0,0,3,0,0,3,0,0,1,0,1,25,0,2,1,0,1,8,7,7,8,8,2,0,0,0,50,1,2
C:\Users\All Five Projects\spring-batch-main\spring-batch-infrastructure\src\main\java\org\springframework\batch\item\json\JacksonJsonObjectMarshaller.java,org.springframework.batch.item.json.JacksonJsonObjectMarshaller,class,4,5,1,4,5,1,0,1,0,0.25,0.5,0.5,4,0,4,0,0,0,4,0,0,0,1,0,0,1,0,0,0,0,0,20,1,0,0,1,0,2,0,2,1,1,1,0,0,0,38,1,0
C:\Users\All Five Projects\spring-batch-main\spring-batch-infrastructure\src\main\java\org\springframework\batch\item\file\transform\AbstractLineTokenizer.java,org.springframework.batch.item.file.transform.AbstractLineTokenizer,class,7,11,4,7,22,1,3,11,8,0.6875,0.33333334,0.71428573,8,0,5,1,2,0,7,1,0,0,4,0,0,3,1,0,1,0,1,70,5,2,7,0,3,2,5,16,1,10,3,0,0,0,118,1025,0
C:\Users\All Five Projects\spring-batch-main\spring-batch-integration\src\main\java\org\springframework\batch\integration\aot\IntegrationRuntimeHints.java,org.springframework.batch.integration.aot.IntegrationRuntimeHints,class,8,8,0,8,1,1,0,4,0,0.0,NaN,NaN,1,0,1,0,0,0,1,0,0,0,0,0,0,0,0,0,0,0,0,12,0,0,0,0,0,0,0,1,0,1,0,0,0,0,20,1,0
C:\Users\All Five Projects\spring-batch-main\spring-batch-test\src\test\java\org\springframework\batch\test\context\SpringBatchTestIntegrationTests.java,org.springframework.batch.test.context.SpringBatchTestIntegrationTests$InnerWithoutSpringBatchTest,innerclass,6,6,0,6,1,1,0,3,0,0.0,NaN,NaN,1,0,0,0,0,1,1,0,0,0,1,0,0,0,0,1,0,0,0,8,0,0,0,0,0,0,0,0,0,1,0,0,0,0,13,0,0
C:\Users\All Five Projects\spring-batch-main\spring-batch-infrastructure\src\main\java\org\springframework\batch\item\json\JacksonJsonObjectReader.java,org.springframework.batch.item.json.JacksonJsonObjectReader,class,7,9,2,7,12,1,0,10,0,0.53571427,0.61904764,1.0,7,0,7,0,0,0,7,0,0,0,4,0,0,4,0,0,1,0,0,45,2,1,3,1,0,4,1,6,0,5,2,0,0,0,68,1,0
C:\Users\All Five Projects\spring-batch-main\spring-batch-samples\src\main\java\org\springframework\batch\samples\file\multiline\MultiLineJobConfiguration.java,org.springframework.batch.samples.file.multiline.MultiLineJobConfiguration,class,23,24,1,23,3,1,0,12,3,0.0,0.0,0.0,3,0,3,0,0,0,3,0,0,0,0,0,0,0,0,0,0,0,0,17,3,0,0,0,0,6,1,4,0,4,0,0,0,0,30,1,0
C:\Users\All Five Projects\spring-batch-main\spring-batch-core\src\test\java\org\springframework\batch\core\configuration\annotation\InlineDataSourceDefinitionTests.java,org.springframework.batch.core.configuration.annotation.InlineDataSourceDefinitionTests$MyJobConfiguration,innerclass,10,10,0,10,3,1,0,6,3,0.0,0.0,0.0,3,0,3,0,0,0,3,0,0,0,0,0,0,0,0,0,0,0,0,11,3,0,0,0,0,4,0,0,0,2,0,0,0,1,24,8,0
C:\Users\All Five Projects\spring-batch-main\spring-batch-core\src\test\java\org\springframework\batch\core\test\ldif\builder\LdifReaderBuilderTests.java,org.springframework.batch.core.test.ldif.builder.LdifReaderBuilderTests$LdifConfiguration,innerclass,1,1,0,1,0,1,0,0,0,0.0,-1.0,-1.0,0,0,0,0,0,0,0,0,0,0,0,0,0,0,0,0,0,0,0,2,0,0,0,0,0,0,0,0,0,0,0,0,0,0,2,9,0
C:\Users\All Five Projects\spring-batch-main\spring-batch-core\src\test\java\org\springframework\batch\core\listener\CompositeItemReadListenerTests.java,org.springframework.batch.core.listener.CompositeItemReadListenerTests$Anonymous1,anonymous,0,0,0,0,1,1,0,1,0,0.0,NaN,NaN,0,0,0,0,0,0,1,0,0,0,0,0,0,0,0,0,0,0,0,5,0,0,0,0,0,0,0,0,0,0,0,0,0,0,2,-1,0
C:\Users\All Five Projects\spring-batch-main\spring-batch-samples\src\main\java\org\springframework\batch\samples\file\delimited\DelimitedJobConfiguration.java,org.springframework.batch.samples.file.delimited.DelimitedJobConfiguration,class,22,23,1,22,3,1,0,11,3,0.0,0.0,0.0,3,0,3,0,0,0,3,0,0,0,0,0,0,0,0,0,0,0,0,11,3,0,0,0,0,10,1,0,0,0,0,0,0,0,21,1,0
C:\Users\All Five Projects\spring-batch-main\spring-batch-infrastructure\src\test\java\org\springframework\batch\item\database\FooDao.java,org.springframework.batch.item.database.FooDao,interface,1,3,2,1,2,1,0,0,1,0.0,0.0,0.0,2,0,0,0,0,2,2,0,0,0,0,0,0,0,0,0,0,0,0,4,0,0,0,0,0,0,0,0,0,0,0,0,0,0,11,1,0
C:\Users\All Five Projects\spring-batch-main\spring-batch-infrastructure\src\test\java\org\springframework\batch\repeat\support\AbstractTradeBatchTests.java,org.springframework.batch.repeat.support.AbstractTradeBatchTests,class,9,12,3,9,1,2,3,2,0,0.5,NaN,NaN,1,0,0,0,0,1,1,0,0,0,4,1,1,0,2,1,1,0,0,32,0,0,0,0,0,1,1,4,0,4,0,0,3,0,42,1024,0
C:\Users\All Five Projects\spring-batch-main\spring-batch-core\src\test\java\org\springframework\batch\core\observability\BatchMetricsTests.java,org.springframework.batch.core.observability.BatchMetricsTests$MyJobConfiguration,innerclass,15,15,0,15,7,1,0,19,21,0.0,0.0,0.0,7,0,7,0,0,0,7,0,0,0,0,0,0,0,0,0,0,0,2,29,7,0,0,0,0,6,13,1,0,5,1,0,0,3,35,8,0
C:\Users\All Five Projects\spring-batch-main\spring-batch-infrastructure\src\test\java\org\springframework\batch\item\xml\Jaxb2MarshallingTests.java,org.springframework.batch.item.xml.Jaxb2MarshallingTests,class,4,4,0,4,1,2,0,7,0,0.0,NaN,NaN,1,0,0,0,1,0,1,0,0,0,0,0,0,0,0,0,0,0,1,12,1,0,0,0,0,4,2,3,1,3,0,0,0,0,21,0,0
C:\Users\All Five Projects\spring-batch-main\spring-batch-infrastructure\src\main\java\org\springframework\batch\item\database\builder\JpaItemWriterBuilder.java,org.springframework.batch.item.database.builder.JpaItemWriterBuilder,class,4,6,2,4,5,1,0,4,0,0.5,0.5,1.0,4,0,4,0,0,0,4,0,0,0,3,0,0,3,0,0,0,0,0,25,4,0,1,0,0,1,0,6,0,4,0,0,0,0,59,1,0
C:\Users\All Five Projects\spring-batch-main\spring-batch-samples\src\test\java\org\springframework\batch\samples\file\json\JsonFunctionalTests.java,org.springframework.batch.samples.file.json.JsonFunctionalTests,class,10,11,1,10,2,1,0,9,1,0.5,NaN,NaN,2,0,0,1,0,1,1,0,0,0,2,2,2,0,0,0,2,0,0,18,0,0,0,0,0,6,0,9,2,9,0,0,0,0,51,0,0
C:\Users\All Five Projects\spring-batch-main\spring-batch-core\src\test\java\org\springframework\batch\core\configuration\annotation\StepScopeConfigurationTests.java,org.springframework.batch.core.configuration.annotation.StepScopeConfigurationTests$StepScopeConfigurationWithDefaults,innerclass,6,6,0,6,1,1,0,0,0,0.0,NaN,NaN,1,0,0,0,1,0,1,0,0,0,0,0,0,0,0,0,0,0,0,5,1,0,0,0,0,1,0,0,0,0,0,0,0,0,8,9,0
C:\Users\All Five Projects\spring-batch-main\spring-batch-infrastructure\src\test\java\org\springframework\batch\item\json\GsonJsonObjectMarshallerTests.java,org.springframework.batch.item.json.GsonJsonObjectMarshallerTests,class,3,3,0,3,1,1,0,2,0,0.0,NaN,NaN,1,0,0,0,0,1,1,0,0,0,0,0,0,0,0,0,0,0,0,27,0,0,0,0,0,2,1,2,0,2,0,0,1,0,15,0,0
C:\Users\All Five Projects\spring-batch-main\spring-batch-integration\src\test\java\org\springframework\batch\integration\launch\JobRequestConverter.java,org.springframework.batch.integration.launch.JobRequestConverter,class,4,4,0,4,1,1,0,1,0,0.0,NaN,NaN,1,0,1,0,0,0,1,0,0,0,0,0,0,0,0,0,0,0,0,6,1,0,0,0,0,0,0,1,0,1,0,0,0,0,14,1,0
C:\Users\All Five Projects\spring-batch-main\spring-batch-core\src\test\java\org\springframework\batch\core\configuration\xml\DummyAnnotationStepExecutionListener.java,org.springframework.batch.core.configuration.xml.DummyAnnotationStepExecutionListener,class,1,2,1,1,1,1,0,0,0,0.0,NaN,NaN,1,0,1,0,0,0,1,0,0,0,0,0,0,0,0,0,0,0,0,4,0,0,0,0,0,0,0,0,0,0,0,0,0,0,8,1,0
C:\Users\All Five Projects\spring-batch-main\spring-batch-samples\src\main\java\org\springframework\batch\samples\file\multilineaggregate\AggregateItemFieldSetMapper.java,org.springframework.batch.samples.file.multilineaggregate.AggregateItemFieldSetMapper,class,5,5,0,5,8,1,0,6,0,0.53333336,0.5,1.0,5,0,5,0,0,0,5,0,0,0,3,0,0,3,0,0,0,0,2,26,3,0,1,0,0,3,2,5,0,3,1,0,0,0,79,1,0
C:\Users\All Five Projects\spring-batch-main\spring-batch-core\src\test\java\org\springframework\batch\core\repository\dao\Jackson2ExecutionContextStringSerializerTests.java,org.springframework.batch.core.repository.dao.Jackson2ExecutionContextStringSerializerTests$UnmappedPerson,innerclass,1,1,0,1,0,1,0,0,0,NaN,-1.0,-1.0,0,0,0,0,0,0,0,0,0,0,3,0,3,0,0,0,0,0,0,5,0,0,0,0,0,0,0,0,0,3,0,0,0,0,7,9,0
C:\Users\All Five Projects\spring-batch-main\spring-batch-core\src\test\java\org\springframework\batch\core\step\skip\ReprocessExceptionTests.java,org.springframework.batch.core.step.skip.ReprocessExceptionTests,class,9,9,0,9,1,1,0,4,0,0.0,NaN,NaN,1,0,0,0,0,1,1,0,0,0,2,0,2,0,0,0,0,0,0,55,0,0,0,0,0,0,0,1,0,3,0,0,3,0,17,1,0
C:\Users\All Five Projects\spring-batch-main\spring-batch-samples\src\main\java\org\springframework\batch\samples\file\patternmatching\internal\xml\LineItem.java,org.springframework.batch.samples.file.patternmatching.internal.xml.LineItem,class,0,1,1,0,8,1,0,0,20,0.75,0.14285715,0.14285715,8,0,8,0,0,0,8,0,0,0,4,0,0,4,0,0,0,0,0,30,4,0,0,0,0,0,0,4,0,4,0,0,0,0,23,1,0
C:\Users\All Five Projects\spring-batch-main\spring-batch-infrastructure\src\main\java\org\springframework\batch\item\json\JsonFileItemWriter.java,org.springframework.batch.item.json.JsonFileItemWriter,class,7,9,2,7,9,4,0,17,0,0.625,0.5,0.5,4,0,4,0,0,0,4,0,0,0,4,3,0,4,0,0,3,0,0,38,1,1,0,0,0,2,1,8,1,9,2,0,0,2,97,1,0
C:\Users\All Five Projects\spring-batch-main\spring-batch-core\src\test\java\org\springframework\batch\core\configuration\support\GenericApplicationContextFactoryTests.java,org.springframework.batch.core.configuration.support.GenericApplicationContextFactoryTests$Configuration1,innerclass,2,2,0,2,2,1,0,0,1,0.0,0.0,0.0,2,0,2,0,0,0,2,0,0,0,0,0,0,0,0,0,0,0,0,8,2,0,0,0,0,2,0,0,0,0,0,0,0,0,3,9,0
C:\Users\All Five Projects\spring-batch-main\spring-batch-core\src\test\java\org\springframework\batch\core\listener\CompositeItemProcessListenerTests.java,org.springframework.batch.core.listener.CompositeItemProcessListenerTests,class,4,4,0,4,5,1,0,7,0,0.0,1.0,1.0,5,0,0,0,0,5,5,0,0,0,2,0,0,2,0,0,0,0,1,31,0,0,0,0,0,1,0,7,0,7,0,0,0,0,31,0,0
C:\Users\All Five Projects\spring-batch-main\spring-batch-core\src\main\java\org\springframework\batch\core\configuration\xml\CoreNamespaceHandler.java,org.springframework.batch.core.configuration.xml.CoreNamespaceHandler,class,7,7,0,7,1,2,0,1,0,0.0,NaN,NaN,1,0,1,0,0,0,1,0,0,0,0,0,0,0,0,0,0,0,0,10,0,0,0,0,0,6,0,0,0,0,0,0,0,0,15,1,0
C:\Users\All Five Projects\spring-batch-main\spring-batch-core\src\main\java\org\springframework\batch\core\step\tasklet\CommandRunner.java,org.springframework.batch.core.step.tasklet.CommandRunner,interface,0,2,2,0,1,1,0,0,0,0.0,NaN,NaN,1,0,0,0,0,1,1,0,0,0,0,0,0,0,0,0,0,0,0,3,0,0,0,0,0,0,0,0,0,0,0,0,0,0,81,1,0
C:\Users\All Five Projects\spring-batch-main\spring-batch-core\src\test\java\org\springframework\batch\core\configuration\support\GenericApplicationContextFactoryTests.java,org.springframework.batch.core.configuration.support.GenericApplicationContextFactoryTests$Configuration2,innerclass,2,2,0,2,2,1,0,0,1,0.0,0.0,0.0,2,0,2,0,0,0,2,0,0,0,0,0,0,0,0,0,0,0,0,8,2,0,0,0,0,2,0,0,0,0,0,0,0,0,3,9,0
C:\Users\All Five Projects\spring-batch-main\spring-batch-core\src\main\java\org\springframework\batch\core\step\skip\SkipPolicy.java,org.springframework.batch.core.step.skip.SkipPolicy,interface,0,10,10,0,1,1,0,0,0,0.0,NaN,NaN,1,0,0,0,0,1,1,0,0,0,0,0,0,0,0,0,0,0,0,3,0,0,0,0,0,0,0,0,0,0,0,0,0,0,67,1,0
C:\Users\All Five Projects\spring-batch-main\spring-batch-integration\src\main\java\org\springframework\batch\integration\chunk\ChunkMessageChannelItemWriter.java,org.springframework.batch.integration.chunk.ChunkMessageChannelItemWriter$LocalState,innerclass,7,7,0,7,13,1,0,11,40,0.7916667,0.1969697,0.21212122,12,0,12,0,0,0,12,0,0,0,6,0,0,6,0,0,5,0,0,56,5,1,1,0,0,0,3,9,1,8,2,0,0,0,37,12,0
C:\Users\All Five Projects\spring-batch-main\spring-batch-core\src\main\java\org\springframework\batch\core\converter\DefaultJobParametersConverter.java,org.springframework.batch.core.converter.DefaultJobParametersConverter,class,18,25,7,18,20,1,1,29,24,0.5555556,0.4,0.4,9,0,4,3,2,0,6,0,0,0,1,0,0,0,1,0,0,0,4,91,12,2,3,2,0,8,6,23,2,22,1,0,0,0,116,1,0
C:\Users\All Five Projects\spring-batch-main\spring-batch-samples\src\test\java\org\springframework\batch\samples\partition\remote\RemotePartitioningJobFunctionalTests.java,org.springframework.batch.samples.partition.remote.RemotePartitioningJobFunctionalTests,class,18,21,3,18,4,1,2,18,4,0.7,0.16666667,0.16666667,4,0,0,0,1,3,4,1,0,0,5,0,0,4,1,0,0,0,0,26,0,0,0,0,0,6,1,5,0,8,0,0,0,0,59,1025,0
C:\Users\All Five Projects\spring-batch-main\spring-batch-core\src\main\java\org\springframework\batch\core\repository\dao\MongoExecutionContextDao.java,org.springframework.batch.core.repository.dao.MongoExecutionContextDao,class,12,15,3,12,11,1,0,16,8,0.625,0.35714287,0.35714287,8,0,8,0,0,0,8,0,0,0,3,2,0,3,0,0,3,0,0,47,4,1,2,0,0,8,0,13,0,13,1,0,0,0,40,1,0
C:\Users\All Five Projects\spring-batch-main\spring-batch-infrastructure\src\main\java\org\springframework\batch\item\database\support\PostgresPagingQueryProvider.java,org.springframework.batch.item.database.support.PostgresPagingQueryProvider,class,3,5,2,3,4,2,0,8,3,0.0,0.0,0.0,3,0,2,1,0,0,2,0,0,0,0,0,0,0,0,0,0,0,3,16,4,0,0,0,0,1,0,0,0,0,1,0,0,0,52,1,0
C:\Users\All Five Projects\spring-batch-main\spring-batch-core\src\test\java\org\springframework\batch\core\repository\dao\JdbcExecutionContextDaoTests.java,org.springframework.batch.core.repository.dao.JdbcExecutionContextDaoTests,class,9,9,0,9,5,2,0,7,10,0.0,0.0,0.0,5,0,0,0,4,1,5,0,0,0,0,0,0,0,0,0,0,0,0,20,4,0,0,0,0,6,0,2,0,2,0,0,0,1,26,0,0
C:\Users\All Five Projects\spring-batch-main\spring-batch-infrastructure\src\main\java\org\springframework\batch\item\file\separator\RecordSeparatorPolicy.java,org.springframework.batch.item.file.separator.RecordSeparatorPolicy,interface,0,1,1,0,3,1,0,0,3,0.0,0.0,0.0,3,0,0,0,0,3,3,0,0,0,0,0,0,0,0,0,0,0,0,5,0,0,0,0,0,0,0,0,0,0,0,0,0,0,88,1,0
C:\Users\All Five Projects\spring-batch-main\spring-batch-infrastructure\src\test\java\org\springframework\batch\repeat\context\RepeatContextCounterTests.java,org.springframework.batch.repeat.context.RepeatContextCounterTests,class,4,4,0,4,5,1,0,6,0,0.3,0.8,1.0,5,0,0,0,0,5,5,0,0,0,2,0,0,2,0,0,2,0,0,34,0,0,0,0,0,10,10,5,0,4,0,0,0,0,22,0,0
C:\Users\All Five Projects\spring-batch-main\spring-batch-samples\src\main\java\org\springframework\batch\samples\common\SkipCheckingDecider.java,org.springframework.batch.samples.common.SkipCheckingDecider,class,5,5,0,5,3,1,0,4,0,0.0,NaN,NaN,1,0,1,0,0,0,1,0,0,0,0,0,0,0,0,0,0,0,0,10,2,0,0,0,0,1,1,0,0,0,1,0,0,0,14,1,0
C:\Users\All Five Projects\spring-batch-main\spring-batch-infrastructure\src\test\java\org\springframework\batch\item\file\transform\RecordFieldExtractorTests.java,org.springframework.batch.item.file.transform.RecordFieldExtractorTests$NonRecordType,innerclass,0,0,0,0,0,1,0,0,0,0.0,-1.0,-1.0,0,0,0,0,0,0,0,0,0,0,0,0,0,0,0,0,0,0,0,2,0,0,0,0,0,0,0,0,0,0,0,0,0,0,3,8,0
C:\Users\All Five Projects\spring-batch-main\spring-batch-integration\src\main\java\org\springframework\batch\integration\chunk\JmsRedeliveredExtractor.java,org.springframework.batch.integration.chunk.JmsRedeliveredExtractor,class,4,5,1,4,2,1,0,3,0,0.0,NaN,NaN,1,0,1,0,0,0,1,0,0,0,1,1,0,1,0,0,1,0,0,9,1,0,0,0,0,1,0,1,1,1,1,0,0,0,13,1,1
C:\Users\All Five Projects\spring-batch-main\spring-batch-infrastructure\src\test\java\org\springframework\batch\item\file\mapping\BeanWrapperFieldSetMapperTests.java,org.springframework.batch.item.file.mapping.BeanWrapperFieldSetMapperTests$TestTwoDoubles,innerclass,0,0,0,0,4,1,0,0,2,0.5,0.33333334,0.33333334,4,0,4,0,0,0,4,0,0,0,2,0,0,2,0,0,0,0,0,16,2,0,0,0,0,0,0,2,0,2,0,0,0,0,9,9,0
C:\Users\All Five Projects\spring-batch-main\spring-batch-core\src\test\java\org\springframework\batch\core\step\RestartLoopTests.java,org.springframework.batch.core.step.RestartLoopTests$DefaultTasklet,innerclass,5,5,0,5,1,1,0,0,0,0.0,NaN,NaN,1,0,1,0,0,0,1,0,0,0,0,0,0,0,0,0,0,0,0,5,1,0,0,0,0,0,0,0,0,0,0,0,0,0,11,9,0
C:\Users\All Five Projects\spring-batch-main\spring-batch-core\src\main\java\org\springframework\batch\core\repository\dao\JdbcExecutionContextDao.java,org.springframework.batch.core.repository.dao.JdbcExecutionContextDao$ExecutionContextRowMapper,innerclass,2,2,0,2,3,1,0,3,0,0.0,NaN,NaN,1,0,1,0,0,0,1,0,0,0,0,0,0,0,0,0,0,0,0,17,1,0,1,1,0,3,0,4,0,3,1,0,0,0,29,2,0
C:\Users\All Five Projects\spring-batch-main\spring-batch-test\src\main\java\org\springframework\batch\test\StepScopeTestUtils.java,org.springframework.batch.test.StepScopeTestUtils,class,2,2,0,2,2,1,0,3,1,0.0,NaN,NaN,2,1,1,1,0,0,1,0,0,0,0,0,0,0,0,0,0,0,0,13,1,0,0,1,0,0,0,0,0,0,1,0,0,0,41,1025,0
C:\Users\All Five Projects\spring-batch-main\spring-batch-infrastructure\src\test\java\org\springframework\batch\item\database\support\OraclePagingQueryProviderIntegrationTests.java,org.springframework.batch.item.database.support.OraclePagingQueryProviderIntegrationTests$TestConfiguration,innerclass,3,3,0,3,1,1,0,10,0,0.0,NaN,NaN,1,0,1,0,0,0,1,0,0,0,0,0,0,0,0,0,0,0,0,11,1,0,0,0,0,0,0,1,0,1,0,0,0,0,8,8,0
C:\Users\All Five Projects\spring-batch-main\spring-batch-core\src\test\java\org\springframework\batch\core\step\item\SimpleRetryExceptionHandlerTests.java,org.springframework.batch.core.step.item.SimpleRetryExceptionHandlerTests,class,12,13,1,12,6,1,0,13,3,0.33333334,0.6,0.6,6,0,0,1,0,5,5,0,0,0,1,0,0,1,0,0,1,0,3,42,1,0,0,0,0,3,7,14,0,14,0,0,0,2,41,0,0
C:\Users\All Five Projects\spring-batch-main\spring-batch-core\src\test\java\org\springframework\batch\core\step\item\SkipWrapperTests.java,org.springframework.batch.core.step.item.SkipWrapperTests,class,2,2,0,2,3,1,0,7,3,0.6666667,0.0,0.0,3,0,0,0,0,3,3,0,0,0,1,0,0,1,0,0,1,0,0,17,0,0,0,0,0,7,0,4,0,4,0,0,0,0,23,0,0
C:\Users\All Five Projects\spring-batch-main\spring-batch-core\src\main\java\org\springframework\batch\core\configuration\support\JobRegistryBeanPostProcessor.java,org.springframework.batch.core.configuration.support.JobRegistryBeanPostProcessor,class,14,17,3,14,18,1,0,12,8,0.675,0.35714287,0.75,8,0,7,0,1,0,8,0,0,0,5,1,0,5,0,0,2,0,0,59,4,1,3,1,0,5,0,12,2,8,3,0,0,0,143,1,2
C:\Users\All Five Projects\spring-batch-main\spring-batch-infrastructure\src\test\java\org\springframework\batch\item\json\JsonFileItemWriterFunctionalTests.java,org.springframework.batch.item.json.JsonFileItemWriterFunctionalTests,class,14,17,3,14,18,1,2,30,30,0.6375,0.4945055,0.4945055,16,0,0,2,4,10,14,4,0,0,5,1,0,5,0,0,5,0,12,152,3,0,0,2,0,70,6,42,21,47,2,0,0,6,101,1024,0
C:\Users\All Five Projects\spring-batch-main\spring-batch-infrastructure\src\test\java\org\springframework\batch\item\validator\SpringValidatorTests.java,org.springframework.batch.item.validator.SpringValidatorTests$MockSpringValidator,innerclass,3,3,0,3,5,1,0,4,1,0.5,0.0,0.0,2,0,2,0,0,0,2,0,0,0,3,3,3,0,0,0,3,0,0,21,3,0,0,0,0,7,0,3,0,3,1,0,0,0,24,10,0
C:\Users\All Five Projects\spring-batch-main\spring-batch-samples\src\main\java\org\springframework\batch\samples\common\ColumnRangePartitioner.java,org.springframework.batch.samples.common.ColumnRangePartitioner,class,4,4,0,4,6,1,0,3,0,0.5,0.5,1.0,4,0,4,0,0,0,4,0,0,0,3,0,0,3,0,0,0,0,0,36,1,1,0,0,1,7,3,14,8,11,2,0,0,0,76,1,0
C:\Users\All Five Projects\spring-batch-main\spring-batch-core\src\main\java\org\springframework\batch\core\configuration\xml\JobRepositoryParser.java,org.springframework.batch.core.configuration.xml.JobRepositoryParser,class,7,8,1,7,11,2,0,6,3,0.0,0.0,0.0,3,0,0,0,3,0,3,0,0,0,0,0,0,0,0,0,0,0,1,50,2,0,0,0,0,20,0,13,1,12,1,0,0,0,79,1,0
C:\Users\All Five Projects\spring-batch-main\spring-batch-core\src\test\java\org\springframework\batch\core\test\repository\DerbyJobRepositoryIntegrationTests.java,org.springframework.batch.core.test.repository.DerbyJobRepositoryIntegrationTests,class,8,8,0,8,1,1,0,5,0,0.0,NaN,NaN,1,0,0,0,0,1,1,0,0,0,2,0,0,2,0,0,0,0,0,21,0,0,0,0,0,0,0,2,0,4,0,0,1,0,19,0,0
C:\Users\All Five Projects\spring-batch-main\spring-batch-infrastructure\src\main\java\org\springframework\batch\item\database\orm\JpaNativeQueryProvider.java,org.springframework.batch.item.database.orm.JpaNativeQueryProvider,class,3,3,0,3,5,2,0,4,0,0.25,0.8333333,1.0,4,0,4,0,0,0,4,0,0,0,2,0,0,2,0,0,0,0,0,17,1,0,1,0,0,2,0,2,0,2,0,0,0,0,62,1,0
C:\Users\All Five Projects\spring-batch-main\spring-batch-core\src\test\java\org\springframework\batch\core\test\step\FaultTolerantStepFactoryBeanRollbackIntegrationTests.java,org.springframework.batch.core.test.step.FaultTolerantStepFactoryBeanRollbackIntegrationTests$SkipWriterStub,innerclass,4,4,0,4,7,1,0,7,0,0.4,1.0,1.0,5,0,4,1,0,0,4,0,0,0,2,0,0,2,0,0,2,0,1,25,1,1,0,0,0,6,1,2,0,4,1,0,0,1,34,10,0
C:\Users\All Five Projects\spring-batch-main\spring-batch-infrastructure\src\test\java\org\springframework\batch\item\file\MultiResourceItemReaderResourceAwareTests.java,org.springframework.batch.item.file.MultiResourceItemReaderResourceAwareTests,class,12,13,1,12,3,1,0,11,0,0.4166667,1.0,1.0,3,0,0,1,0,2,2,0,0,0,8,0,0,8,0,0,8,0,0,52,1,0,0,0,0,13,1,9,0,11,1,0,2,1,61,0,0
C:\Users\All Five Projects\spring-batch-main\spring-batch-core\src\main\java\org\springframework\batch\core\step\factory\SimpleStepFactoryBean.java,org.springframework.batch.core.step.factory.SimpleStepFactoryBean,class,36,38,2,36,47,1,0,36,690,0.940625,0.057692308,0.6051282,40,0,28,0,12,0,40,0,1,0,24,0,0,21,3,0,1,0,5,193,15,6,0,0,0,1,3,38,0,26,1,1,0,0,246,1,0
C:\Users\All Five Projects\spring-batch-main\spring-batch-core\src\test\java\org\springframework\batch\core\test\football\internal\PlayerSummaryRowMapper.java,org.springframework.batch.core.test.football.internal.PlayerSummaryRowMapper,class,2,2,0,2,1,1,0,14,0,0.0,NaN,NaN,1,0,1,0,0,0,1,0,0,0,0,0,0,0,0,0,0,0,0,18,1,0,0,0,0,0,12,1,0,1,0,0,0,0,22,1,0
C:\Users\All Five Projects\spring-batch-main\spring-batch-samples\src\main\java\org\springframework\batch\samples\file\patternmatching\internal\OrderItemReader.java,org.springframework.batch.samples.file.patternmatching.internal.OrderItemReader,class,12,13,1,12,25,1,0,24,20,0.77777773,0.035714287,0.035714287,9,0,8,1,0,0,8,0,0,0,10,1,0,10,0,0,1,0,0,1,2,1,4,0,0,15,1,18,2,14,2,0,0,0,0,1,12
C:\Users\All Five Projects\spring-batch-main\spring-batch-core\src\main\java\org\springframework\batch\core\repository\dao\JdbcExecutionContextDao.java,org.springframework.batch.core.repository.dao.JdbcExecutionContextDao$Anonymous1,anonymous,1,1,0,1,4,1,0,11,1,0.0,0.0,0.0,2,0,2,0,0,0,2,0,0,0,0,0,0,0,0,0,0,0,0,27,1,0,1,0,0,1,6,6,2,4,1,0,0,0,21,-1,0
C:\Users\All Five Projects\spring-batch-main\spring-batch-infrastructure\src\test\java\org\springframework\batch\item\database\JdbcPagingQueryIntegrationTests.java,org.springframework.batch.item.database.JdbcPagingQueryIntegrationTests,class,13,14,1,13,20,1,0,39,3,0.65714294,0.7,1.0,7,0,0,2,1,4,5,0,0,0,5,1,0,5,0,0,2,0,0,116,3,6,2,0,0,34,11,39,8,31,3,0,0,0,83,0,3
C:\Users\All Five Projects\spring-batch-main\spring-batch-samples\src\main\java\org\springframework\batch\samples\loom\JobConfigurationForRunningConcurrentStepsWithVirtualThreads.java,org.springframework.batch.samples.loom.JobConfigurationForRunningConcurrentStepsWithVirtualThreads,class,15,16,1,15,4,1,0,9,3,0.0,0.0,0.0,3,0,3,0,0,0,3,0,0,0,0,0,0,0,0,0,0,0,1,31,3,1,0,0,0,4,7,1,1,2,2,1,0,1,38,1,0
C:\Users\All Five Projects\spring-batch-main\spring-batch-infrastructure\src\test\java\org\springframework\batch\item\json\GsonJsonItemReaderFunctionalTests.java,org.springframework.batch.item.json.GsonJsonItemReaderFunctionalTests,class,5,5,0,5,2,2,0,0,1,0.0,0.0,0.0,2,0,0,0,2,0,2,0,0,0,0,0,0,0,0,0,0,0,0,8,2,0,0,0,0,0,0,0,0,0,0,0,0,0,13,0,0
C:\Users\All Five Projects\spring-batch-main\spring-batch-infrastructure\src\test\java\org\springframework\batch\support\transaction\TransactionAwareBufferedWriterTests.java,org.springframework.batch.support.transaction.TransactionAwareBufferedWriterTests,class,15,16,1,15,32,1,0,38,0,0.23529412,0.8333333,0.875,17,0,0,1,0,16,16,0,0,0,3,0,0,3,0,0,1,0,1,243,11,3,1,11,1,35,34,34,1,42,3,0,0,16,98,0,0
C:\Users\All Five Projects\spring-batch-main\spring-batch-core\src\test\java\org\springframework\batch\core\job\ExtendedAbstractJobTests.java,org.springframework.batch.core.job.ExtendedAbstractJobTests$1StubStep,innerclass,2,2,0,2,2,2,0,4,0,0.0,0.0,0.0,1,0,1,0,0,0,2,0,0,0,2,2,0,0,0,2,2,0,0,10,0,0,0,0,0,3,0,2,0,2,0,0,0,0,14,0,0
C:\Users\All Five Projects\spring-batch-main\spring-batch-core\src\test\java\org\springframework\batch\core\test\step\FaultTolerantStepFactoryBeanRollbackIntegrationTests.java,org.springframework.batch.core.test.step.FaultTolerantStepFactoryBeanRollbackIntegrationTests$SkipProcessorStub,innerclass,4,4,0,4,5,1,0,9,0,0.4666667,0.8,1.0,5,0,5,0,0,0,5,0,0,0,3,0,0,3,0,0,3,0,0,24,3,0,0,0,0,6,1,3,1,5,0,0,0,1,34,10,1
C:\Users\All Five Projects\spring-batch-main\spring-batch-core\src\test\java\org\springframework\batch\core\configuration\annotation\StepScopeConfigurationTests.java,org.springframework.batch.core.configuration.annotation.StepScopeConfigurationTests$Wrapper,innerclass,1,1,0,1,2,1,0,0,0,0.0,1.0,1.0,2,0,2,0,0,0,2,0,0,0,1,0,0,1,0,0,1,0,0,9,1,0,0,0,0,0,0,1,0,1,0,0,0,0,6,9,0
C:\Users\All Five Projects\spring-batch-main\spring-batch-infrastructure\src\test\java\org\springframework\batch\item\database\JdbcPagingItemReaderOrderIntegrationTests.java,org.springframework.batch.item.database.JdbcPagingItemReaderOrderIntegrationTests,class,6,6,0,6,1,2,0,15,0,0.0,NaN,NaN,1,0,0,0,1,0,1,0,0,0,0,0,0,0,0,0,0,0,0,26,2,0,0,0,0,4,4,4,0,6,1,0,0,1,37,1,0
C:\Users\All Five Projects\spring-batch-main\spring-batch-samples\src\main\java\org\springframework\batch\samples\misc\jmx\SimpleMessageApplicationEvent.java,org.springframework.batch.samples.misc.jmx.SimpleMessageApplicationEvent,class,1,2,1,1,2,2,0,1,0,0.0,1.0,1.0,2,0,2,0,0,0,2,0,0,0,1,0,0,1,0,0,1,0,0,10,1,0,0,0,0,3,0,1,1,1,0,0,0,0,14,1,0
C:\Users\All Five Projects\spring-batch-main\spring-batch-infrastructure\src\test\java\org\springframework\batch\item\file\FlatFileItemReaderTests.java,org.springframework.batch.item.file.FlatFileItemReaderTests,class,19,20,1,19,22,2,0,37,0,0.6587302,1.0,1.0,21,0,0,1,0,20,20,0,0,0,6,1,0,6,0,0,5,0,0,331,2,0,1,0,0,41,21,20,6,21,2,7,3,3,112,0,0
C:\Users\All Five Projects\spring-batch-main\spring-batch-core\src\test\java\org\springframework\batch\core\JobParametersTests.java,org.springframework.batch.core.JobParametersTests,class,5,6,1,5,26,1,0,25,32,0.6944444,0.41501975,0.41501975,24,0,0,1,0,23,23,0,0,0,3,0,0,0,0,3,0,0,2,125,1,2,0,0,0,44,15,22,0,20,1,0,0,0,72,0,0
C:\Users\All Five Projects\spring-batch-main\spring-batch-core\src\test\java\org\springframework\batch\core\test\timeout\SleepingTasklet.java,org.springframework.batch.core.test.timeout.SleepingTasklet,class,5,5,0,5,2,1,0,1,0,0.0,1.0,1.0,2,0,2,0,0,0,2,0,0,0,1,0,0,1,0,0,0,0,1,10,1,0,0,0,0,0,0,1,0,1,0,0,0,0,16,1,0
C:\Users\All Five Projects\spring-batch-main\spring-batch-core\src\main\java\org\springframework\batch\core\step\NoWorkFoundStepExecutionListener.java,org.springframework.batch.core.step.NoWorkFoundStepExecutionListener,class,4,5,1,4,2,1,0,1,0,0.0,NaN,NaN,1,0,1,0,0,0,1,0,0,0,0,0,0,0,0,0,0,0,0,8,2,0,1,0,0,0,1,0,0,0,1,0,0,0,26,1,0
C:\Users\All Five Projects\spring-batch-main\spring-batch-core\src\test\java\org\springframework\batch\core\launch\support\TestJobParametersIncrementer.java,org.springframework.batch.core.launch.support.TestJobParametersIncrementer,class,4,4,0,4,1,1,0,2,0,0.0,NaN,NaN,1,0,1,0,0,0,1,0,0,0,0,0,0,0,0,0,0,0,0,5,1,0,0,0,0,2,0,0,0,0,0,0,0,0,8,1,0
C:\Users\All Five Projects\spring-batch-main\spring-batch-infrastructure\src\main\java\org\springframework\batch\item\file\ResourceAwareItemReaderItemStream.java,org.springframework.batch.item.file.ResourceAwareItemReaderItemStream,interface,3,11,8,3,1,1,0,0,0,0.0,NaN,NaN,1,0,0,0,0,1,1,0,0,0,0,0,0,0,0,0,0,0,0,3,0,0,0,0,0,0,0,0,0,0,0,0,0,0,16,1,0
C:\Users\All Five Projects\spring-batch-main\spring-batch-infrastructure\src\test\java\org\springframework\batch\item\database\JpaItemWriterIntegrationTests.java,org.springframework.batch.item.database.JpaItemWriterIntegrationTests$JpaConfiguration,innerclass,12,12,0,12,5,1,0,13,10,0.0,0.0,0.0,5,0,5,0,0,0,5,0,0,0,0,0,0,0,0,0,0,0,0,26,5,0,0,0,0,1,0,2,0,2,0,0,0,0,30,9,0
C:\Users\All Five Projects\spring-batch-main\spring-batch-core\src\test\java\org\springframework\batch\core\configuration\xml\StopJobParserTests.java,org.springframework.batch.core.configuration.xml.StopJobParserTests,class,6,6,0,6,1,2,0,13,0,0.0,NaN,NaN,1,0,0,0,0,1,1,0,0,0,0,0,0,0,0,0,0,0,0,28,0,0,0,0,0,4,2,4,0,3,0,0,1,0,24,0,0
C:\Users\All Five Projects\spring-batch-main\spring-batch-integration\src\test\java\org\springframework\batch\integration\chunk\RemoteChunkStepIntegrationTests.java,org.springframework.batch.integration.chunk.RemoteChunkStepIntegrationTests,class,9,9,0,9,2,1,0,10,0,0.0,1.0,1.0,2,0,0,0,0,2,2,0,0,0,2,0,0,2,0,0,0,0,2,18,0,0,0,0,0,4,4,4,0,6,0,0,0,0,20,0,0
C:\Users\All Five Projects\spring-batch-main\spring-batch-samples\src\main\java\org\springframework\batch\samples\file\patternmatching\Order.java,org.springframework.batch.samples.file.patternmatching.Order,class,6,16,10,6,63,1,0,15,168,0.85230774,0.22,1.0,25,0,25,0,0,0,25,0,0,0,13,2,2,11,0,0,2,0,0,186,36,0,30,0,18,7,11,27,24,16,2,0,0,0,49,1,0
C:\Users\All Five Projects\spring-batch-main\spring-batch-infrastructure\src\test\java\org\springframework\batch\item\json\GsonJsonItemReaderCommonTests.java,org.springframework.batch.item.json.GsonJsonItemReaderCommonTests,class,4,4,0,4,1,3,0,0,0,0.0,NaN,NaN,1,0,0,0,1,0,1,0,0,0,0,0,0,0,0,0,0,0,0,5,1,0,0,0,0,0,0,0,0,0,0,0,0,0,11,0,0
C:\Users\All Five Projects\spring-batch-main\spring-batch-samples\src\main\java\org\springframework\batch\samples\skip\SkippableExceptionDuringWriteSample.java,org.springframework.batch.samples.skip.SkippableExceptionDuringWriteSample,class,17,19,2,17,8,1,0,16,13,0.6666667,0.06666667,0.06666667,6,0,6,0,0,0,6,0,0,0,1,0,0,1,0,0,1,0,1,42,6,1,0,0,0,7,9,1,4,3,3,1,0,2,33,1,0
C:\Users\All Five Projects\spring-batch-main\spring-batch-core\src\test\java\org\springframework\batch\core\JobInterruptedExceptionTests.java,org.springframework.batch.core.JobInterruptedExceptionTests,class,2,2,0,2,2,3,0,0,1,0.0,0.0,0.0,2,0,2,0,0,0,2,0,0,0,0,0,0,0,0,0,0,0,0,8,2,0,0,0,0,0,0,0,0,0,0,0,0,0,12,1,0
C:\Users\All Five Projects\spring-batch-main\spring-batch-core\src\test\java\org\springframework\batch\core\job\ExtendedAbstractJobTests.java,org.springframework.batch.core.job.ExtendedAbstractJobTests$StubJob,innerclass,4,4,0,4,6,2,0,2,10,0.0,0.0,0.0,5,0,3,1,1,0,4,0,0,0,0,0,0,0,0,0,0,0,1,22,2,0,0,1,0,0,0,0,0,0,1,0,0,0,27,10,0
C:\Users\All Five Projects\spring-batch-main\spring-batch-samples\src\main\java\org\springframework\batch\samples\support\ExceptionThrowingItemReaderProxy.java,org.springframework.batch.samples.support.ExceptionThrowingItemReaderProxy,class,4,4,0,4,4,1,0,1,0,0.44444445,0.6666667,1.0,3,0,3,0,0,0,3,0,0,0,3,0,0,3,0,0,0,0,0,18,1,0,1,0,0,1,2,4,1,3,1,0,0,0,39,1,0
C:\Users\All Five Projects\spring-batch-main\spring-batch-infrastructure\src\test\java\org\springframework\batch\item\support\ScriptItemProcessorTests.java,org.springframework.batch.item.support.ScriptItemProcessorTests,class,8,9,1,8,20,1,0,14,169,0.8947368,0.0,0.0,19,1,0,1,0,18,18,0,0,0,1,1,0,1,0,0,1,0,0,126,1,1,0,0,0,83,0,20,0,20,1,0,0,2,71,0,0
C:\Users\All Five Projects\spring-batch-main\spring-batch-infrastructure\src\test\java\org\springframework\batch\support\PatternMatcherTests.java,org.springframework.batch.support.PatternMatcherTests,class,2,2,0,2,20,1,0,7,135,0.8055556,0.047368422,0.047368422,18,0,0,0,0,18,20,0,0,0,2,2,0,2,0,0,2,0,0,71,0,0,0,0,0,37,14,3,0,3,0,0,0,1,36,0,0
C:\Users\All Five Projects\spring-batch-main\spring-batch-core\src\main\java\org\springframework\batch\core\job\flow\FlowExecutionStatus.java,org.springframework.batch.core.job.flow.FlowExecutionStatus,class,2,21,19,2,13,1,0,11,0,0.75999993,0.7777778,0.7777778,10,0,9,1,0,0,9,0,0,0,5,4,4,1,0,0,5,0,2,59,12,0,2,0,1,0,1,8,0,8,1,0,1,0,83,1,0
C:\Users\All Five Projects\spring-batch-main\spring-batch-infrastructure\src\test\java\org\springframework\batch\item\database\builder\JdbcCursorItemReaderBuilderTests.java,org.springframework.batch.item.database.builder.JdbcCursorItemReaderBuilderTests,class,14,15,1,14,18,1,0,47,0,0.5588235,0.75238097,0.8666667,17,0,1,2,0,14,15,0,0,0,2,0,0,2,0,0,0,0,1,222,8,0,1,0,0,99,36,37,0,48,1,0,2,9,102,0,0
C:\Users\All Five Projects\spring-batch-main\spring-batch-infrastructure\src\test\java\org\springframework\batch\support\AnnotationMethodResolverTests.java,org.springframework.batch.support.AnnotationMethodResolverTests$NoAnnotationTestBean,innerclass,0,0,0,0,2,1,0,2,1,0.0,0.0,0.0,2,0,1,0,0,1,2,0,0,0,0,0,0,0,0,0,0,0,0,8,2,0,0,0,0,1,0,0,0,0,0,0,0,0,8,10,0
C:\Users\All Five Projects\spring-batch-main\spring-batch-core\src\test\java\org\springframework\batch\core\explore\support\JobExplorerFactoryBeanTests.java,org.springframework.batch.core.explore.support.JobExplorerFactoryBeanTests,class,14,14,0,14,11,1,0,20,0,0.44444445,1.0,1.0,9,0,3,0,0,6,9,0,0,0,2,0,0,2,0,0,1,0,0,69,0,1,0,0,0,9,0,17,2,17,2,0,1,0,57,0,0
C:\Users\All Five Projects\spring-batch-main\spring-batch-integration\src\main\java\org\springframework\batch\integration\launch\JobLaunchingGateway.java,org.springframework.batch.integration.launch.JobLaunchingGateway,class,7,9,2,7,3,2,0,4,0,0.0,1.0,1.0,2,0,1,0,1,0,2,0,0,0,1,0,0,1,0,0,1,0,0,21,1,0,0,1,0,3,0,4,0,4,1,0,0,0,62,1,0
C:\Users\All Five Projects\spring-batch-main\spring-batch-infrastructure\src\test\java\org\springframework\batch\item\file\mapping\JsonLineMapperTests.java,org.springframework.batch.item.file.mapping.JsonLineMapperTests,class,3,3,0,3,3,1,0,4,0,0.0,1.0,1.0,3,0,0,0,0,3,3,0,0,0,1,0,0,1,0,0,1,0,0,15,0,0,0,0,1,8,6,3,0,3,0,0,0,1,15,0,0
C:\Users\All Five Projects\spring-batch-main\spring-batch-infrastructure\src\test\java\org\springframework\batch\item\file\mapping\BeanWrapperFieldSetMapperConcurrentTests.java,org.springframework.batch.item.file.mapping.BeanWrapperFieldSetMapperConcurrentTests$GreenBean,innerclass,0,0,0,0,4,1,0,0,2,0.5,0.33333334,0.33333334,4,0,4,0,0,0,4,0,0,0,2,0,0,2,0,0,0,0,0,16,2,0,0,0,0,0,0,2,0,2,0,0,0,0,7,9,0
C:\Users\All Five Projects\spring-batch-main\spring-batch-infrastructure\src\main\java\org\springframework\batch\item\file\FlatFileItemReader.java,org.springframework.batch.item.file.FlatFileItemReader,class,17,24,7,17,41,2,0,24,105,0.86666673,0.125,0.55833334,18,0,11,2,5,0,16,0,0,0,15,3,2,12,1,0,3,0,1,159,11,5,9,2,0,16,7,36,7,21,3,0,0,0,215,1,2
C:\Users\All Five Projects\spring-batch-main\spring-batch-infrastructure\src\test\java\org\springframework\batch\item\database\support\MariaDBPagingQueryProviderIntegrationTests.java,org.springframework.batch.item.database.support.MariaDBPagingQueryProviderIntegrationTests,class,9,9,0,9,1,2,0,1,0,1.0,NaN,NaN,1,0,0,0,0,1,1,0,0,0,2,2,1,1,0,0,1,0,0,16,0,0,0,0,0,2,0,2,0,2,0,0,1,0,38,0,0
C:\Users\All Five Projects\spring-batch-main\spring-batch-samples\src\main\java\org\springframework\batch\samples\football\internal\GameFieldSetMapper.java,org.springframework.batch.samples.football.internal.GameFieldSetMapper,class,3,4,1,3,2,1,0,17,0,0.0,NaN,NaN,1,0,1,0,0,0,1,0,0,0,0,0,0,0,0,0,0,0,0,24,2,0,1,0,0,15,1,1,0,1,1,0,0,0,8,1,0
C:\Users\All Five Projects\spring-batch-main\spring-batch-core\src\test\java\org\springframework\batch\core\configuration\xml\DummyItemWriter.java,org.springframework.batch.core.configuration.xml.DummyItemWriter,class,2,3,1,2,1,1,0,0,0,0.0,NaN,NaN,1,0,1,0,0,0,1,0,0,0,0,0,0,0,0,0,0,0,0,4,0,0,0,0,0,0,0,0,0,0,0,0,0,0,11,1,0
C:\Users\All Five Projects\spring-batch-main\spring-batch-infrastructure\src\test\java\org\springframework\batch\item\database\support\DerbyPagingQueryProviderIntegrationTests.java,org.springframework.batch.item.database.support.DerbyPagingQueryProviderIntegrationTests$TestConfiguration,innerclass,3,3,0,3,1,1,0,4,0,0.0,NaN,NaN,1,0,1,0,0,0,1,0,0,0,0,0,0,0,0,0,0,0,0,5,1,0,0,0,0,1,0,0,0,0,0,0,0,0,18,8,0
C:\Users\All Five Projects\spring-batch-main\spring-batch-integration\src\main\java\org\springframework\batch\integration\chunk\AsynchronousFailureException.java,org.springframework.batch.integration.chunk.AsynchronousFailureException,class,1,2,1,1,2,2,0,0,1,1.0,0.0,0.0,2,0,2,0,0,0,2,0,0,0,1,1,0,1,0,0,1,0,0,9,0,0,0,0,0,0,1,1,0,1,0,0,0,0,36,1,0
C:\Users\All Five Projects\spring-batch-main\spring-batch-core\src\main\java\org\springframework\batch\core\step\item\SimpleRetryExceptionHandler.java,org.springframework.batch.core.step.item.SimpleRetryExceptionHandler,class,9,12,3,9,9,1,0,12,0,0.5,1.0,1.0,4,0,3,1,0,0,3,0,0,0,5,2,0,5,0,0,5,0,0,36,2,0,1,0,0,5,0,6,2,6,2,0,0,0,104,1,3
C:\Users\All Five Projects\spring-batch-main\spring-batch-infrastructure\src\main\java\org\springframework\batch\item\file\MultiResourceItemWriter.java,org.springframework.batch.item.file.MultiResourceItemWriter,class,14,16,2,14,19,3,0,23,17,0.7181818,0.26666668,0.46666667,11,0,10,1,0,0,10,0,0,0,10,2,0,10,0,0,2,0,1,95,1,1,0,1,0,5,8,29,5,15,2,0,0,0,156,1,0
C:\Users\All Five Projects\spring-batch-main\spring-batch-infrastructure\src\main\java\org\springframework\batch\item\file\transform\PassThroughLineAggregator.java,org.springframework.batch.item.file.transform.PassThroughLineAggregator,class,2,3,1,2,1,1,0,1,0,0.0,NaN,NaN,1,0,1,0,0,0,1,0,0,0,0,0,0,0,0,0,0,0,0,5,1,0,0,0,0,0,0,0,0,0,0,0,0,0,19,1,0
C:\Users\All Five Projects\spring-batch-main\spring-batch-infrastructure\src\test\java\org\springframework\batch\item\data\RepositoryItemReaderTests.java,org.springframework.batch.item.data.RepositoryItemReaderTests,class,18,19,1,18,15,1,0,45,0,0.35714284,0.8717949,1.0,14,1,0,1,0,13,13,0,0,0,3,0,0,3,0,0,0,0,16,199,1,1,0,0,0,44,53,45,0,36,1,0,2,0,82,0,0
C:\Users\All Five Projects\spring-batch-main\spring-batch-core\src\main\java\org\springframework\batch\core\step\item\BatchRetryTemplate.java,org.springframework.batch.core.step.item.BatchRetryTemplate,class,16,19,3,16,17,4,0,8,0,0.5714286,0.52747256,0.72527474,14,2,14,0,0,0,14,0,4,0,3,0,0,3,0,0,2,0,0,148,9,2,1,0,0,0,0,7,0,7,1,0,3,0,133,1,0
C:\Users\All Five Projects\spring-batch-main\spring-batch-infrastructure\src\test\java\org\springframework\batch\item\database\support\JpaNativeQueryProviderTests.java,org.springframework.batch.item.database.support.JpaNativeQueryProviderTests,class,5,5,0,5,2,1,0,9,0,0.0,1.0,1.0,2,0,0,0,0,2,2,0,0,0,1,0,0,1,0,0,1,0,0,16,0,0,0,0,0,2,0,4,0,4,0,0,0,0,33,0,0
C:\Users\All Five Projects\spring-batch-main\spring-batch-core\src\test\java\org\springframework\batch\core\test\ldif\builder\MappingLdifReaderBuilderTests.java,org.springframework.batch.core.test.ldif.builder.MappingLdifReaderBuilderTests$TestMapper,innerclass,3,3,0,3,1,1,0,0,0,0.0,NaN,NaN,1,0,1,0,0,0,1,0,0,0,0,0,0,0,0,0,0,0,0,5,1,0,0,0,0,0,0,0,0,0,0,0,0,0,7,9,0
C:\Users\All Five Projects\spring-batch-main\spring-batch-core\src\test\java\org\springframework\batch\core\configuration\annotation\StepScopeConfigurationTests.java,org.springframework.batch.core.configuration.annotation.StepScopeConfigurationTests$StepScopeConfigurationTestsUsingNamespaceAutoregisterBeans,innerclass,6,6,0,6,1,1,0,0,0,0.0,NaN,NaN,1,0,0,0,1,0,1,0,0,0,0,0,0,0,0,0,0,0,0,5,1,0,0,0,0,2,0,0,0,0,0,0,0,0,18,9,0
C:\Users\All Five Projects\spring-batch-main\spring-batch-core\src\test\java\org\springframework\batch\core\step\NoWorkFoundStepExecutionListenerTests.java,org.springframework.batch.core.step.NoWorkFoundStepExecutionListenerTests,class,7,7,0,7,2,1,0,6,0,0.0,1.0,1.0,2,0,0,0,0,2,2,0,0,0,1,0,0,1,0,0,1,0,0,16,0,0,0,0,0,4,4,5,0,5,0,0,0,0,21,0,0
C:\Users\All Five Projects\spring-batch-main\spring-batch-infrastructure\src\main\java\org\springframework\batch\item\redis\RedisItemWriter.java,org.springframework.batch.item.redis.RedisItemWriter,class,4,6,2,4,4,2,0,4,0,0.0,1.0,1.0,3,0,1,0,2,0,3,0,0,0,1,0,0,1,0,0,0,0,0,17,0,0,0,0,0,1,0,1,0,1,1,0,0,0,32,1,0
C:\Users\All Five Projects\spring-batch-main\spring-batch-infrastructure\src\test\java\org\springframework\batch\support\transaction\ConcurrentTransactionAwareProxyTests.java,org.springframework.batch.support.transaction.ConcurrentTransactionAwareProxyTests,class,11,12,1,11,27,1,0,39,65,0.7857143,0.035714287,0.035714287,14,0,0,6,0,8,8,0,0,0,6,1,0,4,0,2,2,0,2,138,9,10,1,0,0,18,15,36,13,40,4,0,0,9,72,0,1
C:\Users\All Five Projects\spring-batch-main\spring-batch-samples\src\main\java\org\springframework\batch\samples\domain\trade\CustomerUpdateWriter.java,org.springframework.batch.samples.domain.trade.CustomerUpdateWriter,class,4,4,0,4,5,1,0,5,0,0.0,1.0,1.0,2,0,2,0,0,0,2,0,0,0,1,0,0,1,0,0,0,0,0,16,0,1,2,0,0,0,0,1,0,1,2,0,0,0,14,1,0
C:\Users\All Five Projects\spring-batch-main\spring-batch-infrastructure\src\main\java\org\springframework\batch\support\transaction\TransactionAwareProxyFactory.java,org.springframework.batch.support.transaction.TransactionAwareProxyFactory$TransactionAwareInterceptor,innerclass,4,4,0,4,11,1,0,15,0,0.0,NaN,NaN,1,0,1,0,0,0,1,0,0,0,0,0,0,0,0,0,0,0,0,30,3,0,1,0,4,4,0,7,0,5,2,0,0,0,24,2,0
C:\Users\All Five Projects\spring-batch-main\spring-batch-core\src\main\java\org\springframework\batch\core\job\SimpleStepHandler.java,org.springframework.batch.core.job.SimpleStepHandler,class,15,20,5,15,30,1,0,29,0,0.59999996,0.6388889,0.7777778,10,0,7,1,2,0,9,0,0,0,3,1,0,3,0,0,1,0,1,99,5,0,10,1,2,16,0,13,5,8,3,0,0,0,120,1,3
C:\Users\All Five Projects\spring-batch-main\spring-batch-infrastructure\src\test\java\org\springframework\batch\item\support\ClassifierCompositeItemWriterTests.java,org.springframework.batch.item.support.ClassifierCompositeItemWriterTests,class,5,5,0,5,2,1,0,10,0,0.33333334,0.0,0.0,2,0,0,0,0,2,2,0,0,0,3,0,0,3,0,0,3,0,0,21,0,0,0,0,0,13,0,8,0,10,0,0,0,3,35,0,0
C:\Users\All Five Projects\spring-batch-main\spring-batch-core\src\main\java\org\springframework\batch\core\configuration\xml\FlowElementParser.java,org.springframework.batch.core.configuration.xml.FlowElementParser,class,8,9,1,8,1,1,0,8,0,0.0,NaN,NaN,1,0,1,0,0,0,1,0,0,0,2,2,0,2,0,0,2,0,1,16,1,0,0,0,0,4,0,7,0,7,0,0,0,0,52,1,0
C:\Users\All Five Projects\spring-batch-main\spring-batch-integration\src\test\java\org\springframework\batch\integration\item\MessagingGatewayIntegrationTests.java,org.springframework.batch.integration.item.MessagingGatewayIntegrationTests$SplitService,innerclass,3,3,0,3,1,1,0,1,0,0.0,NaN,NaN,1,0,1,0,0,0,1,0,0,0,1,0,0,1,0,0,0,0,0,7,1,0,0,0,0,0,0,1,0,1,0,0,0,0,45,8,0
C:\Users\All Five Projects\spring-batch-main\spring-batch-core\src\test\java\org\springframework\batch\core\repository\support\MongoExecutionContextDaoIntegrationTests.java,org.springframework.batch.core.repository.support.MongoExecutionContextDaoIntegrationTests$ExecutionContextDaoConfiguration,innerclass,5,5,0,5,1,1,0,0,0,0.0,NaN,NaN,1,0,0,0,0,1,1,0,0,0,0,0,0,0,0,0,0,0,0,5,1,0,0,0,0,0,0,0,0,0,0,0,0,0,8,8,0
C:\Users\All Five Projects\spring-batch-main\spring-batch-core\src\test\java\org\springframework\batch\core\SpringBatchVersionTests.java,org.springframework.batch.core.SpringBatchVersionTests,class,8,8,0,8,1,1,0,11,0,0.0,NaN,NaN,1,0,0,0,0,1,1,0,0,0,2,0,0,2,0,0,0,0,0,23,0,0,0,0,0,0,0,2,0,4,0,0,1,0,23,1,0
C:\Users\All Five Projects\spring-batch-main\spring-batch-test\src\main\java\org\springframework\batch\test\StepScopeTestExecutionListener.java,org.springframework.batch.test.StepScopeTestExecutionListener$ExtractorMethodCallback,innerclass,1,1,0,1,7,1,0,4,0,0.33333334,0.6666667,1.0,3,0,3,0,0,0,3,0,0,0,3,0,0,3,0,0,2,0,0,21,1,0,2,0,0,0,0,4,0,4,2,0,0,0,24,26,0
C:\Users\All Five Projects\spring-batch-main\spring-batch-core\src\main\java\org\springframework\batch\core\converter\StringToLocalTimeConverter.java,org.springframework.batch.core.converter.StringToLocalTimeConverter,class,2,8,6,2,1,2,0,1,0,0.0,NaN,NaN,1,0,1,0,0,0,1,0,0,0,0,0,0,0,0,0,0,0,1,5,1,0,0,0,0,0,0,0,0,0,0,0,0,0,21,1,0
C:\Users\All Five Projects\spring-batch-main\spring-batch-core\src\test\java\org\springframework\batch\core\test\repository\H2CompatibilityModeJobRepositoryIntegrationTests.java,org.springframework.batch.core.test.repository.H2CompatibilityModeJobRepositoryIntegrationTests,class,13,13,0,13,2,1,0,14,1,0.0,NaN,NaN,2,1,0,1,0,1,1,0,0,0,0,0,0,0,0,0,0,0,2,32,1,0,0,0,0,5,0,9,0,9,0,0,1,1,68,0,0
C:\Users\All Five Projects\spring-batch-main\spring-batch-infrastructure\src\test\java\org\springframework\batch\item\mail\DefaultMailErrorHandlerTests.java,org.springframework.batch.item.mail.DefaultMailErrorHandlerTests,class,6,6,0,6,2,1,0,6,0,0.0,1.0,1.0,2,0,0,0,0,2,2,0,0,0,1,0,0,1,0,0,1,0,0,13,0,0,0,0,0,2,1,4,1,4,0,0,0,2,28,0,0
C:\Users\All Five Projects\spring-batch-main\spring-batch-core\src\test\java\org\springframework\batch\core\step\NonAbstractStepTests.java,org.springframework.batch.core.step.NonAbstractStepTests,class,16,16,0,16,10,3,0,30,3,0.48333335,0.46666667,0.46666667,10,0,0,0,0,10,10,0,0,0,6,0,0,0,0,6,2,0,0,208,0,0,0,0,0,59,13,23,1,18,0,7,3,0,84,0,0
C:\Users\All Five Projects\spring-batch-main\spring-batch-infrastructure\src\test\java\org\springframework\batch\item\support\SynchronizedItemStreamWriterTests.java,org.springframework.batch.item.support.SynchronizedItemStreamWriterTests,class,4,4,0,4,2,2,0,5,1,0.0,0.0,0.0,2,0,0,0,1,1,2,0,0,0,0,0,0,0,0,0,0,0,0,11,1,0,0,0,1,1,0,2,0,2,0,0,0,1,30,0,0
C:\Users\All Five Projects\spring-batch-main\spring-batch-core\src\main\java\org\springframework\batch\core\observability\BatchStepObservation.java,org.springframework.batch.core.observability.BatchStepObservation$Anonymous1,anonymous,3,3,0,3,5,1,0,2,10,0.0,0.0,0.0,5,0,5,0,0,0,5,0,0,0,0,0,0,0,0,0,0,0,2,17,5,0,0,0,0,3,0,0,0,0,0,0,0,0,9,-1,0
C:\Users\All Five Projects\spring-batch-main\spring-batch-core\src\test\java\org\springframework\batch\core\configuration\annotation\JobBuilderConfigurationTests.java,org.springframework.batch.core.configuration.annotation.JobBuilderConfigurationTests$TestConfiguration$Anonymous1,anonymous,4,4,0,4,2,1,0,0,0,0.0,NaN,NaN,1,0,1,0,0,0,1,0,0,0,0,0,0,0,0,0,0,0,0,8,1,0,0,0,0,1,0,0,0,0,1,0,0,0,11,-1,0
C:\Users\All Five Projects\spring-batch-main\spring-batch-core\src\test\java\org\springframework\batch\core\configuration\xml\PartitionStepWithFlowParserTests.java,org.springframework.batch.core.configuration.xml.PartitionStepWithFlowParserTests$Decider,innerclass,5,5,0,5,2,1,0,0,0,0.0,NaN,NaN,1,0,1,0,0,0,1,0,0,0,1,0,0,0,0,1,0,0,0,9,2,0,0,0,0,2,2,1,0,1,1,0,0,0,9,9,0
C:\Users\All Five Projects\spring-batch-main\spring-batch-infrastructure\src\main\java\org\springframework\batch\item\support\builder\ClassifierCompositeItemProcessorBuilder.java,org.springframework.batch.item.support.builder.ClassifierCompositeItemProcessorBuilder,class,6,7,1,6,2,1,0,2,0,0.0,1.0,1.0,2,0,2,0,0,0,2,0,0,0,1,0,0,1,0,0,0,0,0,13,2,0,0,0,0,1,0,2,0,2,0,0,0,0,28,1,0
C:\Users\All Five Projects\spring-batch-main\spring-batch-samples\src\main\java\org\springframework\batch\samples\misc\quartz\JobLauncherDetails.java,org.springframework.batch.samples.misc.quartz.JobLauncherDetails,class,8,10,2,8,14,2,0,21,0,0.5,0.6666667,1.0,4,0,2,1,1,0,3,0,0,0,4,2,0,3,0,1,2,0,0,49,1,1,0,1,2,4,0,10,1,10,2,0,0,0,71,1,3
C:\Users\All Five Projects\spring-batch-main\spring-batch-core\src\test\java\org\springframework\batch\core\step\tasklet\StepHandlerAdapterTests.java,org.springframework.batch.core.step.tasklet.StepHandlerAdapterTests,class,9,9,0,9,6,1,0,6,1,0.5,0.46666667,0.6666667,6,0,2,0,0,4,6,0,0,0,3,0,0,3,0,0,2,0,0,33,2,0,0,0,0,6,1,7,0,6,0,0,0,0,36,0,0
C:\Users\All Five Projects\spring-batch-main\spring-batch-core\src\test\java\org\springframework\batch\core\step\builder\RegisterMultiListenerTests.java,org.springframework.batch.core.step.builder.RegisterMultiListenerTests$CallChecker,innerclass,0,0,0,0,0,1,0,0,0,NaN,-1.0,-1.0,0,0,0,0,0,0,0,0,0,0,4,0,0,0,0,4,0,0,0,6,0,0,0,0,0,0,4,4,0,4,0,0,0,0,9,10,0
C:\Users\All Five Projects\spring-batch-main\spring-batch-core\src\main\java\org\springframework\batch\core\step\tasklet\SystemProcessExitCodeMapper.java,org.springframework.batch.core.step.tasklet.SystemProcessExitCodeMapper,interface,1,4,3,1,1,1,0,0,0,0.0,NaN,NaN,1,0,0,0,0,1,1,0,0,0,0,0,0,0,0,0,0,0,0,3,0,0,0,0,0,0,0,0,0,0,0,0,0,0,28,1,0
C:\Users\All Five Projects\spring-batch-main\spring-batch-infrastructure\src\main\java\org\springframework\batch\item\database\StoredProcedureItemReader.java,org.springframework.batch.item.database.StoredProcedureItemReader,class,10,14,4,10,31,3,0,32,34,0.7916667,0.24242425,0.8333333,12,0,9,0,3,0,12,0,0,0,8,0,0,8,0,0,0,0,1,116,3,0,6,1,0,13,10,21,5,12,3,0,0,0,189,1,1
C:\Users\All Five Projects\spring-batch-main\spring-batch-infrastructure\src\main\java\org\springframework\batch\item\file\separator\JsonRecordSeparatorPolicy.java,org.springframework.batch.item.file.separator.JsonRecordSeparatorPolicy,class,1,2,1,1,2,2,0,3,0,0.0,NaN,NaN,1,0,1,0,0,0,1,0,0,0,0,0,0,0,0,0,0,0,0,5,1,0,1,0,0,3,0,0,0,0,0,0,0,0,53,1,0
C:\Users\All Five Projects\spring-batch-main\spring-batch-infrastructure\src\test\java\org\springframework\batch\item\database\support\PostgresPagingQueryProviderIntegrationTests.java,org.springframework.batch.item.database.support.PostgresPagingQueryProviderIntegrationTests$TestConfiguration,innerclass,3,3,0,3,1,1,0,6,0,0.0,NaN,NaN,1,0,1,0,0,0,1,0,0,0,0,0,0,0,0,0,0,0,0,9,1,0,0,0,0,0,0,1,0,1,0,0,0,0,10,8,0
C:\Users\All Five Projects\spring-batch-main\spring-batch-core\src\main\java\org\springframework\batch\core\listener\ChunkListenerSupport.java,org.springframework.batch.core.listener.ChunkListenerSupport,class,2,2,0,2,3,1,0,0,3,0.0,0.0,0.0,3,0,3,0,0,0,3,0,0,0,0,0,0,0,0,0,0,0,0,8,0,0,0,0,0,0,0,0,0,0,0,0,0,0,22,1,0
C:\Users\All Five Projects\spring-batch-main\spring-batch-infrastructure\src\test\java\org\springframework\batch\item\file\transform\CommonLineTokenizerTests.java,org.springframework.batch.item.file.transform.CommonLineTokenizerTests$Anonymous1,anonymous,0,0,0,0,1,1,0,0,0,0.0,NaN,NaN,1,0,0,0,1,0,1,0,0,0,0,0,0,0,0,0,0,0,0,5,1,0,0,0,0,0,0,0,0,0,0,0,0,0,4,-1,0
C:\Users\All Five Projects\spring-batch-main\spring-batch-infrastructure\src\main\java\org\springframework\batch\repeat\policy\SimpleCompletionPolicy.java,org.springframework.batch.repeat.policy.SimpleCompletionPolicy,class,6,9,3,6,9,5,0,4,24,0.7222222,0.16666667,0.16666667,9,0,9,0,0,0,9,0,0,0,2,1,1,0,0,1,1,0,0,43,5,0,0,0,3,1,2,4,1,2,0,0,1,0,84,1,0
C:\Users\All Five Projects\spring-batch-main\spring-batch-core\src\test\java\org\springframework\batch\core\listener\MulticasterBatchListenerTests.java,org.springframework.batch.core.listener.MulticasterBatchListenerTests$Anonymous4,anonymous,2,2,0,2,1,1,0,0,0,0.0,NaN,NaN,1,0,1,0,0,0,1,0,0,0,0,0,0,0,0,0,0,0,0,6,0,0,0,0,0,1,0,0,0,0,0,0,0,0,9,-1,0
C:\Users\All Five Projects\spring-batch-main\spring-batch-core\src\test\java\org\springframework\batch\core\listener\MulticasterBatchListenerTests.java,org.springframework.batch.core.listener.MulticasterBatchListenerTests$Anonymous3,anonymous,1,1,0,1,1,1,0,0,0,0.0,NaN,NaN,1,0,1,0,0,0,1,0,0,0,0,0,0,0,0,0,0,0,0,5,0,0,0,0,0,0,0,0,0,0,0,0,0,0,7,-1,0
C:\Users\All Five Projects\spring-batch-main\spring-batch-core\src\test\java\org\springframework\batch\core\configuration\support\DefaultBatchConfigurationTests.java,org.springframework.batch.core.configuration.support.DefaultBatchConfigurationTests$MyJobConfiguration,innerclass,12,12,0,12,4,2,0,6,6,0.0,0.0,0.0,4,0,4,0,0,0,4,0,0,0,0,0,0,0,0,0,0,0,0,15,4,0,0,0,0,3,0,1,0,3,0,0,0,1,27,8,0
C:\Users\All Five Projects\spring-batch-main\spring-batch-core\src\test\java\org\springframework\batch\core\listener\MulticasterBatchListenerTests.java,org.springframework.batch.core.listener.MulticasterBatchListenerTests$Anonymous6,anonymous,2,2,0,2,1,1,0,0,0,0.0,NaN,NaN,1,0,1,0,0,0,1,0,0,0,0,0,0,0,0,0,0,0,0,6,0,0,0,0,0,1,0,0,0,0,0,0,0,0,10,-1,0
C:\Users\All Five Projects\spring-batch-main\spring-batch-infrastructure\src\main\java\org\springframework\batch\item\avro\AvroItemWriter.java,org.springframework.batch.item.avro.AvroItemWriter$OutputStreamWriter,innerclass,4,4,0,4,4,1,0,6,0,0.33333334,-1.0,-1.0,3,0,0,3,0,0,0,0,0,0,3,0,0,3,0,0,3,0,0,22,0,0,0,1,0,0,0,3,0,3,1,0,0,0,16,10,0
C:\Users\All Five Projects\spring-batch-main\spring-batch-test\src\test\java\org\springframework\batch\test\StepScopeTestExecutionListenerTests.java,org.springframework.batch.test.StepScopeTestExecutionListenerTests$MockTestContextManager,innerclass,3,3,0,3,2,2,0,2,1,0.0,NaN,NaN,2,0,1,1,0,0,1,0,0,0,0,0,0,0,0,0,0,0,0,9,1,0,0,0,0,0,0,0,0,0,0,0,0,0,12,26,0
C:\Users\All Five Projects\spring-batch-main\spring-batch-core\src\test\java\org\springframework\batch\core\listener\MulticasterBatchListenerTests.java,org.springframework.batch.core.listener.MulticasterBatchListenerTests$Anonymous5,anonymous,1,1,0,1,1,1,0,0,0,0.0,NaN,NaN,1,0,1,0,0,0,1,0,0,0,0,0,0,0,0,0,0,0,0,5,0,0,0,0,0,0,0,0,0,0,0,0,0,0,8,-1,0
C:\Users\All Five Projects\spring-batch-main\spring-batch-core\src\test\java\org\springframework\batch\core\listener\MulticasterBatchListenerTests.java,org.springframework.batch.core.listener.MulticasterBatchListenerTests$Anonymous8,anonymous,2,2,0,2,1,1,0,0,0,0.0,NaN,NaN,1,0,1,0,0,0,1,0,0,0,0,0,0,0,0,0,0,0,0,6,0,0,0,0,0,1,0,0,0,0,0,0,0,0,10,-1,0
C:\Users\All Five Projects\spring-batch-main\spring-batch-core\src\test\java\org\springframework\batch\core\configuration\annotation\JobLoaderConfigurationTests.java,org.springframework.batch.core.configuration.annotation.JobLoaderConfigurationTests$LoaderRegistrarConfiguration,innerclass,8,8,0,8,1,1,0,1,0,0.0,NaN,NaN,1,0,1,0,0,0,1,0,0,0,1,0,0,1,0,0,0,0,0,7,0,0,0,0,0,0,0,0,0,1,0,0,0,0,13,9,0
C:\Users\All Five Projects\spring-batch-main\spring-batch-core\src\test\java\org\springframework\batch\core\listener\MulticasterBatchListenerTests.java,org.springframework.batch.core.listener.MulticasterBatchListenerTests$Anonymous7,anonymous,1,1,0,1,1,1,0,0,0,0.0,NaN,NaN,1,0,1,0,0,0,1,0,0,0,0,0,0,0,0,0,0,0,0,5,0,0,0,0,0,0,0,0,0,0,0,0,0,0,8,-1,0
C:\Users\All Five Projects\spring-batch-main\spring-batch-core\src\test\java\org\springframework\batch\core\step\item\FaultTolerantStepFactoryBeanNonBufferingTests.java,org.springframework.batch.core.step.item.FaultTolerantStepFactoryBeanNonBufferingTests,class,17,17,0,17,2,1,0,31,0,0.42857143,1.0,1.0,2,0,0,0,0,2,2,0,0,0,7,1,0,6,1,0,6,0,2,64,0,0,0,0,0,13,8,13,0,13,0,0,1,0,56,0,0
C:\Users\All Five Projects\spring-batch-main\spring-batch-core\src\test\java\org\springframework\batch\core\repository\dao\Jackson2ExecutionContextStringSerializerTests.java,org.springframework.batch.core.repository.dao.Jackson2ExecutionContextStringSerializerTests$UnmappedDomesticNumber,innerclass,1,1,0,1,0,2,0,0,0,0.0,-1.0,-1.0,0,0,0,0,0,0,0,0,0,0,0,0,0,0,0,0,0,0,0,2,0,0,0,0,0,0,0,0,0,0,0,0,0,0,4,9,0
C:\Users\All Five Projects\spring-batch-main\spring-batch-infrastructure\src\main\java\org\springframework\batch\support\LastModifiedResourceComparator.java,org.springframework.batch.support.LastModifiedResourceComparator,class,1,2,1,1,4,1,0,4,0,0.0,NaN,NaN,1,0,1,0,0,0,1,0,0,0,0,0,0,0,0,0,0,0,0,13,1,0,0,1,0,3,5,1,3,1,1,0,0,0,49,1,0
C:\Users\All Five Projects\spring-batch-main\spring-batch-core\src\main\java\org\springframework\batch\core\scope\context\SynchronizationManagerSupport.java,org.springframework.batch.core.scope.context.SynchronizationManagerSupport,class,4,7,3,4,19,1,0,21,28,0.77777785,0.035714287,0.035714287,9,0,6,1,2,0,8,2,0,0,3,0,0,3,0,0,3,0,0,81,6,0,8,1,0,0,1,12,0,10,3,0,0,0,149,1025,0
C:\Users\All Five Projects\spring-batch-main\spring-batch-infrastructure\src\test\java\org\springframework\batch\repeat\policy\SimpleCompletionPolicyTests.java,org.springframework.batch.repeat.policy.SimpleCompletionPolicyTests,class,5,5,0,5,7,1,0,6,0,0.06666667,1.0,1.0,5,0,0,0,0,5,5,0,0,0,3,0,0,3,0,0,2,0,0,42,0,2,0,0,0,0,6,7,2,6,1,0,0,0,28,0,0
C:\Users\All Five Projects\spring-batch-main\spring-batch-core\src\test\java\org\springframework\batch\core\listener\MulticasterBatchListenerTests.java,org.springframework.batch.core.listener.MulticasterBatchListenerTests$Anonymous2,anonymous,3,3,0,3,1,1,0,1,0,0.0,NaN,NaN,1,0,1,0,0,0,1,0,0,0,0,0,0,0,0,0,0,0,0,6,1,0,0,0,0,0,0,0,0,0,0,0,0,0,7,-1,0
C:\Users\All Five Projects\spring-batch-main\spring-batch-core\src\test\java\org\springframework\batch\core\listener\MulticasterBatchListenerTests.java,org.springframework.batch.core.listener.MulticasterBatchListenerTests$Anonymous1,anonymous,3,3,0,3,1,1,0,1,0,0.0,NaN,NaN,1,0,1,0,0,0,1,0,0,0,0,0,0,0,0,0,0,0,0,6,1,0,0,0,0,0,0,0,0,0,0,0,0,0,7,-1,0
C:\Users\All Five Projects\spring-batch-main\spring-batch-core\src\test\java\org\springframework\batch\core\configuration\xml\FlowJobParserTests.java,org.springframework.batch.core.configuration.xml.FlowJobParserTests,class,10,11,1,10,6,1,0,13,0,0.68,1.0,1.0,5,0,0,1,0,4,4,0,0,0,5,0,0,5,0,0,0,0,0,51,1,1,0,0,0,8,5,9,0,14,1,0,0,0,35,0,0
C:\Users\All Five Projects\spring-batch-main\spring-batch-core\src\test\java\org\springframework\batch\core\configuration\xml\TestJobListener.java,org.springframework.batch.core.configuration.xml.TestJobListener,class,1,1,0,1,2,1,0,0,1,0.0,0.0,0.0,2,0,2,0,0,0,2,0,0,0,0,0,0,0,0,0,0,0,0,6,0,0,0,0,0,0,0,0,0,0,0,0,0,0,5,1,0
C:\Users\All Five Projects\spring-batch-main\spring-batch-infrastructure\src\main\java\org\springframework\batch\item\support\SingleItemPeekableItemReader.java,org.springframework.batch.item.support.SingleItemPeekableItemReader,class,8,11,3,8,14,1,0,9,0,0.23809524,0.93333334,1.0,7,0,6,1,0,0,6,0,0,0,3,0,0,3,0,0,0,0,0,51,4,1,3,0,3,0,0,9,0,4,2,0,0,0,96,1,0
C:\Users\All Five Projects\spring-batch-main\spring-batch-infrastructure\src\test\java\org\springframework\batch\item\file\MultiResourceItemWriterFlatFileTests.java,org.springframework.batch.item.file.MultiResourceItemWriterFlatFileTests,class,10,13,3,10,9,2,0,19,0,0.11111111,1.0,1.0,9,0,0,1,0,8,8,0,0,0,1,0,0,1,0,0,0,0,0,133,0,0,0,0,0,83,37,4,1,8,0,0,1,4,44,1,0
C:\Users\All Five Projects\spring-batch-main\spring-batch-test\src\test\java\org\springframework\batch\test\jmx\SimpleMessageApplicationEvent.java,org.springframework.batch.test.jmx.SimpleMessageApplicationEvent,class,1,3,2,1,2,2,0,1,0,0.0,1.0,1.0,2,0,2,0,0,0,2,0,0,0,1,0,0,1,0,0,1,0,0,10,1,0,0,0,0,3,0,1,1,1,0,0,0,0,14,1,0
C:\Users\All Five Projects\spring-batch-main\spring-batch-infrastructure\src\test\java\org\springframework\batch\item\json\JacksonJsonObjectMarshallerTests.java,org.springframework.batch.item.json.JacksonJsonObjectMarshallerTests,class,3,3,0,3,1,1,0,2,0,0.0,NaN,NaN,1,0,0,0,0,1,1,0,0,0,0,0,0,0,0,0,0,0,0,27,0,0,0,0,0,2,1,2,0,2,0,0,1,0,15,0,0
C:\Users\All Five Projects\spring-batch-main\spring-batch-samples\src\main\java\org\springframework\batch\samples\domain\trade\internal\validator\TradeValidator.java,org.springframework.batch.samples.domain.trade.internal.validator.TradeValidator,class,3,3,0,3,3,1,0,4,1,0.0,0.0,0.0,2,0,2,0,0,0,2,0,0,0,0,0,0,0,0,0,0,0,0,11,1,0,0,0,0,2,1,1,0,1,1,0,0,0,12,1,0
C:\Users\All Five Projects\spring-batch-main\spring-batch-core\src\test\java\org\springframework\batch\core\test\football\ParallelJobIntegrationTests.java,org.springframework.batch.core.test.football.ParallelJobIntegrationTests,class,10,10,0,10,4,1,0,9,1,0.5833334,0.33333334,0.33333334,3,0,1,0,0,2,3,0,0,0,4,0,0,4,0,0,1,0,0,19,0,1,0,0,0,6,0,3,1,5,1,0,0,0,43,1,1
C:\Users\All Five Projects\spring-batch-main\spring-batch-infrastructure\src\main\java\org\springframework\batch\item\data\AbstractPaginatedDataItemReader.java,org.springframework.batch.item.data.AbstractPaginatedDataItemReader,class,4,10,6,4,13,2,0,6,7,0.5833334,0.26666668,0.4,6,0,1,0,5,0,6,1,0,0,4,0,0,1,3,0,1,0,0,58,3,1,2,3,0,1,5,10,2,6,3,0,0,0,93,1025,0
C:\Users\All Five Projects\spring-batch-main\spring-batch-core\src\test\java\org\springframework\batch\core\partition\MinMaxPartitioner.java,org.springframework.batch.core.partition.MinMaxPartitioner,class,2,2,0,2,2,2,0,4,0,0.0,NaN,NaN,1,0,1,0,0,0,1,0,0,0,0,0,0,0,0,0,0,0,1,15,1,1,0,0,1,2,2,6,3,6,1,0,0,0,17,1,0
C:\Users\All Five Projects\spring-batch-main\spring-batch-infrastructure\src\test\java\org\springframework\batch\item\file\MultiResourceItemReaderFlatFileTests.java,org.springframework.batch.item.file.MultiResourceItemReaderFlatFileTests,class,8,8,0,8,2,2,0,10,1,0.0,0.0,0.0,2,0,0,0,2,0,2,0,0,0,0,0,0,0,0,0,0,0,0,31,3,0,0,0,0,5,1,8,0,12,1,0,0,2,30,0,0
C:\Users\All Five Projects\spring-batch-main\spring-batch-infrastructure\src\main\java\org\springframework\batch\item\file\mapping\FieldSetMapper.java,org.springframework.batch.item.file.mapping.FieldSetMapper,interface,2,12,10,2,1,1,0,0,0,0.0,NaN,NaN,1,0,0,0,0,1,1,0,0,0,0,0,0,0,0,0,0,0,0,3,0,0,0,0,0,0,0,0,0,0,0,0,0,0,30,1,0
C:\Users\All Five Projects\spring-batch-main\spring-batch-core\src\test\java\org\springframework\batch\core\test\namespace\config\DummyNamespaceHandler.java,org.springframework.batch.core.test.namespace.config.DummyNamespaceHandler,class,8,8,0,8,3,1,0,4,3,0.6666667,0.0,0.0,3,0,3,0,0,0,3,0,0,0,1,1,1,0,0,0,0,0,0,13,2,0,0,0,0,1,0,2,0,2,0,0,0,0,28,1,0
C:\Users\All Five Projects\spring-batch-main\spring-batch-integration\src\test\java\org\springframework\batch\integration\step\StepGatewayIntegrationTests.java,org.springframework.batch.integration.step.StepGatewayIntegrationTests,class,11,11,0,11,3,1,0,7,0,0.33333334,0.6666667,1.0,3,0,0,0,0,3,3,0,0,0,3,0,0,3,0,0,0,0,0,19,0,0,0,0,0,2,1,2,0,5,0,0,0,0,24,0,0
C:\Users\All Five Projects\spring-batch-main\spring-batch-samples\src\test\java\org\springframework\batch\samples\loom\VirtualThreadsSupportTests.java,org.springframework.batch.samples.loom.VirtualThreadsSupportTests,class,16,16,0,16,7,1,0,19,15,0.0,0.0,0.0,6,0,6,0,0,0,6,0,0,0,0,0,0,0,0,0,0,0,1,60,0,1,0,0,0,4,6,28,0,28,1,0,0,0,110,1,0
C:\Users\All Five Projects\spring-batch-main\spring-batch-core\src\test\java\org\springframework\batch\core\StepExecutionTests.java,org.springframework.batch.core.StepExecutionTests,class,13,14,1,13,34,1,0,57,24,0.7083333,0.49425286,0.63448274,32,0,0,2,0,30,30,0,0,0,3,0,0,3,0,0,2,0,2,167,2,0,2,0,0,33,30,26,5,25,0,0,0,1,89,0,0
C:\Users\All Five Projects\spring-batch-main\spring-batch-core\src\test\java\org\springframework\batch\core\configuration\xml\StepParserStepFactoryBeanTests.java,org.springframework.batch.core.configuration.xml.StepParserStepFactoryBeanTests$Anonymous7,anonymous,0,0,0,0,0,1,0,0,0,0.0,-1.0,-1.0,0,0,0,0,0,0,0,0,0,0,0,0,0,0,0,0,0,0,0,2,0,0,0,0,0,0,0,0,0,0,0,0,0,0,0,-1,0
C:\Users\All Five Projects\spring-batch-main\spring-batch-core\src\test\java\org\springframework\batch\core\launch\support\CommandLineJobRunnerTests.java,org.springframework.batch.core.launch.support.CommandLineJobRunnerTests$StubJobRepository,innerclass,1,1,0,1,0,2,0,0,0,0.0,-1.0,-1.0,0,0,0,0,0,0,0,0,0,0,0,0,0,0,0,0,0,0,0,2,0,0,0,0,0,0,0,0,0,0,0,0,0,0,4,9,0
C:\Users\All Five Projects\spring-batch-main\spring-batch-core\src\test\java\org\springframework\batch\core\configuration\xml\StepParserStepFactoryBeanTests.java,org.springframework.batch.core.configuration.xml.StepParserStepFactoryBeanTests$Anonymous6,anonymous,0,0,0,0,0,1,0,0,0,0.0,-1.0,-1.0,0,0,0,0,0,0,0,0,0,0,0,0,0,0,0,0,0,0,0,2,0,0,0,0,0,0,0,0,0,0,0,0,0,0,0,-1,0
C:\Users\All Five Projects\spring-batch-main\spring-batch-core\src\test\java\org\springframework\batch\core\configuration\xml\StepParserStepFactoryBeanTests.java,org.springframework.batch.core.configuration.xml.StepParserStepFactoryBeanTests$Anonymous9,anonymous,0,0,0,0,0,1,0,0,0,0.0,-1.0,-1.0,0,0,0,0,0,0,0,0,0,0,0,0,0,0,0,0,0,0,0,2,0,0,0,0,0,0,0,0,0,0,0,0,0,0,0,-1,0
C:\Users\All Five Projects\spring-batch-main\spring-batch-core\src\test\java\org\springframework\batch\core\configuration\xml\StepParserStepFactoryBeanTests.java,org.springframework.batch.core.configuration.xml.StepParserStepFactoryBeanTests$Anonymous8,anonymous,0,0,0,0,0,1,0,0,0,0.0,-1.0,-1.0,0,0,0,0,0,0,0,0,0,0,0,0,0,0,0,0,0,0,0,2,0,0,0,0,0,0,0,0,0,0,0,0,0,0,0,-1,0
C:\Users\All Five Projects\spring-batch-main\spring-batch-core\src\main\java\org\springframework\batch\core\listener\StepExecutionListenerSupport.java,org.springframework.batch.core.listener.StepExecutionListenerSupport,class,4,4,0,4,2,1,0,0,1,0.0,0.0,0.0,2,0,2,0,0,0,2,0,0,0,0,0,0,0,0,0,0,0,0,7,1,0,0,0,0,0,0,0,0,0,0,0,0,0,19,1,0
C:\Users\All Five Projects\spring-batch-main\spring-batch-core\src\test\java\org\springframework\batch\core\configuration\xml\StepParserStepFactoryBeanTests.java,org.springframework.batch.core.configuration.xml.StepParserStepFactoryBeanTests$Anonymous3,anonymous,0,0,0,0,0,1,0,0,0,0.0,-1.0,-1.0,0,0,0,0,0,0,0,0,0,0,0,0,0,0,0,0,0,0,0,2,0,0,0,0,0,0,0,0,0,0,0,0,0,0,0,-1,0
C:\Users\All Five Projects\spring-batch-main\spring-batch-integration\src\test\java\org\springframework\batch\integration\item\MessagingGatewayIntegrationTests.java,org.springframework.batch.integration.item.MessagingGatewayIntegrationTests,class,7,7,0,7,2,1,0,5,1,0.5,0.0,0.0,2,0,0,0,0,2,2,0,0,0,4,0,0,4,0,0,0,0,0,38,0,0,0,0,0,6,2,1,0,5,0,0,3,0,47,0,0
C:\Users\All Five Projects\spring-batch-main\spring-batch-core\src\test\java\org\springframework\batch\core\configuration\xml\StepParserStepFactoryBeanTests.java,org.springframework.batch.core.configuration.xml.StepParserStepFactoryBeanTests$Anonymous2,anonymous,0,0,0,0,0,1,0,0,0,0.0,-1.0,-1.0,0,0,0,0,0,0,0,0,0,0,0,0,0,0,0,0,0,0,0,2,0,0,0,0,0,0,0,0,0,0,0,0,0,0,0,-1,0
C:\Users\All Five Projects\spring-batch-main\spring-batch-core\src\test\java\org\springframework\batch\core\configuration\xml\StepParserStepFactoryBeanTests.java,org.springframework.batch.core.configuration.xml.StepParserStepFactoryBeanTests$Anonymous5,anonymous,0,0,0,0,0,1,0,0,0,0.0,-1.0,-1.0,0,0,0,0,0,0,0,0,0,0,0,0,0,0,0,0,0,0,0,2,0,0,0,0,0,0,0,0,0,0,0,0,0,0,0,-1,0
C:\Users\All Five Projects\spring-batch-main\spring-batch-core\src\test\java\org\springframework\batch\core\configuration\xml\StepParserStepFactoryBeanTests.java,org.springframework.batch.core.configuration.xml.StepParserStepFactoryBeanTests$Anonymous4,anonymous,0,0,0,0,0,1,0,0,0,0.0,-1.0,-1.0,0,0,0,0,0,0,0,0,0,0,0,0,0,0,0,0,0,0,0,2,0,0,0,0,0,0,0,0,0,0,0,0,0,0,0,-1,0
C:\Users\All Five Projects\spring-batch-main\spring-batch-core\src\main\java\org\springframework\batch\core\partition\support\MultiResourcePartitioner.java,org.springframework.batch.core.partition.support.MultiResourcePartitioner,class,3,4,1,3,5,1,0,6,0,0.5833333,0.6666667,1.0,3,0,3,0,0,0,3,0,0,0,4,2,0,4,0,0,2,0,0,29,1,1,0,1,0,4,2,9,3,7,2,0,0,0,85,1,0
C:\Users\All Five Projects\spring-batch-main\spring-batch-core\src\test\java\org\springframework\batch\core\configuration\xml\StepParserStepFactoryBeanTests.java,org.springframework.batch.core.configuration.xml.StepParserStepFactoryBeanTests$Anonymous1,anonymous,0,0,0,0,0,1,0,0,0,0.0,-1.0,-1.0,0,0,0,0,0,0,0,0,0,0,0,0,0,0,0,0,0,0,0,2,0,0,0,0,0,0,0,0,0,0,0,0,0,0,0,-1,0
C:\Users\All Five Projects\spring-batch-main\spring-batch-infrastructure\src\main\java\org\springframework\batch\item\file\transform\RangeArrayPropertyEditor.java,org.springframework.batch.item.file.transform.RangeArrayPropertyEditor,class,2,4,2,2,18,2,0,17,8,0.6,0.0,0.0,5,0,3,2,0,0,3,0,0,0,1,0,0,1,0,0,0,0,5,60,1,5,2,0,6,11,20,20,8,15,2,0,0,1,110,1,0
C:\Users\All Five Projects\spring-batch-main\spring-batch-infrastructure\src\main\java\org\springframework\batch\item\UnexpectedInputException.java,org.springframework.batch.item.UnexpectedInputException,class,1,4,3,1,2,5,0,0,1,0.0,0.0,0.0,2,0,2,0,0,0,2,0,0,0,0,0,0,0,0,0,0,0,0,8,0,0,0,0,0,0,0,0,0,0,0,0,0,0,41,1,0
C:\Users\All Five Projects\spring-batch-main\spring-batch-integration\src\test\java\org\springframework\batch\integration\partition\ExampleItemWriter.java,org.springframework.batch.integration.partition.ExampleItemWriter,class,4,5,1,4,1,1,0,2,0,0.0,NaN,NaN,1,0,1,0,0,0,1,0,0,0,1,1,0,1,0,0,1,0,0,6,0,0,0,0,0,0,0,1,0,1,0,0,0,0,14,1,1
C:\Users\All Five Projects\spring-batch-main\spring-batch-samples\src\test\java\org\springframework\batch\samples\jobstep\JobStepFunctionalTests.java,org.springframework.batch.samples.jobstep.JobStepFunctionalTests,class,8,8,0,8,2,1,0,7,0,0.33333334,1.0,1.0,2,0,1,0,0,1,2,0,0,0,3,0,0,3,0,0,0,0,0,16,0,0,0,0,0,6,1,3,0,5,0,0,0,0,44,0,0
C:\Users\All Five Projects\spring-batch-main\spring-batch-core\src\test\java\org\springframework\batch\core\job\flow\StateSupport.java,org.springframework.batch.core.job.flow.StateSupport,class,4,9,5,4,5,2,2,3,4,0.5,0.16666667,0.16666667,4,0,4,0,0,0,4,0,0,0,1,0,0,0,1,0,0,0,0,20,2,0,1,0,0,0,0,2,0,2,1,0,0,0,26,1,0
C:\Users\All Five Projects\spring-batch-main\spring-batch-samples\src\main\java\org\springframework\batch\samples\domain\trade\CustomerDebitDao.java,org.springframework.batch.samples.domain.trade.CustomerDebitDao,interface,1,3,2,1,1,1,0,0,0,0.0,NaN,NaN,1,0,0,0,0,1,1,0,0,0,0,0,0,0,0,0,0,0,0,3,0,0,0,0,0,0,0,0,0,0,0,0,0,0,10,1,0
C:\Users\All Five Projects\spring-batch-main\spring-batch-core\src\test\java\org\springframework\batch\core\repository\dao\DefaultExecutionContextSerializerTests.java,org.springframework.batch.core.repository.dao.DefaultExecutionContextSerializerTests,class,5,5,0,5,2,2,0,3,0,0.0,1.0,1.0,2,0,0,0,1,1,2,0,0,0,1,0,0,1,0,0,1,0,0,11,1,0,0,0,0,1,0,2,0,2,0,0,0,1,22,0,0
C:\Users\All Five Projects\spring-batch-main\spring-batch-infrastructure\src\test\java\org\springframework\batch\repeat\support\ItemReaderRepeatCallback.java,org.springframework.batch.repeat.support.ItemReaderRepeatCallback,class,6,9,3,6,3,1,0,3,0,0.0,1.0,1.0,2,0,2,0,0,0,2,0,0,0,2,0,0,2,0,0,2,0,0,16,2,0,1,0,0,0,0,3,0,3,1,0,0,0,21,1,0
C:\Users\All Five Projects\spring-batch-main\spring-batch-core\src\main\java\org\springframework\batch\core\configuration\xml\StepParserStepFactoryBean.java,org.springframework.batch.core.configuration.xml.StepParserStepFactoryBean$Anonymous1,anonymous,0,0,0,0,1,1,0,1,0,0.0,NaN,NaN,1,0,1,0,0,0,1,0,0,0,0,0,0,0,0,0,0,0,0,5,1,0,0,0,0,0,0,0,0,0,0,0,0,0,4,-1,0
C:\Users\All Five Projects\spring-batch-main\spring-batch-infrastructure\src\main\java\org\springframework\batch\item\ldif\RecordMapper.java,org.springframework.batch.item.ldif.RecordMapper,interface,3,5,2,3,1,1,0,0,0,0.0,NaN,NaN,1,0,0,0,0,1,1,0,0,0,0,0,0,0,0,0,0,0,0,3,0,0,0,0,0,0,0,0,0,0,0,0,0,0,39,1,0
C:\Users\All Five Projects\spring-batch-main\spring-batch-core\src\test\java\org\springframework\batch\core\test\ldif\builder\MappingLdifReaderBuilderTests.java,org.springframework.batch.core.test.ldif.builder.MappingLdifReaderBuilderTests,class,15,16,1,15,13,1,0,25,0,0.41666666,0.9777778,1.0,12,0,0,2,0,10,10,0,0,0,3,0,0,3,0,0,0,0,0,82,2,0,1,0,0,36,6,19,0,11,1,0,3,2,79,0,0
C:\Users\All Five Projects\spring-batch-main\spring-batch-core\src\main\java\org\springframework\batch\core\observability\DefaultBatchJobObservationConvention.java,org.springframework.batch.core.observability.DefaultBatchJobObservationConvention,class,7,9,2,7,2,1,0,11,1,0.0,0.0,0.0,2,0,2,0,0,0,2,0,0,0,0,0,0,0,0,0,0,0,2,10,2,0,0,0,0,0,0,2,0,2,0,0,0,0,20,1,0
C:\Users\All Five Projects\spring-batch-main\spring-batch-core\src\test\java\org\springframework\batch\core\DefaultJobKeyGeneratorTests.java,org.springframework.batch.core.DefaultJobKeyGeneratorTests,class,5,5,0,5,6,1,0,6,0,0.0,1.0,1.0,6,0,2,0,0,4,6,0,0,0,1,0,0,1,0,0,1,0,0,39,0,0,0,0,0,24,1,19,0,19,0,0,0,1,27,0,0
C:\Users\All Five Projects\spring-batch-main\spring-batch-core\src\test\java\org\springframework\batch\core\configuration\support\DefaultBatchConfigurationTests.java,org.springframework.batch.core.configuration.support.DefaultBatchConfigurationTests$MyJobConfigurationWithoutDataSource,innerclass,2,2,0,2,0,2,0,0,0,0.0,-1.0,-1.0,0,0,0,0,0,0,0,0,0,0,0,0,0,0,0,0,0,0,0,2,0,0,0,0,0,0,0,0,0,0,0,0,0,0,8,8,0
C:\Users\All Five Projects\spring-batch-main\spring-batch-infrastructure\src\test\java\org\springframework\batch\item\file\ResourcesItemReaderTests.java,org.springframework.batch.item.file.ResourcesItemReaderTests,class,6,6,0,6,6,1,0,11,0,0.0,1.0,1.0,5,0,0,0,0,5,5,0,0,0,1,0,0,1,0,0,1,0,0,28,0,1,0,0,0,4,4,4,0,4,1,0,0,0,25,0,0
C:\Users\All Five Projects\spring-batch-main\spring-batch-infrastructure\src\main\java\org\springframework\batch\item\database\JdbcPagingItemReader.java,org.springframework.batch.item.database.JdbcPagingItemReader$PagingRowMapper,innerclass,4,4,0,4,2,1,0,6,0,0.0,NaN,NaN,1,0,1,0,0,0,1,0,0,0,0,0,0,0,0,0,0,0,0,9,1,1,0,0,0,0,0,1,0,0,1,0,0,0,18,2,0
C:\Users\All Five Projects\spring-batch-main\spring-batch-infrastructure\src\main\java\org\springframework\batch\repeat\interceptor\RepeatOperationsInterceptor.java,org.springframework.batch.repeat.interceptor.RepeatOperationsInterceptor,class,10,13,3,10,12,3,0,12,1,0.33333334,1.0,1.0,3,0,2,1,0,0,2,0,0,0,1,0,0,1,0,0,0,0,0,83,5,0,1,2,2,5,0,7,1,6,4,0,2,1,110,1,0
C:\Users\All Five Projects\spring-batch-main\spring-batch-infrastructure\src\main\java\org\springframework\batch\repeat\support\RepeatInternalStateSupport.java,org.springframework.batch.repeat.support.RepeatInternalStateSupport,class,1,4,3,1,1,1,2,0,0,0.0,NaN,NaN,1,0,1,0,0,0,1,0,0,0,1,0,0,1,0,0,1,0,0,6,1,0,0,0,0,0,0,1,0,1,0,0,0,0,7,1,0
C:\Users\All Five Projects\spring-batch-main\spring-batch-infrastructure\src\test\java\org\springframework\batch\item\AbstractItemStreamItemReaderTests.java,org.springframework.batch.item.AbstractItemStreamItemReaderTests,class,8,10,2,8,6,2,1,9,3,0.33333334,0.4,0.4,6,0,0,0,4,2,6,0,0,0,1,0,0,0,1,0,0,0,0,53,1,0,0,0,0,0,10,13,0,11,0,0,0,0,62,1025,0
C:\Users\All Five Projects\spring-batch-main\spring-batch-infrastructure\src\test\java\org\springframework\batch\item\database\support\SqlitePagingQueryProviderIntegrationTests.java,org.springframework.batch.item.database.support.SqlitePagingQueryProviderIntegrationTests$TestConfiguration,innerclass,3,3,0,3,1,1,0,2,0,0.0,NaN,NaN,1,0,1,0,0,0,1,0,0,0,0,0,0,0,0,0,0,0,0,7,1,0,0,0,0,2,0,1,1,1,0,0,0,0,9,8,0
C:\Users\All Five Projects\spring-batch-main\spring-batch-core\src\test\java\org\springframework\batch\core\test\ldif\builder\LdifReaderBuilderTests.java,org.springframework.batch.core.test.ldif.builder.LdifReaderBuilderTests,class,13,14,1,13,12,1,0,24,0,0.3939394,1.0,1.0,11,0,0,2,0,9,9,0,0,0,3,0,0,3,0,0,0,0,0,73,2,0,1,0,0,33,6,18,0,10,1,0,2,1,76,0,0
C:\Users\All Five Projects\spring-batch-main\spring-batch-infrastructure\src\test\java\org\springframework\batch\item\json\builder\JsonItemReaderBuilderTests.java,org.springframework.batch.item.json.builder.JsonItemReaderBuilderTests,class,8,8,0,8,3,1,0,13,0,0.33333334,1.0,1.0,3,0,0,0,0,3,3,0,0,0,2,0,0,2,0,0,0,0,0,31,0,0,0,0,0,21,8,6,0,7,0,0,0,2,44,0,0
C:\Users\All Five Projects\spring-batch-main\spring-batch-infrastructure\src\test\java\org\springframework\batch\item\xml\builder\StaxEventItemWriterBuilderTests.java,org.springframework.batch.item.xml.builder.StaxEventItemWriterBuilderTests$Foo,innerclass,1,1,0,1,8,1,0,0,10,0.625,0.32142857,0.75,8,0,8,0,0,0,8,0,0,0,3,0,0,3,0,0,0,0,0,30,3,0,0,0,0,2,0,6,0,3,0,0,0,0,10,9,0
C:\Users\All Five Projects\spring-batch-main\spring-batch-core\src\main\java\org\springframework\batch\core\configuration\xml\TopLevelJobListenerParser.java,org.springframework.batch.core.configuration.xml.TopLevelJobListenerParser,class,8,9,1,8,2,2,0,3,0,0.0,1.0,1.0,2,0,0,0,2,0,2,0,0,0,1,1,0,1,0,0,1,0,1,10,1,0,0,0,0,0,0,1,0,1,0,0,0,0,29,1,0
C:\Users\All Five Projects\spring-batch-main\spring-batch-infrastructure\src\test\java\org\springframework\batch\item\sample\LineItem.java,org.springframework.batch.item.sample.LineItem,class,1,3,2,1,21,1,0,4,0,0.54545456,0.56363636,1.0,11,0,11,0,0,0,11,0,0,0,4,0,0,4,0,0,0,0,6,59,15,0,9,0,6,5,5,13,11,8,2,0,0,0,38,1,0
C:\Users\All Five Projects\spring-batch-main\spring-batch-core\src\main\java\org\springframework\batch\core\listener\CompositeJobExecutionListener.java,org.springframework.batch.core.listener.CompositeJobExecutionListener,class,3,5,2,3,6,1,0,8,0,0.0,1.0,1.0,4,0,4,0,0,0,4,0,0,0,1,0,0,1,0,0,1,0,0,21,0,2,0,0,0,0,0,5,0,5,1,0,0,0,44,1,0
C:\Users\All Five Projects\spring-batch-main\spring-batch-core\src\test\java\org\springframework\batch\core\scope\StepScopePerformanceTests.java,org.springframework.batch.core.scope.StepScopePerformanceTests,class,13,14,1,13,7,1,0,12,1,0.5,0.3,0.3,6,0,1,1,0,4,5,0,0,0,2,0,0,2,0,0,1,0,0,38,1,1,1,0,0,11,3,8,3,8,1,0,0,0,33,1,4
C:\Users\All Five Projects\spring-batch-main\spring-batch-infrastructure\src\test\java\org\springframework\batch\item\json\builder\JsonFileItemWriterBuilderTests.java,org.springframework.batch.item.json.builder.JsonFileItemWriterBuilderTests,class,10,11,1,10,7,1,0,22,0,0.2857143,0.93333334,1.0,7,0,0,1,0,6,6,0,0,0,2,0,0,2,0,0,0,0,1,59,0,0,0,0,0,17,0,26,0,27,0,0,0,1,64,0,0
C:\Users\All Five Projects\spring-batch-main\spring-batch-integration\src\main\java\org\springframework\batch\integration\launch\JobLaunchRequest.java,org.springframework.batch.integration.launch.JobLaunchRequest,class,2,10,8,2,4,1,0,1,0,0.25,0.8333333,1.0,4,0,4,0,0,0,4,0,0,0,2,0,0,2,0,0,2,0,0,18,3,0,0,0,0,2,0,2,1,2,0,0,0,0,25,1,0
C:\Users\All Five Projects\spring-batch-main\spring-batch-test\src\main\java\org\springframework\batch\test\JobRepositoryTestUtils.java,org.springframework.batch.test.JobRepositoryTestUtils,class,6,12,6,6,18,1,0,14,4,0.5555556,0.44444445,0.5833333,9,0,9,0,0,0,9,0,0,0,2,0,0,2,0,0,0,0,0,65,2,7,1,0,0,2,3,15,0,11,4,1,0,0,89,1,0
C:\Users\All Five Projects\spring-batch-main\spring-batch-core\src\test\java\org\springframework\batch\core\launch\support\SimpleJobOperatorTests.java,org.springframework.batch.core.launch.support.SimpleJobOperatorTests$Anonymous4,anonymous,4,4,0,4,2,1,0,0,1,0.0,0.0,0.0,2,0,2,0,0,0,2,0,0,0,0,0,0,0,0,0,0,0,0,8,1,0,0,0,0,0,0,0,0,0,0,0,0,0,13,-1,0
C:\Users\All Five Projects\spring-batch-main\spring-batch-core\src\main\java\org\springframework\batch\core\job\builder\FlowJobBuilder.java,org.springframework.batch.core.job.builder.FlowJobBuilder,class,10,14,4,10,7,2,0,5,9,0.5,0.2,0.2,6,0,5,0,1,0,6,0,0,0,1,0,0,1,0,0,0,0,0,32,5,0,0,1,0,0,0,2,0,2,1,0,0,0,73,1,0
C:\Users\All Five Projects\spring-batch-main\spring-batch-core\src\test\java\org\springframework\batch\core\launch\support\SimpleJobOperatorTests.java,org.springframework.batch.core.launch.support.SimpleJobOperatorTests$Anonymous3,anonymous,2,2,0,2,2,1,0,3,1,0.0,0.0,0.0,2,0,2,0,0,0,2,0,0,0,0,0,0,0,0,0,0,0,0,9,2,0,0,0,0,3,0,0,0,0,0,0,0,0,9,-1,0
C:\Users\All Five Projects\spring-batch-main\spring-batch-core\src\test\java\org\springframework\batch\core\launch\support\SimpleJobOperatorTests.java,org.springframework.batch.core.launch.support.SimpleJobOperatorTests$Anonymous2,anonymous,3,3,0,3,3,1,0,2,1,0.0,0.0,0.0,2,0,2,0,0,0,2,0,0,0,0,0,0,0,0,0,0,0,1,11,2,0,0,0,0,4,0,0,0,0,1,0,0,0,8,-1,0
C:\Users\All Five Projects\spring-batch-main\spring-batch-core\src\test\java\org\springframework\batch\core\launch\support\SimpleJobOperatorTests.java,org.springframework.batch.core.launch.support.SimpleJobOperatorTests$Anonymous1,anonymous,2,2,0,2,1,1,0,0,0,0.0,NaN,NaN,1,0,1,0,0,0,1,0,0,0,0,0,0,0,0,0,0,0,0,5,1,0,0,0,0,0,0,0,0,1,0,0,0,1,6,-1,0
C:\Users\All Five Projects\spring-batch-main\spring-batch-core\src\main\java\org\springframework\batch\core\observability\BatchJobObservation.java,org.springframework.batch.core.observability.BatchJobObservation$JobLowCardinalityTags$Anonymous3,anonymous,0,0,0,0,1,1,0,0,0,0.0,NaN,NaN,1,0,1,0,0,0,1,0,0,0,0,0,0,0,0,0,0,0,0,5,1,0,0,0,0,1,0,0,0,0,0,0,0,0,2,-1,0
C:\Users\All Five Projects\spring-batch-main\spring-batch-core\src\main\java\org\springframework\batch\core\observability\BatchJobObservation.java,org.springframework.batch.core.observability.BatchJobObservation$JobLowCardinalityTags$Anonymous2,anonymous,0,0,0,0,1,1,0,0,0,0.0,NaN,NaN,1,0,1,0,0,0,1,0,0,0,0,0,0,0,0,0,0,0,0,5,1,0,0,0,0,1,0,0,0,0,0,0,0,0,2,-1,0
C:\Users\All Five Projects\spring-batch-main\spring-batch-core\src\main\java\org\springframework\batch\core\step\item\FaultTolerantChunkProvider.java,org.springframework.batch.core.step.item.FaultTolerantChunkProvider,class,16,19,3,16,16,2,0,12,15,0.78571427,0.2,0.4,7,0,5,1,1,0,6,0,0,0,4,1,1,3,0,0,1,0,0,62,2,2,0,3,0,6,1,7,0,4,4,0,0,0,137,1,2
C:\Users\All Five Projects\spring-batch-main\spring-batch-infrastructure\src\test\java\org\springframework\batch\item\database\ExtendedConnectionDataSourceProxyTests.java,org.springframework.batch.item.database.ExtendedConnectionDataSourceProxyTests$Unsupported,interface,0,0,0,0,0,1,0,0,0,0.0,-1.0,-1.0,0,0,0,0,0,0,0,0,0,0,0,0,0,0,0,0,0,0,0,2,0,0,0,0,0,0,0,0,0,0,0,0,0,0,9,2,0
C:\Users\All Five Projects\spring-batch-main\spring-batch-infrastructure\src\test\java\org\springframework\batch\item\xml\StaxEventItemReaderTests.java,org.springframework.batch.item.xml.StaxEventItemReaderTests$MockStaxEventItemReader,innerclass,2,2,0,2,3,2,0,1,0,0.0,1.0,1.0,3,0,3,0,0,0,3,0,0,0,1,0,0,1,0,0,0,0,0,13,1,0,0,0,0,0,0,3,0,1,0,0,0,0,15,10,0
C:\Users\All Five Projects\spring-batch-main\spring-batch-core\src\test\java\org\springframework\batch\core\step\skip\NonSkippableReadExceptionTests.java,org.springframework.batch.core.step.skip.NonSkippableReadExceptionTests,class,2,2,0,2,1,2,0,0,0,0.0,NaN,NaN,1,0,1,0,0,0,1,0,0,0,0,0,0,0,0,0,0,0,0,5,1,0,0,0,0,0,0,0,0,0,0,0,0,0,13,1,0
C:\Users\All Five Projects\spring-batch-main\spring-batch-infrastructure\src\main\java\org\springframework\batch\item\support\CompositeItemStream.java,org.springframework.batch.item.support.CompositeItemStream,class,4,6,2,4,15,1,0,14,0,0.11111111,0.7777778,0.7777778,9,0,9,0,0,0,9,0,0,0,1,0,0,1,0,0,1,0,2,52,0,3,0,1,0,1,0,4,0,4,2,0,0,0,86,1,0
C:\Users\All Five Projects\spring-batch-main\spring-batch-core\src\test\java\org\springframework\batch\core\configuration\support\JobRegistryBeanPostProcessorTests.java,org.springframework.batch.core.configuration.support.JobRegistryBeanPostProcessorTests,class,7,7,0,7,8,1,0,20,0,0.125,0.75,0.75,8,0,0,0,0,8,8,0,0,0,1,0,0,1,0,0,1,0,0,64,0,0,0,0,0,37,0,16,0,16,0,0,0,1,54,0,0
C:\Users\All Five Projects\spring-batch-main\spring-batch-infrastructure\src\test\java\org\springframework\batch\item\xml\stax\NoStartEndDocumentWriterTests.java,org.springframework.batch.item.xml.stax.NoStartEndDocumentWriterTests,class,2,2,0,2,2,1,0,12,0,0.16666667,1.0,1.0,2,0,0,0,0,2,2,0,0,0,3,0,0,3,0,0,3,0,1,17,0,0,0,0,0,1,1,4,0,4,0,0,0,0,33,0,0
C:\Users\All Five Projects\spring-batch-main\spring-batch-infrastructure\src\test\java\org\springframework\batch\repeat\interceptor\RepeatOperationsInterceptorTests.java,org.springframework.batch.repeat.interceptor.RepeatOperationsInterceptorTests$Service,interface,0,0,0,0,5,1,0,0,10,0.0,0.0,0.0,5,0,0,0,0,5,5,0,0,0,0,0,0,0,0,0,0,0,0,7,0,0,0,0,0,0,0,0,0,0,0,0,0,0,9,2,0
C:\Users\All Five Projects\spring-batch-main\spring-batch-infrastructure\src\test\java\org\springframework\batch\item\json\JacksonJsonItemReaderFunctionalTests.java,org.springframework.batch.item.json.JacksonJsonItemReaderFunctionalTests,class,5,5,0,5,2,2,0,0,1,0.0,0.0,0.0,2,0,0,0,2,0,2,0,0,0,0,0,0,0,0,0,0,0,0,8,2,0,0,0,0,0,0,0,0,0,0,0,0,0,13,0,0
C:\Users\All Five Projects\spring-batch-main\spring-batch-core\src\main\java\org\springframework\batch\core\step\item\SimpleChunkProcessor.java,org.springframework.batch.core.step.item.SimpleChunkProcessor,class,16,22,6,16,36,1,0,46,163,0.7826087,0.19480519,0.36363637,23,0,9,1,13,0,22,0,5,0,4,0,0,3,1,0,1,0,0,151,9,2,5,4,0,11,0,21,6,16,2,0,0,0,190,1,0
C:\Users\All Five Projects\spring-batch-main\spring-batch-infrastructure\src\main\java\org\springframework\batch\item\file\NonTransientFlatFileException.java,org.springframework.batch.item.file.NonTransientFlatFileException,class,1,2,1,1,5,6,0,0,0,0.3,0.8,1.0,5,0,5,0,0,0,5,0,0,0,2,0,0,2,0,0,1,0,0,24,2,0,0,0,0,0,0,5,0,2,0,0,0,0,27,1,0
C:\Users\All Five Projects\spring-batch-main\spring-batch-core\src\test\java\org\springframework\batch\core\test\timeout\TimeoutJobIntegrationTests.java,org.springframework.batch.core.test.timeout.TimeoutJobIntegrationTests,class,8,8,0,8,2,1,0,6,0,0.33333334,1.0,1.0,2,0,0,0,0,2,2,0,0,0,3,0,0,3,0,0,0,0,2,13,0,0,0,0,0,6,0,2,0,5,0,0,0,0,31,1,0
C:\Users\All Five Projects\spring-batch-main\spring-batch-samples\src\main\java\org\springframework\batch\samples\file\patternmatching\internal\extractor\HeaderFieldExtractor.java,org.springframework.batch.samples.file.patternmatching.internal.extractor.HeaderFieldExtractor,class,2,2,0,2,1,1,0,3,0,0.0,NaN,NaN,1,0,1,0,0,0,1,0,0,0,1,0,0,1,0,0,1,0,0,6,1,0,0,0,0,2,0,1,0,1,0,0,0,0,16,1,0
C:\Users\All Five Projects\spring-batch-main\spring-batch-core\src\main\java\org\springframework\batch\core\step\tasklet\JvmCommandRunner.java,org.springframework.batch.core.step.tasklet.JvmCommandRunner,class,1,2,1,1,1,1,0,2,0,0.0,NaN,NaN,1,0,1,0,0,0,1,0,0,0,0,0,0,0,0,0,0,0,1,5,1,0,0,0,0,0,0,0,0,0,0,0,0,0,45,1,0
C:\Users\All Five Projects\spring-batch-main\spring-batch-infrastructure\src\test\java\org\springframework\batch\item\avro\AvroItemReaderTests.java,org.springframework.batch.item.avro.AvroItemReaderTests,class,7,7,0,7,6,3,0,9,15,0.0,0.0,0.0,6,0,0,0,0,6,6,0,0,0,0,0,0,0,0,0,0,0,0,32,0,0,0,0,0,2,0,4,0,4,0,0,0,2,35,0,0
C:\Users\All Five Projects\spring-batch-main\spring-batch-infrastructure\src\main\java\org\springframework\batch\item\file\ResourcesItemReader.java,org.springframework.batch.item.file.ResourcesItemReader,class,5,6,1,5,6,3,0,13,2,0.53333336,0.4,0.6,5,0,5,0,0,0,5,0,0,1,3,1,0,3,0,0,2,0,1,26,2,0,0,0,0,1,4,5,1,4,1,0,0,0,95,1,0
C:\Users\All Five Projects\spring-batch-main\spring-batch-samples\src\main\java\org\springframework\batch\samples\validation\domain\Person.java,org.springframework.batch.samples.validation.domain.Person,class,1,3,2,1,7,1,0,0,0,0.42857143,0.52380955,0.71428573,7,0,7,0,0,0,7,0,0,0,2,0,0,2,0,0,0,0,0,25,3,0,0,0,0,3,0,4,2,2,0,0,0,0,12,1,0
C:\Users\All Five Projects\spring-batch-main\spring-batch-infrastructure\src\test\java\org\springframework\batch\item\database\JdbcCursorItemReaderCommonTests.java,org.springframework.batch.item.database.JdbcCursorItemReaderCommonTests,class,9,10,1,9,4,2,0,18,6,0.0,0.0,0.0,4,0,0,0,2,2,4,0,0,0,0,0,0,0,0,0,0,0,0,33,1,0,0,0,1,2,3,4,0,2,0,0,0,0,54,0,0
C:\Users\All Five Projects\spring-batch-main\spring-batch-core\src\main\java\org\springframework\batch\core\configuration\xml\CoreNamespacePostProcessor.java,org.springframework.batch.core.configuration.xml.CoreNamespacePostProcessor,class,17,18,1,17,19,1,0,21,17,0.8,0.0,0.0,7,0,4,3,0,0,4,0,0,0,5,4,0,5,0,0,4,0,2,67,3,1,5,0,1,5,0,17,0,17,3,0,0,0,120,1,0
C:\Users\All Five Projects\spring-batch-main\spring-batch-infrastructure\src\test\java\org\springframework\batch\item\xml\stax\AbstractEventReaderWrapperTests.java,org.springframework.batch.item.xml.stax.AbstractEventReaderWrapperTests,class,3,3,0,3,9,2,0,23,0,0.0,1.0,1.0,9,0,0,0,0,9,9,0,0,0,2,0,0,2,0,0,2,0,0,51,0,0,0,0,0,5,0,8,0,8,0,0,1,0,37,0,0
C:\Users\All Five Projects\spring-batch-main\spring-batch-infrastructure\src\test\java\org\springframework\batch\support\ReflectionUtilsTests.java,org.springframework.batch.support.ReflectionUtilsTests,class,5,5,0,5,7,2,0,8,3,0.0,0.0,0.0,3,0,0,0,0,3,3,0,0,0,0,0,0,0,0,0,0,0,0,44,0,0,0,0,0,5,3,12,0,7,1,0,2,0,27,0,0
C:\Users\All Five Projects\spring-batch-main\spring-batch-core\src\test\java\org\springframework\batch\core\step\RestartInPriorStepTests.java,org.springframework.batch.core.step.RestartInPriorStepTests$CompletionDecider,innerclass,5,5,0,5,2,1,0,0,0,0.0,NaN,NaN,1,0,1,0,0,0,1,0,0,0,1,0,0,1,0,0,0,0,0,12,2,0,0,0,0,2,2,1,0,1,1,0,0,0,10,9,0
C:\Users\All Five Projects\spring-batch-main\spring-batch-core\src\main\java\org\springframework\batch\core\JobParametersInvalidException.java,org.springframework.batch.core.JobParametersInvalidException,class,1,2,1,1,1,4,0,0,0,0.0,NaN,NaN,1,0,1,0,0,0,1,0,0,0,0,0,0,0,0,0,0,0,0,5,0,0,0,0,0,0,0,0,0,0,0,0,0,0,21,1,0
C:\Users\All Five Projects\spring-batch-main\spring-batch-infrastructure\src\test\java\org\springframework\batch\item\avro\support\AvroTestFixtures.java,org.springframework.batch.item.avro.support.AvroTestFixtures,class,11,17,6,11,7,1,2,24,11,0.9047619,0.13333334,0.13333334,6,1,1,0,5,0,6,0,0,0,7,0,0,2,5,0,2,0,4,91,6,0,0,1,0,32,12,12,0,13,2,0,1,1,54,1025,0
C:\Users\All Five Projects\spring-batch-main\spring-batch-samples\src\main\java\org\springframework\batch\samples\file\patternmatching\Customer.java,org.springframework.batch.samples.file.patternmatching.Customer,class,1,7,6,1,45,1,0,3,73,0.8157894,0.28654972,1.0,19,0,19,0,0,0,19,0,0,0,10,2,2,8,0,0,2,0,0,133,26,0,19,0,13,6,13,21,18,13,2,0,0,0,49,1,0
C:\Users\All Five Projects\spring-batch-main\spring-batch-infrastructure\src\main\java\org\springframework\batch\item\database\BeanPropertyItemSqlParameterSourceProvider.java,org.springframework.batch.item.database.BeanPropertyItemSqlParameterSourceProvider,class,4,5,1,4,1,1,0,0,0,0.0,NaN,NaN,1,0,1,0,0,0,1,0,0,0,0,0,0,0,0,0,0,0,0,5,1,0,0,0,0,0,0,0,0,0,0,0,0,0,38,1,0
C:\Users\All Five Projects\spring-batch-main\spring-batch-core\src\test\java\org\springframework\batch\core\test\ldif\builder\MappingLdifReaderBuilderTests.java,org.springframework.batch.core.test.ldif.builder.MappingLdifReaderBuilderTests$TestCallBackHandler,innerclass,2,2,0,2,1,1,0,2,0,0.0,NaN,NaN,1,0,1,0,0,0,1,0,0,0,0,0,0,0,0,0,0,0,0,5,0,0,0,0,0,0,0,1,0,0,0,0,0,0,13,1,0
C:\Users\All Five Projects\spring-batch-main\spring-batch-core\src\test\java\org\springframework\batch\core\configuration\xml\JobParserParentAttributeTests.java,org.springframework.batch.core.configuration.xml.JobParserParentAttributeTests,class,14,15,1,14,18,1,0,10,21,0.85714287,0.0,0.0,7,0,0,2,0,5,5,0,0,0,8,0,0,8,0,0,0,0,0,85,2,6,0,0,2,13,4,20,0,21,2,0,0,0,56,0,0
C:\Users\All Five Projects\spring-batch-main\spring-batch-infrastructure\src\test\java\org\springframework\batch\item\database\builder\JdbcCursorItemReaderBuilderTests.java,org.springframework.batch.item.database.builder.JdbcCursorItemReaderBuilderTests$Foo,innerclass,0,0,0,0,6,1,0,0,9,0.6666667,0.2,0.2,6,0,6,0,0,0,6,0,0,0,3,0,0,3,0,0,0,0,0,23,3,0,0,0,0,0,0,3,0,3,0,0,0,0,9,9,0
C:\Users\All Five Projects\spring-batch-main\spring-batch-integration\src\test\java\org\springframework\batch\integration\chunk\RemoteChunkingManagerStepBuilderTests.java,org.springframework.batch.integration.chunk.RemoteChunkingManagerStepBuilderTests$Anonymous2,anonymous,6,6,0,6,4,1,0,3,0,0.0,NaN,NaN,1,0,1,0,0,0,1,0,0,0,2,0,0,0,0,2,1,0,0,21,2,0,2,0,0,12,3,3,0,3,1,0,0,0,9,-1,0
C:\Users\All Five Projects\spring-batch-main\spring-batch-core\src\main\java\org\springframework\batch\core\listener\ItemListenerSupport.java,org.springframework.batch.core.listener.ItemListenerSupport,class,5,8,3,5,0,1,0,0,0,0.0,-1.0,-1.0,0,0,0,0,0,0,0,0,0,0,0,0,0,0,0,0,0,0,0,2,0,0,0,0,0,0,0,0,0,0,0,0,0,0,31,1,0
C:\Users\All Five Projects\spring-batch-main\spring-batch-infrastructure\src\main\java\org\springframework\batch\item\ParseException.java,org.springframework.batch.item.ParseException,class,1,3,2,1,2,5,0,0,1,0.0,0.0,0.0,2,0,2,0,0,0,2,0,0,0,0,0,0,0,0,0,0,0,0,8,0,0,0,0,0,0,0,0,0,0,0,0,0,0,32,1,0
C:\Users\All Five Projects\spring-batch-main\spring-batch-integration\src\test\java\org\springframework\batch\integration\chunk\RemoteChunkingManagerStepBuilderTests.java,org.springframework.batch.integration.chunk.RemoteChunkingManagerStepBuilderTests$Anonymous1,anonymous,0,0,0,0,0,1,0,0,0,0.0,-1.0,-1.0,0,0,0,0,0,0,0,0,0,0,0,0,0,0,0,0,0,0,0,2,0,0,0,0,0,0,0,0,0,0,0,0,0,0,0,-1,0
C:\Users\All Five Projects\spring-batch-main\spring-batch-samples\src\main\java\org\springframework\batch\samples\file\patternmatching\internal\mapper\OrderItemFieldSetMapper.java,org.springframework.batch.samples.file.patternmatching.internal.mapper.OrderItemFieldSetMapper,class,3,3,0,3,1,1,0,11,0,0.0,NaN,NaN,1,0,1,0,0,0,1,0,0,0,8,8,8,0,0,0,8,0,0,22,1,0,0,0,0,8,0,9,0,9,0,0,0,0,28,1,0
C:\Users\All Five Projects\spring-batch-main\spring-batch-core\src\test\java\org\springframework\batch\core\scope\AsyncJobScopeIntegrationTests.java,org.springframework.batch.core.scope.AsyncJobScopeIntegrationTests,class,16,16,0,16,10,1,0,15,3,0.6,0.4,0.4,6,0,1,0,0,5,6,0,0,0,5,0,0,5,0,0,2,0,0,83,2,4,0,2,0,15,8,23,6,24,3,0,0,2,50,1,2
C:\Users\All Five Projects\spring-batch-main\spring-batch-samples\src\main\java\org\springframework\batch\samples\file\patternmatching\internal\mapper\AddressFieldSetMapper.java,org.springframework.batch.samples.file.patternmatching.internal.mapper.AddressFieldSetMapper,class,3,3,0,3,1,1,0,8,0,0.0,NaN,NaN,1,0,1,0,0,0,1,0,0,0,7,7,7,0,0,0,7,0,0,20,1,0,0,0,0,7,0,8,0,8,0,0,0,0,26,1,0
C:\Users\All Five Projects\spring-batch-main\spring-batch-core\src\main\java\org\springframework\batch\core\step\skip\NeverSkipItemSkipPolicy.java,org.springframework.batch.core.step.skip.NeverSkipItemSkipPolicy,class,1,3,2,1,1,1,0,0,0,0.0,NaN,NaN,1,0,1,0,0,0,1,0,0,0,0,0,0,0,0,0,0,0,0,5,1,0,0,0,0,0,0,0,0,0,0,0,0,0,23,1,0
C:\Users\All Five Projects\spring-batch-main\spring-batch-infrastructure\src\test\java\org\springframework\batch\item\support\ClassifierCompositeItemProcessorTests.java,org.springframework.batch.item.support.ClassifierCompositeItemProcessorTests,class,5,5,0,5,2,1,0,6,1,0.0,0.0,0.0,2,0,0,0,0,2,2,0,0,0,0,0,0,0,0,0,0,0,0,55,0,0,0,0,0,11,3,10,0,10,0,5,0,0,44,0,0
C:\Users\All Five Projects\spring-batch-main\spring-batch-samples\src\main\java\org\springframework\batch\samples\common\ErrorLogTasklet.java,org.springframework.batch.samples.common.ErrorLogTasklet,class,11,12,1,11,9,1,0,14,0,0.5,0.5,1.0,5,0,4,1,0,0,4,0,0,0,4,0,0,4,0,0,0,0,0,34,5,1,2,0,0,6,2,4,2,4,2,0,0,0,63,1,0
C:\Users\All Five Projects\spring-batch-main\spring-batch-infrastructure\src\main\java\org\springframework\batch\item\database\support\HanaPagingQueryProvider.java,org.springframework.batch.item.database.support.HanaPagingQueryProvider,class,3,5,2,3,4,2,0,8,3,0.0,0.0,0.0,3,0,2,1,0,0,2,0,0,0,0,0,0,0,0,0,0,0,3,16,4,0,0,0,0,1,0,0,0,0,1,0,0,0,32,1,0
C:\Users\All Five Projects\spring-batch-main\spring-batch-infrastructure\src\test\java\org\springframework\batch\item\support\AbstractSynchronizedItemStreamReaderTests.java,org.springframework.batch.item.support.AbstractSynchronizedItemStreamReaderTests,class,9,12,3,9,6,1,2,6,0,0.38888893,0.6666667,0.6666667,6,0,0,0,1,5,6,1,0,0,3,0,0,2,1,0,1,0,0,25,0,0,0,0,0,0,0,2,0,3,0,0,0,0,32,1025,0
C:\Users\All Five Projects\spring-batch-main\spring-batch-samples\src\main\java\org\springframework\batch\samples\file\patternmatching\internal\extractor\CustomerFieldExtractor.java,org.springframework.batch.samples.file.patternmatching.internal.extractor.CustomerFieldExtractor,class,4,5,1,4,3,1,0,6,1,0.0,NaN,NaN,2,0,1,1,0,0,1,0,0,0,0,0,0,0,0,0,0,0,0,9,2,0,1,0,0,2,0,1,0,1,0,0,0,0,14,1,0
C:\Users\All Five Projects\spring-batch-main\spring-batch-samples\src\test\java\org\springframework\batch\samples\file\multiresource\MultiResourceFunctionalTests.java,org.springframework.batch.samples.file.multiresource.MultiResourceFunctionalTests,class,13,13,0,13,2,1,0,7,1,0.5,0.0,0.0,2,0,1,0,0,1,2,0,0,0,1,0,0,1,0,0,0,0,0,16,0,0,0,0,0,11,0,7,0,8,0,0,0,0,52,0,0
C:\Users\All Five Projects\spring-batch-main\spring-batch-core\src\main\java\org\springframework\batch\core\configuration\support\AutomaticJobRegistrar.java,org.springframework.batch.core.configuration.support.AutomaticJobRegistrar,class,8,12,4,8,20,1,0,9,75,0.8250001,0.14285715,0.2952381,15,0,15,0,0,0,15,0,0,0,8,0,0,8,0,0,2,0,1,77,5,1,1,1,1,1,1,13,1,8,3,0,0,0,128,1,0
C:\Users\All Five Projects\spring-batch-main\spring-batch-infrastructure\src\test\java\org\springframework\batch\item\sample\FooService.java,org.springframework.batch.item.sample.FooService,class,1,1,0,1,8,1,0,2,11,0.74285716,0.23809524,0.23809524,7,0,7,0,0,0,7,0,0,0,5,1,1,4,0,0,4,0,0,32,6,0,0,0,0,1,3,6,1,6,1,0,0,0,57,1,0
C:\Users\All Five Projects\spring-batch-main\spring-batch-infrastructure\src\test\java\org\springframework\batch\retry\jms\ExternalRetryTests.java,org.springframework.batch.retry.jms.ExternalRetryTests$Anonymous1,anonymous,3,3,0,3,1,1,0,2,0,0.0,NaN,NaN,1,0,1,0,0,0,1,0,0,0,0,0,0,0,0,0,0,0,0,7,1,0,0,0,0,1,0,1,0,1,0,0,0,0,2,-1,0
C:\Users\All Five Projects\spring-batch-main\spring-batch-infrastructure\src\test\java\org\springframework\batch\support\DefaultPropertyEditorRegistrarTests.java,org.springframework.batch.support.DefaultPropertyEditorRegistrarTests$BeanWithIntArray,innerclass,1,1,0,1,2,1,0,0,1,0.5,0.0,0.0,2,0,2,0,0,0,2,0,0,0,2,0,0,2,0,0,0,0,0,10,0,0,0,0,0,1,0,2,0,2,0,0,0,0,9,10,0
C:\Users\All Five Projects\spring-batch-main\spring-batch-core\src\test\java\org\springframework\batch\core\step\item\AbstractExceptionThrowingItemHandlerStub.java,org.springframework.batch.core.step.item.AbstractExceptionThrowingItemHandlerStub,class,5,12,7,5,13,1,0,12,9,0.7142857,0.26666668,0.26666668,7,0,4,1,2,0,6,0,0,0,3,0,0,2,1,0,0,0,2,48,3,0,1,2,0,4,1,8,1,4,2,0,0,0,36,1025,0
C:\Users\All Five Projects\spring-batch-main\spring-batch-core\src\test\java\org\springframework\batch\core\listener\ItemListenerErrorTests.java,org.springframework.batch.core.listener.ItemListenerErrorTests$BatchConfiguration,innerclass,20,20,0,20,8,1,0,13,28,0.0,0.0,0.0,8,0,8,0,0,0,8,0,0,0,0,0,0,0,0,0,0,0,0,26,8,0,0,0,0,4,2,0,0,0,0,0,0,0,38,9,0
C:\Users\All Five Projects\spring-batch-main\spring-batch-samples\src\main\java\org\springframework\batch\samples\partitioning\remote\polling\WorkerConfiguration.java,org.springframework.batch.samples.partitioning.remote.polling.WorkerConfiguration,class,18,20,2,18,5,1,0,12,8,0.6,0.1,0.1,5,0,5,0,0,0,5,0,0,0,1,0,0,1,0,0,1,0,0,22,5,0,0,0,0,4,0,1,1,3,1,0,0,1,46,1,0
C:\Users\All Five Projects\spring-batch-main\spring-batch-infrastructure\src\main\java\org\springframework\batch\item\support\SynchronizedItemStreamWriter.java,org.springframework.batch.item.support.SynchronizedItemStreamWriter,class,7,10,3,7,7,1,0,7,0,0.41666666,1.0,1.0,6,0,6,0,0,0,6,0,0,0,2,0,0,2,0,0,1,0,0,28,0,0,1,1,0,1,0,2,0,2,1,0,0,0,91,1,0
C:\Users\All Five Projects\spring-batch-main\spring-batch-core\src\test\java\org\springframework\batch\core\job\CompositeJobParametersValidatorTests.java,org.springframework.batch.core.job.CompositeJobParametersValidatorTests,class,5,5,0,5,5,1,0,5,0,0.3,1.0,1.0,5,0,0,0,0,5,5,0,0,0,2,0,0,2,0,0,1,0,2,28,0,0,0,0,0,0,0,4,0,4,0,0,0,0,28,0,0
C:\Users\All Five Projects\spring-batch-main\spring-batch-infrastructure\src\main\java\org\springframework\batch\repeat\policy\CountingCompletionPolicy.java,org.springframework.batch.repeat.policy.CountingCompletionPolicy$CountingBatchContext,innerclass,3,3,0,3,2,3,0,0,0,0.0,1.0,1.0,2,0,2,0,0,0,2,0,0,0,1,0,0,0,0,1,0,0,0,10,1,0,0,0,0,0,0,1,0,1,0,0,0,0,9,4,0
C:\Users\All Five Projects\spring-batch-main\spring-batch-infrastructure\src\test\java\org\springframework\batch\item\file\transform\DefaultFieldSetTests.java,org.springframework.batch.item.file.transform.DefaultFieldSetTests,class,5,5,0,5,64,1,0,34,0,0.6878307,0.7327189,0.7327189,63,0,0,0,0,63,63,0,0,0,3,0,0,0,0,3,0,0,3,302,0,1,0,0,0,148,82,62,2,46,1,0,0,22,100,0,0
C:\Users\All Five Projects\spring-batch-main\spring-batch-core\src\main\java\org\springframework\batch\core\job\flow\support\DefaultStateTransitionComparator.java,org.springframework.batch.core.job.flow.support.DefaultStateTransitionComparator,class,1,3,2,1,15,1,0,6,0,1.0,NaN,NaN,1,0,1,0,0,0,1,0,0,0,1,1,1,0,0,0,1,0,1,38,9,0,3,0,1,5,15,7,0,7,2,0,0,0,97,1,0
C:\Users\All Five Projects\spring-batch-main\spring-batch-core\src\main\java\org\springframework\batch\core\step\skip\AlwaysSkipItemSkipPolicy.java,org.springframework.batch.core.step.skip.AlwaysSkipItemSkipPolicy,class,1,1,0,1,1,1,0,0,0,0.0,NaN,NaN,1,0,1,0,0,0,1,0,0,0,0,0,0,0,0,0,0,0,0,5,1,0,0,0,0,0,0,0,0,0,0,0,0,0,24,1,0
C:\Users\All Five Projects\spring-batch-main\spring-batch-core\src\test\java\org\springframework\batch\core\explore\support\SimpleJobExplorerTests.java,org.springframework.batch.core.explore.support.SimpleJobExplorerTests,class,12,12,0,12,16,1,0,26,0,0.45535713,1.0,1.0,16,0,1,0,0,15,16,0,0,0,7,0,0,7,0,0,2,0,2,101,0,0,0,0,0,16,19,16,0,15,0,0,0,1,56,0,0
C:\Users\All Five Projects\spring-batch-main\spring-batch-infrastructure\src\main\java\org\springframework\batch\item\data\MongoItemWriter.java,org.springframework.batch.item.data.MongoItemWriter$Mode,enum,0,0,0,0,0,1,0,0,0,0.0,-1.0,-1.0,0,0,0,0,0,0,0,0,0,0,0,0,0,0,0,0,0,0,0,4,0,0,0,0,0,0,0,0,0,0,0,0,0,0,24,1,0
C:\Users\All Five Projects\spring-batch-main\spring-batch-core\src\test\java\org\springframework\batch\core\configuration\annotation\JobScopeConfigurationTests.java,org.springframework.batch.core.configuration.annotation.JobScopeConfigurationTests$JobScopeConfigurationWithDefaults,innerclass,6,6,0,6,1,1,0,0,0,0.0,NaN,NaN,1,0,0,0,1,0,1,0,0,0,0,0,0,0,0,0,0,0,0,5,1,0,0,0,0,1,0,0,0,0,0,0,0,0,10,9,0
C:\Users\All Five Projects\spring-batch-main\spring-batch-core\src\test\java\org\springframework\batch\core\job\builder\FlowJobBuilderTests.java,org.springframework.batch.core.job.builder.FlowJobBuilderTests$Anonymous2,anonymous,1,1,0,1,1,1,0,3,0,0.0,NaN,NaN,1,0,1,0,0,0,1,0,0,0,0,0,0,0,0,0,0,0,0,7,0,0,0,0,0,0,0,0,0,0,0,0,0,0,7,-1,0
C:\Users\All Five Projects\spring-batch-main\spring-batch-core\src\main\java\org\springframework\batch\core\listener\OrderedComposite.java,org.springframework.batch.core.listener.OrderedComposite,class,5,14,9,5,10,1,0,12,0,0.5,0.6666667,1.0,4,0,4,0,0,0,4,0,0,0,4,0,0,4,0,0,4,0,2,40,2,1,0,0,0,0,0,5,0,5,2,0,0,0,40,0,0
C:\Users\All Five Projects\spring-batch-main\spring-batch-core\src\test\java\org\springframework\batch\core\job\builder\FlowJobBuilderTests.java,org.springframework.batch.core.job.builder.FlowJobBuilderTests$Anonymous3,anonymous,1,1,0,1,1,1,0,3,0,0.0,NaN,NaN,1,0,1,0,0,0,1,0,0,0,0,0,0,0,0,0,0,0,0,7,0,0,0,0,0,0,0,0,0,0,0,0,0,0,7,-1,0
C:\Users\All Five Projects\spring-batch-main\spring-batch-core\src\test\java\org\springframework\batch\core\job\builder\FlowJobBuilderTests.java,org.springframework.batch.core.job.builder.FlowJobBuilderTests$Anonymous4,anonymous,1,1,0,1,1,1,0,3,0,0.0,NaN,NaN,1,0,1,0,0,0,1,0,0,0,0,0,0,0,0,0,0,0,0,7,0,0,0,0,0,0,0,0,0,0,0,0,0,0,7,-1,0
C:\Users\All Five Projects\spring-batch-main\spring-batch-integration\src\test\java\org\springframework\batch\integration\JobRepositorySupport.java,org.springframework.batch.integration.JobRepositorySupport,class,7,8,1,7,15,1,0,1,78,0.0,0.0,0.0,13,0,13,0,0,0,13,0,0,0,0,0,0,0,0,0,0,0,0,40,7,1,1,0,0,0,2,0,0,0,2,0,0,0,33,1,0
C:\Users\All Five Projects\spring-batch-main\spring-batch-core\src\test\java\org\springframework\batch\core\job\builder\FlowJobBuilderTests.java,org.springframework.batch.core.job.builder.FlowJobBuilderTests$Anonymous5,anonymous,4,4,0,4,2,1,0,0,0,0.0,NaN,NaN,1,0,1,0,0,0,1,0,0,0,1,0,0,1,0,0,0,0,0,7,1,0,0,0,0,1,2,1,0,1,0,0,0,0,8,-1,0
C:\Users\All Five Projects\spring-batch-main\spring-batch-infrastructure\src\test\java\org\springframework\batch\item\json\JacksonJsonFileItemWriterFunctionalTests.java,org.springframework.batch.item.json.JacksonJsonFileItemWriterFunctionalTests,class,5,5,0,5,4,2,0,1,6,0.0,0.0,0.0,4,0,0,0,4,0,4,0,0,0,0,0,0,0,0,0,0,0,0,16,4,0,0,0,0,2,0,1,0,1,0,0,0,0,24,0,0
C:\Users\All Five Projects\spring-batch-main\spring-batch-core\src\test\java\org\springframework\batch\core\job\builder\FlowJobBuilderTests.java,org.springframework.batch.core.job.builder.FlowJobBuilderTests$Anonymous1,anonymous,1,1,0,1,1,1,0,3,0,0.0,NaN,NaN,1,0,1,0,0,0,1,0,0,0,0,0,0,0,0,0,0,0,0,7,0,0,0,0,0,0,0,0,0,0,0,0,0,0,7,-1,0
C:\Users\All Five Projects\spring-batch-main\spring-batch-core\src\test\java\org\springframework\batch\core\partition\support\PartitionStepTests.java,org.springframework.batch.core.partition.support.PartitionStepTests$Anonymous1,anonymous,1,1,0,1,1,1,0,3,0,0.0,NaN,NaN,1,0,1,0,0,0,1,0,0,0,0,0,0,0,0,0,0,0,0,6,0,0,0,0,0,1,0,0,0,0,0,0,0,0,4,-1,0
C:\Users\All Five Projects\spring-batch-main\spring-batch-infrastructure\src\test\java\org\springframework\batch\item\database\support\HsqlPagingQueryProviderTests.java,org.springframework.batch.item.database.support.HsqlPagingQueryProviderTests,class,3,3,0,3,7,2,0,4,21,0.0,0.0,0.0,7,0,0,0,0,7,7,0,0,0,0,0,0,0,0,0,0,0,0,33,2,0,0,0,0,8,0,9,0,8,0,0,0,0,59,0,0
C:\Users\All Five Projects\spring-batch-main\spring-batch-infrastructure\src\main\java\org\springframework\batch\support\AnnotationMethodResolver.java,org.springframework.batch.support.AnnotationMethodResolver,class,4,5,1,4,5,1,0,14,1,0.33333334,0.33333334,0.33333334,3,0,3,0,0,0,3,0,0,0,1,0,0,1,0,0,1,0,0,29,2,0,2,0,0,8,0,5,2,5,2,0,0,1,64,1,0
C:\Users\All Five Projects\spring-batch-main\spring-batch-infrastructure\src\test\java\org\springframework\batch\item\database\AbstractJdbcPagingItemReaderParameterTests.java,org.springframework.batch.item.database.AbstractJdbcPagingItemReaderParameterTests,class,2,4,2,2,1,2,2,4,0,0.0,NaN,NaN,1,0,0,0,0,1,1,0,0,0,0,0,0,0,0,0,0,0,1,6,0,0,0,0,0,2,1,0,1,0,0,0,0,0,20,1024,0
C:\Users\All Five Projects\spring-batch-main\spring-batch-infrastructure\src\main\java\org\springframework\batch\item\database\JdbcBatchItemWriter.java,org.springframework.batch.item.database.JdbcBatchItemWriter,class,17,22,5,17,25,1,0,19,10,0.73611104,0.33333334,0.7777778,9,0,8,0,1,0,9,0,0,0,8,1,0,0,8,0,1,0,1,87,1,3,7,0,0,11,6,19,3,15,4,0,0,1,179,1,1
C:\Users\All Five Projects\spring-batch-main\spring-batch-core\src\main\java\org\springframework\batch\core\converter\LocalDateToStringConverter.java,org.springframework.batch.core.converter.LocalDateToStringConverter,class,2,8,6,2,1,2,0,1,0,0.0,NaN,NaN,1,0,1,0,0,0,1,0,0,0,0,0,0,0,0,0,0,0,0,5,1,0,0,0,0,0,0,0,0,0,0,0,0,0,21,1,0
C:\Users\All Five Projects\spring-batch-main\spring-batch-core\src\test\java\org\springframework\batch\core\job\builder\FlowJobBuilderTests.java,org.springframework.batch.core.job.builder.FlowJobBuilderTests$Anonymous6,anonymous,4,4,0,4,2,1,0,0,0,0.0,NaN,NaN,1,0,1,0,0,0,1,0,0,0,1,0,0,1,0,0,0,0,0,7,1,0,0,0,0,1,2,1,0,1,0,0,0,0,8,-1,0
C:\Users\All Five Projects\spring-batch-main\spring-batch-integration\src\test\java\org\springframework\batch\integration\config\xml\RemoteChunkingParserTests.java,org.springframework.batch.integration.config.xml.RemoteChunkingParserTests$Processor,innerclass,2,2,0,2,1,1,0,0,0,0.0,NaN,NaN,1,0,1,0,0,0,1,0,0,0,0,0,0,0,0,0,0,0,0,5,1,0,0,0,0,0,0,0,0,0,0,0,0,0,4,10,0
C:\Users\All Five Projects\spring-batch-main\spring-batch-core\src\test\java\org\springframework\batch\core\configuration\annotation\JobBuilderConfigurationTests.java,org.springframework.batch.core.configuration.annotation.JobBuilderConfigurationTests,class,12,13,1,12,7,1,0,13,15,1.0,0.0,0.0,6,0,0,2,0,4,4,0,0,0,1,1,1,0,0,0,0,0,2,89,0,0,1,0,1,3,8,7,2,6,0,0,4,0,39,1,0
C:\Users\All Five Projects\spring-batch-main\spring-batch-integration\src\test\java\org\springframework\batch\integration\item\MessagingGatewayIntegrationTests.java,org.springframework.batch.integration.item.MessagingGatewayIntegrationTests$EndService,innerclass,2,2,0,2,1,1,0,0,0,0.0,NaN,NaN,1,0,1,0,0,0,1,0,0,0,1,0,0,1,0,0,0,0,0,6,0,0,0,0,0,0,0,0,0,1,0,0,0,0,37,8,0
C:\Users\All Five Projects\spring-batch-main\spring-batch-samples\src\test\java\org\springframework\batch\samples\file\patternmatching\PatternMatchingJobFunctionalTests.java,org.springframework.batch.samples.file.patternmatching.PatternMatchingJobFunctionalTests,class,6,6,0,6,1,1,0,5,0,0.0,NaN,NaN,1,0,0,0,0,1,1,0,0,0,3,2,0,3,0,0,2,0,2,11,0,0,0,0,0,4,0,4,0,5,0,0,0,0,39,0,0
C:\Users\All Five Projects\spring-batch-main\spring-batch-integration\src\test\java\org\springframework\batch\integration\item\MessagingGatewayIntegrationTests.java,org.springframework.batch.integration.item.MessagingGatewayIntegrationTests$Activator,innerclass,2,2,0,2,2,1,0,1,0,0.0,NaN,NaN,1,0,1,0,0,0,1,0,0,0,1,0,0,1,0,0,0,0,0,9,2,0,0,0,1,2,0,0,1,1,1,0,0,0,42,8,0
C:\Users\All Five Projects\spring-batch-main\spring-batch-infrastructure\src\test\java\org\springframework\batch\item\database\support\AbstractPagingQueryProviderIntegrationTests.java,org.springframework.batch.item.database.support.AbstractPagingQueryProviderIntegrationTests,class,7,16,9,7,4,1,9,16,0,0.41666666,1.0,1.0,4,0,0,1,0,3,3,0,0,0,3,1,0,3,0,0,3,0,4,34,0,0,0,0,0,16,8,9,0,11,0,0,0,1,35,1024,0
C:\Users\All Five Projects\spring-batch-main\spring-batch-infrastructure\src\test\java\org\springframework\batch\item\support\SynchronizedItemWriterTests.java,org.springframework.batch.item.support.SynchronizedItemWriterTests,class,7,7,0,7,2,1,0,5,1,0.5,0.0,0.0,2,0,0,0,0,2,2,0,0,0,1,0,0,1,0,0,0,0,0,13,0,0,0,0,0,1,0,3,0,4,0,0,0,1,26,1,0
C:\Users\All Five Projects\spring-batch-main\spring-batch-core\src\main\java\org\springframework\batch\core\listener\JobListenerMetaData.java,org.springframework.batch.core.listener.JobListenerMetaData,enum,6,9,3,6,9,1,0,4,11,0.67857146,0.17857143,0.35714287,7,1,6,0,0,1,8,0,0,0,4,1,0,4,0,0,4,0,1,34,6,1,0,0,0,4,0,4,0,4,1,0,0,0,58,1,0
C:\Users\All Five Projects\spring-batch-main\spring-batch-infrastructure\src\main\java\org\springframework\batch\support\PropertiesConverter.java,org.springframework.batch.support.PropertiesConverter,class,1,1,0,1,8,1,0,11,1,0.33333334,1.0,1.0,3,2,2,1,0,0,2,0,0,0,1,1,0,1,0,0,1,0,1,32,4,2,0,0,0,8,2,5,2,5,2,0,0,0,77,17,0
C:\Users\All Five Projects\spring-batch-main\spring-batch-samples\src\main\java\org\springframework\batch\samples\file\multilineaggregate\AggregateItem.java,org.springframework.batch.samples.file.multilineaggregate.AggregateItem,class,2,5,3,2,7,1,0,0,3,0.65714294,0.14285715,0.1904762,7,2,7,0,0,0,7,0,0,0,5,2,0,5,0,0,3,0,0,41,5,0,0,0,0,4,0,7,0,5,0,2,0,0,58,1,0
C:\Users\All Five Projects\spring-batch-main\spring-batch-infrastructure\src\test\java\org\springframework\batch\item\file\MultiResourceItemReaderIntegrationTests.java,org.springframework.batch.item.file.MultiResourceItemReaderIntegrationTests,class,13,13,0,13,16,1,0,21,0,0.6015625,1.0,1.0,16,0,0,0,0,16,16,0,0,0,8,0,0,8,0,0,8,0,0,230,1,0,0,0,0,57,4,19,0,20,1,4,1,2,141,0,0
C:\Users\All Five Projects\spring-batch-main\spring-batch-core\src\test\java\org\springframework\batch\core\test\timeout\SleepingItemProcessor.java,org.springframework.batch.core.test.timeout.SleepingItemProcessor,class,3,3,0,3,2,1,0,1,0,0.0,1.0,1.0,2,0,2,0,0,0,2,0,0,0,1,0,0,1,0,0,0,0,1,10,1,0,0,0,0,0,0,1,0,1,0,0,0,0,9,1,0
C:\Users\All Five Projects\spring-batch-main\spring-batch-core\src\test\java\org\springframework\batch\core\configuration\annotation\JobScopeConfigurationTests.java,org.springframework.batch.core.configuration.annotation.JobScopeConfigurationTests$Wrapper,innerclass,1,1,0,1,2,1,0,0,0,0.0,1.0,1.0,2,0,2,0,0,0,2,0,0,0,1,0,0,1,0,0,1,0,0,9,1,0,0,0,0,0,0,1,0,1,0,0,0,0,6,9,0
C:\Users\All Five Projects\spring-batch-main\spring-batch-infrastructure\src\test\java\org\springframework\batch\item\kafka\KafkaItemReaderTests.java,org.springframework.batch.item.kafka.KafkaItemReaderTests,class,4,4,0,4,1,1,0,7,0,0.0,NaN,NaN,1,0,0,0,0,1,1,0,0,0,0,0,0,0,0,0,0,0,0,30,0,0,0,0,0,24,8,12,0,3,0,0,0,10,30,0,0
C:\Users\All Five Projects\spring-batch-main\spring-batch-core\src\main\java\org\springframework\batch\core\JobExecutionException.java,org.springframework.batch.core.JobExecutionException,class,0,19,19,0,2,3,14,0,1,0.0,0.0,0.0,2,0,2,0,0,0,2,0,0,0,0,0,0,0,0,0,0,0,0,8,0,0,0,0,0,0,0,0,0,0,0,0,0,0,46,1,0
C:\Users\All Five Projects\spring-batch-main\spring-batch-infrastructure\src\test\java\org\springframework\batch\repeat\policy\MockCompletionPolicySupport.java,org.springframework.batch.repeat.policy.MockCompletionPolicySupport,class,2,3,1,2,1,2,0,0,0,0.0,NaN,NaN,1,0,1,0,0,0,1,0,0,0,0,0,0,0,0,0,0,0,0,5,1,0,0,0,0,0,0,0,0,0,0,0,0,0,10,1,0
C:\Users\All Five Projects\spring-batch-main\spring-batch-infrastructure\src\test\java\org\springframework\batch\repeat\exception\SimpleLimitExceptionHandlerTests.java,org.springframework.batch.repeat.exception.SimpleLimitExceptionHandlerTests,class,5,5,0,5,12,1,0,12,0,0.0,1.0,1.0,10,0,0,0,0,10,10,0,0,0,1,0,0,1,0,0,1,0,4,106,0,2,0,0,0,12,6,26,0,23,2,2,0,10,86,0,0
C:\Users\All Five Projects\spring-batch-main\spring-batch-core\src\test\java\org\springframework\batch\core\listener\CompositeJobExecutionListenerTests.java,org.springframework.batch.core.listener.CompositeJobExecutionListenerTests,class,5,5,0,5,3,1,0,7,0,0.0,1.0,1.0,3,0,0,0,0,3,3,0,0,0,2,0,0,2,0,0,2,0,1,39,0,0,0,0,0,1,4,2,0,2,0,4,0,0,20,0,0
C:\Users\All Five Projects\spring-batch-main\spring-batch-infrastructure\src\main\java\org\springframework\batch\item\database\support\SqlWindowingPagingQueryProvider.java,org.springframework.batch.item.database.support.SqlWindowingPagingQueryProvider,class,3,4,1,3,17,2,0,24,36,0.0,0.0,0.0,9,0,2,1,6,0,8,0,0,0,0,0,0,0,0,0,0,0,5,63,9,0,4,0,0,37,1,5,6,4,1,0,0,0,100,1,0
C:\Users\All Five Projects\spring-batch-main\spring-batch-samples\src\main\java\org\springframework\batch\samples\file\multiresource\MultiResourceJobConfiguration.java,org.springframework.batch.samples.file.multiresource.MultiResourceJobConfiguration,class,27,29,2,27,5,1,0,16,10,0.0,0.0,0.0,5,0,5,0,0,0,5,0,0,0,0,0,0,0,0,0,0,0,0,17,5,0,0,0,0,12,2,0,0,0,0,0,0,0,26,1,0
C:\Users\All Five Projects\spring-batch-main\spring-batch-core\src\test\java\org\springframework\batch\core\job\builder\JobBuilderTests.java,org.springframework.batch.core.job.builder.JobBuilderTests$MyJobConfiguration,innerclass,12,12,0,12,3,1,0,6,3,0.0,0.0,0.0,3,0,3,0,0,0,3,0,0,0,0,0,0,0,0,0,0,0,0,11,3,0,0,0,0,4,0,0,0,2,0,0,0,1,29,8,0
C:\Users\All Five Projects\spring-batch-main\spring-batch-infrastructure\src\test\java\org\springframework\batch\item\file\MultiResourceItemReaderXmlTests.java,org.springframework.batch.item.file.MultiResourceItemReaderXmlTests,class,9,9,0,9,2,2,0,9,1,0.0,0.0,0.0,2,0,0,0,2,0,2,0,0,0,0,0,0,0,0,0,0,0,0,47,2,0,0,0,0,6,1,7,0,9,1,1,0,1,29,0,0
C:\Users\All Five Projects\spring-batch-main\spring-batch-samples\src\main\java\org\springframework\batch\samples\partitioning\remote\polling\ManagerConfiguration.java,org.springframework.batch.samples.partitioning.remote.polling.ManagerConfiguration,class,18,20,2,18,5,1,0,13,8,0.70000005,0.1,0.1,5,0,5,0,0,0,5,0,0,0,2,1,0,2,0,0,2,0,0,19,4,0,0,0,0,4,1,2,0,2,0,0,0,0,51,1,0
C:\Users\All Five Projects\spring-batch-main\spring-batch-core\src\main\java\org\springframework\batch\core\configuration\support\GenericApplicationContextFactory.java,org.springframework.batch.core.configuration.support.GenericApplicationContextFactory$ApplicationContextHelper,innerclass,6,6,0,6,8,1,0,12,4,0.5,0.16666667,0.16666667,4,0,1,0,3,0,4,2,0,0,2,0,0,2,0,0,2,0,0,30,0,2,2,0,1,1,0,3,0,2,3,0,0,0,33,1026,0
C:\Users\All Five Projects\spring-batch-main\spring-batch-core\src\test\java\org\springframework\batch\core\step\builder\StepBuilderTests.java,org.springframework.batch.core.step.builder.StepBuilderTests$InterfaceBasedItemReadListenerListener,innerclass,1,1,0,1,4,1,0,0,2,0.5,0.33333334,0.5,4,0,4,0,0,0,4,0,0,0,2,2,0,0,0,2,0,0,0,16,0,0,0,0,0,0,4,4,0,2,0,0,0,0,13,9,0
C:\Users\All Five Projects\spring-batch-main\spring-batch-infrastructure\src\main\java\org\springframework\batch\item\database\support\SqliteMaxValueIncrementer.java,org.springframework.batch.item.database.support.SqliteMaxValueIncrementer,class,2,3,1,2,4,2,0,12,1,0.0,0.0,0.0,2,0,1,0,1,0,2,0,0,0,0,0,0,0,0,0,0,0,0,28,1,0,0,1,0,8,1,5,3,4,2,0,0,0,59,0,0
C:\Users\All Five Projects\spring-batch-main\spring-batch-samples\src\main\java\org\springframework\batch\samples\football\internal\PlayerItemWriter.java,org.springframework.batch.samples.football.internal.PlayerItemWriter,class,3,4,1,3,3,1,0,1,0,0.0,1.0,1.0,2,0,2,0,0,0,2,0,0,0,1,0,0,1,0,0,0,0,0,11,0,1,0,0,0,0,0,1,0,1,1,0,0,0,9,1,0
C:\Users\All Five Projects\spring-batch-main\spring-batch-core\src\test\java\org\springframework\batch\core\configuration\xml\AbstractJobParserTests.java,org.springframework.batch.core.configuration.xml.AbstractJobParserTests,class,7,27,20,7,5,1,20,8,3,0.6666667,0.0,0.0,3,0,0,0,2,1,3,0,0,0,3,0,0,1,2,0,0,0,0,19,2,1,0,0,0,3,1,1,1,3,2,0,0,0,30,1025,0
C:\Users\All Five Projects\spring-batch-main\spring-batch-infrastructure\src\main\java\org\springframework\batch\item\support\PassThroughItemProcessor.java,org.springframework.batch.item.support.PassThroughItemProcessor,class,3,3,0,3,1,1,0,0,0,0.0,NaN,NaN,1,0,1,0,0,0,1,0,0,0,0,0,0,0,0,0,0,0,0,5,1,0,0,0,0,0,0,0,0,0,0,0,0,0,41,1,0
C:\Users\All Five Projects\spring-batch-main\spring-batch-core\src\test\java\org\springframework\batch\core\scope\Collaborator.java,org.springframework.batch.core.scope.Collaborator,interface,1,15,14,1,3,1,0,0,3,0.0,0.0,0.0,3,0,0,0,0,3,3,0,0,0,0,0,0,0,0,0,0,0,0,5,0,0,0,0,0,0,0,0,0,0,0,0,0,0,5,1,0
C:\Users\All Five Projects\spring-batch-main\spring-batch-core\src\test\java\org\springframework\batch\core\test\repository\OracleJobRepositoryIntegrationTests.java,org.springframework.batch.core.test.repository.OracleJobRepositoryIntegrationTests$TestConfiguration,innerclass,10,10,0,10,3,1,0,13,3,0.0,0.0,0.0,3,0,3,0,0,0,3,0,0,0,0,0,0,0,0,0,0,0,0,17,3,0,0,0,0,2,0,1,0,3,0,0,0,1,18,8,0
C:\Users\All Five Projects\spring-batch-main\spring-batch-core\src\test\java\org\springframework\batch\core\step\ThreadStepInterruptionPolicyTests.java,org.springframework.batch.core.step.ThreadStepInterruptionPolicyTests,class,4,4,0,4,2,1,0,7,0,0.0,1.0,1.0,2,0,0,0,0,2,2,0,0,0,2,0,0,2,0,0,2,0,0,12,0,0,0,0,0,2,0,3,0,3,0,0,0,2,22,0,0
C:\Users\All Five Projects\spring-batch-main\spring-batch-core\src\test\java\org\springframework\batch\core\step\tasklet\TaskletStepTests.java,org.springframework.batch.core.step.tasklet.TaskletStepTests$Anonymous3,anonymous,4,4,0,4,1,1,0,0,0,0.0,NaN,NaN,1,0,1,0,0,0,1,0,0,0,0,0,0,0,0,0,0,0,0,5,0,0,0,0,0,0,0,0,0,0,0,0,0,0,3,-1,0
C:\Users\All Five Projects\spring-batch-main\spring-batch-core\src\test\java\org\springframework\batch\core\step\tasklet\TaskletStepTests.java,org.springframework.batch.core.step.tasklet.TaskletStepTests$Anonymous2,anonymous,4,4,0,4,1,1,0,0,0,0.0,NaN,NaN,1,0,1,0,0,0,1,0,0,0,0,0,0,0,0,0,0,0,0,5,0,0,0,0,0,0,0,0,0,0,0,0,0,0,3,-1,0
C:\Users\All Five Projects\spring-batch-main\spring-batch-core\src\test\java\org\springframework\batch\core\step\tasklet\TaskletStepTests.java,org.springframework.batch.core.step.tasklet.TaskletStepTests$Anonymous5,anonymous,1,1,0,1,1,1,0,1,0,0.0,NaN,NaN,1,0,1,0,0,0,1,0,0,0,0,0,0,0,0,0,0,0,0,5,0,0,0,0,0,0,0,0,0,0,0,0,0,0,5,-1,0
C:\Users\All Five Projects\spring-batch-main\spring-batch-core\src\test\java\org\springframework\batch\core\step\tasklet\TaskletStepTests.java,org.springframework.batch.core.step.tasklet.TaskletStepTests$Anonymous4,anonymous,3,3,0,3,1,1,0,1,0,0.0,NaN,NaN,1,0,1,0,0,0,1,0,0,0,0,0,0,0,0,0,0,0,0,5,1,0,0,0,0,1,0,0,0,0,0,0,0,0,6,-1,0
C:\Users\All Five Projects\spring-batch-main\spring-batch-core\src\test\java\org\springframework\batch\core\step\tasklet\TaskletStepTests.java,org.springframework.batch.core.step.tasklet.TaskletStepTests$Anonymous1,anonymous,4,4,0,4,1,1,0,0,0,0.0,NaN,NaN,1,0,1,0,0,0,1,0,0,0,0,0,0,0,0,0,0,0,0,5,0,0,0,0,0,0,0,0,0,0,0,0,0,0,3,-1,0
C:\Users\All Five Projects\spring-batch-main\spring-batch-core\src\main\java\org\springframework\batch\core\repository\dao\Jackson2ExecutionContextStringSerializer.java,org.springframework.batch.core.repository.dao.Jackson2ExecutionContextStringSerializer$Anonymous1,anonymous,0,0,0,0,0,1,0,0,0,0.0,-1.0,-1.0,0,0,0,0,0,0,0,0,0,0,0,0,0,0,0,0,0,0,0,2,0,0,0,0,0,0,0,0,0,0,0,0,0,0,0,-1,0
C:\Users\All Five Projects\spring-batch-main\spring-batch-core\src\test\java\org\springframework\batch\core\step\AbstractStepTests.java,org.springframework.batch.core.step.AbstractStepTests,class,9,9,0,9,1,1,0,6,0,0.0,NaN,NaN,1,0,0,0,0,1,1,0,0,0,0,0,0,0,0,0,0,0,0,26,0,0,0,0,0,2,1,4,0,4,0,1,1,0,22,0,0
C:\Users\All Five Projects\spring-batch-main\spring-batch-core\src\test\java\org\springframework\batch\core\listener\MulticasterBatchListenerTests.java,org.springframework.batch.core.listener.MulticasterBatchListenerTests$AnnotationBasedStepListener,innerclass,8,8,0,8,8,1,0,0,0,0.0,1.0,1.0,8,0,8,0,0,0,8,0,0,0,1,0,0,1,0,0,1,0,0,27,0,0,0,0,0,1,0,1,0,1,0,0,0,0,14,26,0
C:\Users\All Five Projects\spring-batch-main\spring-batch-core\src\test\java\org\springframework\batch\core\step\tasklet\TaskletStepTests.java,org.springframework.batch.core.step.tasklet.TaskletStepTests$Anonymous7,anonymous,3,3,0,3,1,1,0,0,0,0.0,NaN,NaN,1,0,1,0,0,0,1,0,0,0,0,0,0,0,0,0,0,0,0,5,1,0,0,0,0,1,0,0,0,0,0,0,0,0,2,-1,0
C:\Users\All Five Projects\spring-batch-main\spring-batch-infrastructure\src\test\java\org\springframework\batch\support\DefaultPropertyEditorRegistrarTests.java,org.springframework.batch.support.DefaultPropertyEditorRegistrarTests,class,9,9,0,9,4,1,0,10,6,0.0,0.0,0.0,4,0,0,0,0,4,4,0,0,0,0,0,0,0,0,0,0,0,5,43,0,0,0,0,0,5,3,12,0,12,0,0,1,2,34,0,0
C:\Users\All Five Projects\spring-batch-main\spring-batch-core\src\test\java\org\springframework\batch\core\step\tasklet\TaskletStepTests.java,org.springframework.batch.core.step.tasklet.TaskletStepTests$Anonymous6,anonymous,1,1,0,1,2,1,0,0,0,0.0,NaN,NaN,1,0,1,0,0,0,1,0,0,0,1,0,0,1,0,0,0,0,0,9,0,0,0,0,0,1,2,1,0,1,1,0,0,0,8,-1,0
C:\Users\All Five Projects\spring-batch-main\spring-batch-core\src\main\java\org\springframework\batch\core\step\job\DefaultJobParametersExtractor.java,org.springframework.batch.core.step.job.DefaultJobParametersExtractor,class,10,13,3,10,9,1,0,14,0,0.5,0.5,1.0,4,0,4,0,0,0,4,0,0,0,3,0,0,3,0,0,0,0,1,36,1,2,0,0,0,1,0,10,0,7,2,0,0,0,82,1,0
C:\Users\All Five Projects\spring-batch-main\spring-batch-core\src\test\java\org\springframework\batch\core\step\tasklet\TaskletStepTests.java,org.springframework.batch.core.step.tasklet.TaskletStepTests$Anonymous9,anonymous,1,1,0,1,1,1,0,2,0,0.0,NaN,NaN,1,0,1,0,0,0,1,0,0,0,0,0,0,0,0,0,0,0,0,6,0,0,0,0,0,2,0,0,0,0,0,0,0,0,4,-1,0
C:\Users\All Five Projects\spring-batch-main\spring-batch-core\src\test\java\org\springframework\batch\core\step\tasklet\TaskletStepTests.java,org.springframework.batch.core.step.tasklet.TaskletStepTests$Anonymous8,anonymous,2,2,0,2,2,1,0,2,1,0.0,0.0,0.0,2,0,2,0,0,0,2,0,0,0,0,0,0,0,0,0,0,0,0,9,1,0,0,0,0,3,0,0,0,0,0,0,0,0,5,-1,0
C:\Users\All Five Projects\spring-batch-main\spring-batch-infrastructure\src\main\java\org\springframework\batch\item\file\ResourceAwareItemWriterItemStream.java,org.springframework.batch.item.file.ResourceAwareItemWriterItemStream,interface,3,7,4,3,1,1,0,0,0,0.0,NaN,NaN,1,0,0,0,0,1,1,0,0,0,0,0,0,0,0,0,0,0,0,3,0,0,0,0,0,0,0,0,0,0,0,0,0,0,17,1,0
C:\Users\All Five Projects\spring-batch-main\spring-batch-core\src\main\java\org\springframework\batch\core\step\skip\SkipException.java,org.springframework.batch.core.step.skip.SkipException,class,1,7,6,1,2,5,5,0,1,0.0,0.0,0.0,2,0,2,0,0,0,2,0,0,0,0,0,0,0,0,0,0,0,0,8,0,0,0,0,0,0,0,0,0,0,0,0,0,0,26,1025,0
C:\Users\All Five Projects\spring-batch-main\spring-batch-samples\src\main\java\org\springframework\batch\samples\petclinic\OwnersExportJobConfiguration.java,org.springframework.batch.samples.petclinic.OwnersExportJobConfiguration,class,17,18,1,17,3,1,0,12,3,0.0,0.0,0.0,3,0,3,0,0,0,3,0,0,0,0,0,0,0,0,0,0,0,0,11,3,0,0,0,0,12,1,0,0,0,0,0,0,0,25,1,0
C:\Users\All Five Projects\spring-batch-main\spring-batch-infrastructure\src\test\java\org\springframework\batch\item\file\transform\FormatterLineAggregatorTests.java,org.springframework.batch.item.file.transform.FormatterLineAggregatorTests,class,4,4,0,4,10,1,0,8,0,0.45,1.0,1.0,10,0,0,0,0,10,10,0,0,0,2,0,0,2,0,0,1,0,0,96,0,0,0,0,0,31,6,17,0,18,0,2,0,3,78,0,0
C:\Users\All Five Projects\spring-batch-main\spring-batch-core\src\test\java\org\springframework\batch\core\step\item\SimpleStepFactoryBeanTests.java,AssertingWriteListener,innerclass,2,2,0,2,3,2,0,2,0,0.0,1.0,1.0,2,0,2,0,0,0,2,0,0,0,1,0,0,0,0,1,0,0,0,12,0,0,0,0,0,5,0,3,2,1,1,0,0,0,12,0,0
C:\Users\All Five Projects\spring-batch-main\spring-batch-infrastructure\src\test\java\org\springframework\batch\repeat\exception\SimpleLimitExceptionHandlerTests.java,org.springframework.batch.repeat.exception.SimpleLimitExceptionHandlerTests$Anonymous2,anonymous,0,0,0,0,2,1,0,1,0,0.0,NaN,NaN,0,0,0,0,0,0,1,0,0,0,0,0,0,0,0,0,0,0,0,7,0,1,0,0,1,1,1,1,0,1,1,0,0,0,16,-1,0
C:\Users\All Five Projects\spring-batch-main\spring-batch-core\src\test\java\org\springframework\batch\core\configuration\xml\JobStepParserTests.java,org.springframework.batch.core.configuration.xml.JobStepParserTests,class,10,11,1,10,4,1,0,12,1,0.5555556,1.0,1.0,3,0,0,1,0,2,2,0,0,0,3,0,0,3,0,0,0,0,0,30,1,1,0,0,0,4,2,5,0,8,1,0,0,0,27,0,0
C:\Users\All Five Projects\spring-batch-main\spring-batch-infrastructure\src\test\java\org\springframework\batch\repeat\exception\SimpleLimitExceptionHandlerTests.java,org.springframework.batch.repeat.exception.SimpleLimitExceptionHandlerTests$Anonymous1,anonymous,0,0,0,0,2,1,0,1,0,0.0,NaN,NaN,0,0,0,0,0,0,1,0,0,0,0,0,0,0,0,0,0,0,0,7,0,1,0,0,1,1,1,1,0,1,1,0,0,0,16,-1,0
C:\Users\All Five Projects\spring-batch-main\spring-batch-infrastructure\src\main\java\org\springframework\batch\item\adapter\HippyMethodInvoker.java,org.springframework.batch.item.adapter.HippyMethodInvoker,class,1,2,1,1,10,2,0,10,0,0.0,NaN,NaN,1,0,0,0,1,0,1,0,0,0,0,0,0,0,0,0,0,0,0,39,1,3,3,0,0,1,2,15,1,11,5,0,0,0,62,1,0
C:\Users\All Five Projects\spring-batch-main\spring-batch-infrastructure\src\main\java\org\springframework\batch\item\adapter\AbstractMethodInvokingDelegator.java,org.springframework.batch.item.adapter.AbstractMethodInvokingDelegator,class,7,16,9,7,27,4,0,23,0,0.46153846,0.6,1.0,13,0,4,3,6,0,10,0,0,0,3,0,0,3,0,0,0,0,3,109,11,2,5,2,1,4,1,16,0,15,5,0,1,0,153,1025,0
C:\Users\All Five Projects\spring-batch-main\spring-batch-infrastructure\src\main\java\org\springframework\batch\item\data\builder\RepositoryItemWriterBuilder.java,org.springframework.batch.item.data.builder.RepositoryItemWriterBuilder,class,7,8,1,7,6,1,0,9,0,0.4375,0.8333333,1.0,4,0,4,0,0,0,4,0,0,0,4,1,0,4,0,0,1,0,0,65,4,0,2,0,0,4,0,7,0,5,1,0,2,0,70,1,1
C:\Users\All Five Projects\spring-batch-main\spring-batch-infrastructure\src\test\java\org\springframework\batch\item\database\JdbcPagingItemReaderConfigTests.java,org.springframework.batch.item.database.JdbcPagingItemReaderConfigTests,class,6,6,0,6,1,1,0,6,0,0.0,NaN,NaN,1,0,0,0,0,1,1,0,0,0,1,0,0,1,0,0,0,0,0,10,0,0,0,0,0,1,2,2,0,3,0,0,0,0,16,0,0
C:\Users\All Five Projects\spring-batch-main\spring-batch-core\src\main\java\org\springframework\batch\core\configuration\support\JobLoader.java,org.springframework.batch.core.configuration.support.JobLoader,interface,2,4,2,2,3,1,0,0,3,0.0,0.0,0.0,3,0,0,0,0,3,3,0,0,0,0,0,0,0,0,0,0,0,0,5,0,0,0,0,0,0,0,0,0,0,0,0,0,0,52,1,0
C:\Users\All Five Projects\spring-batch-main\spring-batch-core\src\test\java\org\springframework\batch\core\scope\StepScopeStartupIntegrationTests.java,org.springframework.batch.core.scope.StepScopeStartupIntegrationTests,class,2,2,0,2,1,1,0,0,0,0.0,NaN,NaN,1,0,0,0,0,1,1,0,0,0,0,0,0,0,0,0,0,0,0,4,0,0,0,0,0,0,0,0,0,0,0,0,0,0,9,0,0
C:\Users\All Five Projects\spring-batch-main\spring-batch-infrastructure\src\test\java\org\springframework\batch\item\data\RepositoryItemWriterTests.java,org.springframework.batch.item.data.RepositoryItemWriterTests,class,8,8,0,8,5,1,0,13,0,0.0,1.0,1.0,5,0,0,0,0,5,5,0,0,0,2,0,0,2,0,0,0,0,0,34,0,0,0,0,0,6,0,4,0,5,0,0,0,0,31,0,0
C:\Users\All Five Projects\spring-batch-main\spring-batch-core\src\main\java\org\springframework\batch\core\step\builder\StepBuilderException.java,org.springframework.batch.core.step.builder.StepBuilderException,class,0,5,5,0,1,4,0,0,0,0.0,NaN,NaN,1,0,1,0,0,0,1,0,0,0,0,0,0,0,0,0,0,0,0,5,0,0,0,0,0,0,0,0,0,0,0,0,0,0,20,1,0
C:\Users\All Five Projects\spring-batch-main\spring-batch-core\src\main\java\org\springframework\batch\core\configuration\xml\JobParserJobFactoryBean.java,org.springframework.batch.core.configuration.xml.JobParserJobFactoryBean,class,8,11,3,8,19,1,0,9,60,0.83516484,0.115384616,0.46153846,13,0,13,0,0,0,13,0,1,0,7,0,0,7,0,0,1,0,0,69,6,0,6,0,0,1,0,8,0,8,1,0,0,0,67,1,0
C:\Users\All Five Projects\spring-batch-main\spring-batch-samples\src\main\java\org\springframework\batch\samples\common\StagingItemWriter.java,org.springframework.batch.samples.common.StagingItemWriter,class,10,11,1,10,5,2,0,7,6,0.79999995,0.2,0.2,5,0,4,0,1,0,5,0,0,0,4,2,0,2,2,0,2,0,0,35,1,0,0,0,0,4,0,5,1,5,0,1,0,0,71,1,0
C:\Users\All Five Projects\spring-batch-main\spring-batch-infrastructure\src\test\java\org\springframework\batch\support\DatabaseTypeTests.java,org.springframework.batch.support.DatabaseTypeTests,class,3,3,0,3,16,1,0,6,120,0.0,0.0,0.0,16,0,0,0,0,16,16,0,0,0,0,0,0,0,0,0,0,0,18,84,0,0,0,0,0,40,0,18,0,18,0,0,0,2,55,0,0
C:\Users\All Five Projects\spring-batch-main\spring-batch-core\src\main\java\org\springframework\batch\core\listener\ListenerMetaData.java,org.springframework.batch.core.listener.ListenerMetaData,interface,0,7,7,0,5,1,0,0,10,0.0,0.0,0.0,5,0,0,0,0,5,5,0,0,0,0,0,0,0,0,0,0,0,0,7,0,0,0,0,0,0,0,0,0,0,0,0,0,0,23,1,0
C:\Users\All Five Projects\spring-batch-main\spring-batch-core\src\test\java\org\springframework\batch\core\scope\JobStartupRunner.java,org.springframework.batch.core.scope.JobStartupRunner,class,3,3,0,3,2,1,0,1,0,0.0,1.0,1.0,2,0,2,0,0,0,2,0,0,0,1,0,0,1,0,0,0,0,0,10,0,0,0,0,0,0,1,2,0,2,0,0,0,0,14,1,0
C:\Users\All Five Projects\spring-batch-main\spring-batch-samples\src\main\java\org\springframework\batch\samples\file\patternmatching\internal\OrderLineAggregator.java,org.springframework.batch.samples.file.patternmatching.internal.OrderLineAggregator,class,2,2,0,2,3,1,0,7,0,0.25,1.0,1.0,2,0,2,0,0,0,2,0,0,0,2,1,0,2,0,0,1,0,1,19,1,1,0,0,0,7,0,3,0,3,1,0,0,0,49,1,0
C:\Users\All Five Projects\spring-batch-main\spring-batch-infrastructure\src\main\java\org\springframework\batch\item\avro\AvroItemReader.java,org.springframework.batch.item.avro.AvroItemReader,class,14,16,2,14,17,2,0,19,16,0.64444447,0.13333334,0.13333334,9,1,3,3,3,0,6,0,0,0,5,0,0,5,0,0,2,0,1,97,7,0,2,2,0,8,0,9,2,6,1,0,1,0,75,1,0
C:\Users\All Five Projects\spring-batch-main\spring-batch-samples\src\test\java\org\springframework\batch\samples\misc\groovy\GroovyJobFunctionalTests.java,org.springframework.batch.samples.misc.groovy.GroovyJobFunctionalTests,class,5,5,0,5,2,1,0,5,1,0.5,0.0,0.0,2,0,0,0,0,2,2,0,0,0,1,0,0,1,0,0,0,0,0,11,0,0,0,0,0,5,0,0,0,1,0,0,0,0,30,1,0
C:\Users\All Five Projects\spring-batch-main\spring-batch-core\src\test\java\org\springframework\batch\core\step\AbstractStepTests.java,org.springframework.batch.core.step.AbstractStepTests$Anonymous1,anonymous,1,1,0,1,1,1,0,0,0,0.0,NaN,NaN,1,0,0,0,1,0,1,0,0,0,0,0,0,0,0,0,0,0,0,4,0,0,0,0,0,0,0,0,0,0,0,0,0,0,5,-1,0
C:\Users\All Five Projects\spring-batch-main\spring-batch-infrastructure\src\main\java\org\springframework\batch\repeat\listener\CompositeRepeatListener.java,org.springframework.batch.repeat.listener.CompositeRepeatListener,class,4,6,2,4,17,1,0,10,0,0.09090909,0.8181818,0.8181818,11,0,11,0,0,0,11,0,0,0,1,0,0,1,0,0,0,0,1,47,0,5,0,0,0,0,0,3,0,1,1,0,0,0,48,1,0
C:\Users\All Five Projects\spring-batch-main\spring-batch-core\src\test\java\org\springframework\batch\core\listener\JobParameterExecutionContextCopyListenerTests.java,org.springframework.batch.core.listener.JobParameterExecutionContextCopyListenerTests,class,8,8,0,8,3,1,0,9,0,0.16666667,1.0,1.0,3,0,0,0,0,3,3,0,0,0,2,0,0,2,0,0,1,0,0,17,0,0,0,0,0,7,1,3,0,3,0,0,0,0,24,0,0
C:\Users\All Five Projects\spring-batch-main\spring-batch-core\src\test\java\org\springframework\batch\core\step\item\TaskletStepExceptionTests.java,org.springframework.batch.core.step.item.TaskletStepExceptionTests$Anonymous6,anonymous,3,3,0,3,1,1,0,0,0,0.0,NaN,NaN,1,0,1,0,0,0,1,0,0,0,0,0,0,0,0,0,0,0,0,5,0,0,0,0,0,0,0,0,0,0,0,0,0,0,7,-1,0
C:\Users\All Five Projects\spring-batch-main\spring-batch-core\src\main\java\org\springframework\batch\core\scope\JobScope.java,org.springframework.batch.core.scope.JobScope,class,7,10,3,7,14,2,0,16,22,0.84375,0.14285715,0.14285715,8,0,7,1,0,0,7,0,0,0,4,2,1,3,0,0,4,0,4,59,6,0,3,0,0,7,0,13,0,11,4,0,0,0,152,1,3
C:\Users\All Five Projects\spring-batch-main\spring-batch-core\src\test\java\org\springframework\batch\core\job\flow\support\StateTransitionTests.java,org.springframework.batch.core.job.flow.support.StateTransitionTests,class,4,4,0,4,9,1,0,11,0,0.0,1.0,1.0,9,0,0,0,0,9,9,0,0,0,1,0,0,0,0,1,0,0,0,49,0,0,0,0,0,35,0,13,4,13,0,0,0,0,32,0,0
C:\Users\All Five Projects\spring-batch-main\spring-batch-core\src\test\java\org\springframework\batch\core\step\item\TaskletStepExceptionTests.java,org.springframework.batch.core.step.item.TaskletStepExceptionTests$Anonymous7,anonymous,0,0,0,0,1,1,0,1,0,0.0,NaN,NaN,1,0,1,0,0,0,1,0,0,0,0,0,0,0,0,0,0,0,0,6,0,0,0,0,0,0,0,0,0,0,0,0,0,0,5,-1,0
C:\Users\All Five Projects\spring-batch-main\spring-batch-samples\src\test\java\org\springframework\batch\samples\jpa\RepositoryFunctionalTests.java,org.springframework.batch.samples.jpa.RepositoryFunctionalTests,class,11,11,0,11,2,1,0,6,1,0.0,0.0,0.0,2,0,1,0,0,1,2,0,0,0,0,0,0,0,0,0,0,0,0,15,0,0,0,0,0,3,2,7,0,7,0,0,0,0,28,0,0
C:\Users\All Five Projects\spring-batch-main\spring-batch-core\src\test\java\org\springframework\batch\core\step\item\TaskletStepExceptionTests.java,org.springframework.batch.core.step.item.TaskletStepExceptionTests$Anonymous4,anonymous,3,3,0,3,1,1,0,0,0,0.0,NaN,NaN,1,0,1,0,0,0,1,0,0,0,0,0,0,0,0,0,0,0,0,5,0,0,0,0,0,0,0,0,0,0,0,0,0,0,7,-1,0
C:\Users\All Five Projects\spring-batch-main\spring-batch-infrastructure\src\main\java\org\springframework\batch\item\file\separator\DefaultRecordSeparatorPolicy.java,org.springframework.batch.item.file.separator.DefaultRecordSeparatorPolicy,class,2,5,3,2,13,2,1,7,10,0.6944444,0.33333334,0.71428573,9,0,7,2,0,0,7,0,0,0,4,2,0,4,0,0,2,0,0,44,7,0,2,0,0,3,3,6,2,4,1,0,0,0,99,1,0
C:\Users\All Five Projects\spring-batch-main\spring-batch-core\src\test\java\org\springframework\batch\core\step\item\TaskletStepExceptionTests.java,org.springframework.batch.core.step.item.TaskletStepExceptionTests$Anonymous5,anonymous,4,4,0,4,1,1,0,0,0,0.0,NaN,NaN,1,0,1,0,0,0,1,0,0,0,0,0,0,0,0,0,0,0,0,5,1,0,0,0,0,0,0,0,0,0,0,0,0,0,9,-1,0
C:\Users\All Five Projects\spring-batch-main\spring-batch-core\src\test\java\org\springframework\batch\core\step\item\TaskletStepExceptionTests.java,org.springframework.batch.core.step.item.TaskletStepExceptionTests$Anonymous2,anonymous,1,1,0,1,1,1,0,0,0,0.0,NaN,NaN,1,0,1,0,0,0,1,0,0,0,0,0,0,0,0,0,0,0,0,5,0,0,0,0,0,0,0,0,0,0,0,0,0,0,8,-1,0
C:\Users\All Five Projects\spring-batch-main\spring-batch-samples\src\test\java\org\springframework\batch\samples\adapter\readerwriter\DelegatingJobFunctionalTests.java,org.springframework.batch.samples.adapter.readerwriter.DelegatingJobFunctionalTests,class,5,5,0,5,2,1,0,5,0,0.0,NaN,NaN,1,0,0,0,0,1,1,0,0,0,2,0,0,2,0,0,0,0,0,9,0,0,0,0,0,2,1,0,0,2,0,0,0,0,26,0,0
C:\Users\All Five Projects\spring-batch-main\spring-batch-test\src\test\java\org\springframework\batch\test\SpringBatchTestJUnit5Tests.java,org.springframework.batch.test.SpringBatchTestJUnit5Tests$JobConfiguration,innerclass,15,15,0,15,5,1,0,9,10,0.0,0.0,0.0,5,0,5,0,0,0,5,0,0,0,0,0,0,0,0,0,0,0,2,17,5,0,0,0,0,8,0,0,0,2,0,0,0,1,25,9,0
C:\Users\All Five Projects\spring-batch-main\spring-batch-core\src\test\java\org\springframework\batch\core\step\item\TaskletStepExceptionTests.java,org.springframework.batch.core.step.item.TaskletStepExceptionTests$Anonymous3,anonymous,1,1,0,1,1,1,0,0,0,0.0,NaN,NaN,1,0,1,0,0,0,1,0,0,0,0,0,0,0,0,0,0,0,0,5,0,0,0,0,0,0,0,0,0,0,0,0,0,0,5,-1,0
C:\Users\All Five Projects\spring-batch-main\spring-batch-infrastructure\src\main\java\org\springframework\batch\item\queue\BlockingQueueItemReader.java,org.springframework.batch.item.queue.BlockingQueueItemReader,class,2,3,1,2,3,1,0,1,0,0.33333334,0.6666667,1.0,3,0,3,0,0,0,3,0,0,0,3,0,0,3,0,0,1,0,0,15,1,0,0,0,0,0,1,5,0,3,0,0,0,0,50,1,0
C:\Users\All Five Projects\spring-batch-main\spring-batch-core\src\test\java\org\springframework\batch\core\step\item\FaultTolerantChunkProcessorTests.java,org.springframework.batch.core.step.item.FaultTolerantChunkProcessorTests,class,24,25,1,24,30,1,0,40,0,0.50793654,1.0,1.0,21,0,0,0,1,20,21,0,0,0,6,0,0,6,0,0,4,0,27,391,0,0,0,0,0,116,46,54,0,50,2,11,0,29,98,0,0
C:\Users\All Five Projects\spring-batch-main\spring-batch-core\src\test\java\org\springframework\batch\core\step\item\TaskletStepExceptionTests.java,org.springframework.batch.core.step.item.TaskletStepExceptionTests$Anonymous1,anonymous,6,6,0,6,1,1,0,1,0,0.0,NaN,NaN,1,0,1,0,0,0,1,0,0,0,0,0,0,0,0,0,0,0,0,6,0,0,0,0,0,2,0,0,0,0,0,0,0,0,12,-1,0
C:\Users\All Five Projects\spring-batch-main\spring-batch-test\src\test\java\org\springframework\batch\test\jmx\JobExecutionNotificationPublisher.java,org.springframework.batch.test.jmx.JobExecutionNotificationPublisher,class,6,7,1,6,4,1,0,6,1,0.5555556,0.0,0.0,3,0,2,1,0,0,2,0,0,0,3,1,0,2,1,0,1,0,0,20,0,0,1,0,0,1,1,5,0,5,1,0,0,0,52,1,1
C:\Users\All Five Projects\spring-batch-main\spring-batch-infrastructure\src\main\java\org\springframework\batch\item\redis\builder\RedisItemReaderBuilder.java,org.springframework.batch.item.redis.builder.RedisItemReaderBuilder,class,6,7,1,6,3,1,0,0,0,0.33333334,0.6666667,1.0,3,0,3,0,0,0,3,0,0,0,2,0,0,2,0,0,0,0,0,15,3,0,0,0,0,0,0,2,0,2,0,0,0,0,37,1,0
C:\Users\All Five Projects\spring-batch-main\spring-batch-test\src\test\java\org\springframework\batch\test\AbstractSampleJobTests.java,org.springframework.batch.test.AbstractSampleJobTests,class,13,16,3,13,9,1,2,13,0,0.59259266,0.5714286,0.5714286,9,0,0,1,0,8,8,0,0,0,3,0,0,3,0,0,0,0,0,42,0,0,0,0,0,14,6,2,1,4,0,0,0,1,60,1024,0
C:\Users\All Five Projects\spring-batch-main\spring-batch-samples\src\test\java\org\springframework\batch\samples\jdbc\JdbcPagingFunctionalTests.java,org.springframework.batch.samples.jdbc.JdbcPagingFunctionalTests,class,12,12,0,12,2,1,0,8,1,0.5,0.0,0.0,2,0,1,0,0,1,2,0,0,0,1,0,0,1,0,0,0,0,0,16,0,0,0,0,0,4,2,7,0,8,0,0,0,0,40,0,0
C:\Users\All Five Projects\spring-batch-main\spring-batch-core\src\main\java\org\springframework\batch\core\listener\StepListenerFactoryBean.java,org.springframework.batch.core.listener.StepListenerFactoryBean,class,5,8,3,5,6,2,0,5,15,0.0,0.0,0.0,6,2,3,0,3,0,6,0,0,0,0,0,0,0,0,0,0,0,4,22,6,0,0,0,0,0,0,1,0,1,0,0,0,0,56,1,0
C:\Users\All Five Projects\spring-batch-main\spring-batch-core\src\test\java\org\springframework\batch\core\step\item\TaskletStepExceptionTests.java,org.springframework.batch.core.step.item.TaskletStepExceptionTests$Anonymous8,anonymous,1,1,0,1,2,1,0,0,1,0.0,0.0,0.0,2,0,0,0,2,0,2,0,0,0,0,0,0,0,0,0,0,0,0,8,0,0,0,0,0,2,0,0,0,0,0,0,0,0,9,-1,0
C:\Users\All Five Projects\spring-batch-main\spring-batch-samples\src\test\java\org\springframework\batch\samples\file\xml\XmlFunctionalTests.java,org.springframework.batch.samples.file.xml.XmlFunctionalTests,class,12,12,0,12,2,1,0,7,1,0.5,0.0,0.0,2,0,1,0,0,1,2,0,0,0,1,0,0,1,0,0,0,0,0,16,0,0,0,0,0,10,0,7,0,8,0,0,0,0,42,0,0
C:\Users\All Five Projects\spring-batch-main\spring-batch-core\src\test\java\org\springframework\batch\core\step\item\TaskletStepExceptionTests.java,org.springframework.batch.core.step.item.TaskletStepExceptionTests$Anonymous9,anonymous,4,4,0,4,1,1,0,4,0,0.0,NaN,NaN,1,0,1,0,0,0,1,0,0,0,0,0,0,0,0,0,0,0,0,6,1,0,0,0,0,2,0,0,0,0,0,0,0,0,9,-1,0
C:\Users\All Five Projects\spring-batch-main\spring-batch-infrastructure\src\main\java\org\springframework\batch\support\SimpleMethodInvoker.java,org.springframework.batch.support.SimpleMethodInvoker,class,4,6,2,4,17,1,0,16,0,0.083333336,1.0,1.0,6,0,5,1,0,0,5,0,0,0,2,0,0,2,0,0,1,0,2,75,6,0,5,2,4,14,4,15,7,7,2,0,0,0,72,1,0
C:\Users\All Five Projects\spring-batch-main\spring-batch-infrastructure\src\test\java\org\springframework\batch\repeat\context\RepeatContextSupportTests.java,org.springframework.batch.repeat.context.RepeatContextSupportTests,class,3,3,0,3,3,1,0,11,0,0.0,1.0,1.0,3,0,0,0,0,3,3,0,0,0,1,0,0,1,0,0,1,0,0,37,0,0,0,0,0,20,4,5,0,5,1,0,0,4,25,0,0
C:\Users\All Five Projects\spring-batch-main\spring-batch-core\src\test\java\org\springframework\batch\core\test\repository\HANAJobRepositoryIntegrationTests.java,org.springframework.batch.core.test.repository.HANAJobRepositoryIntegrationTests$HANAContainer,innerclass,6,6,0,6,11,2,0,23,41,0.8333333,0.044444446,0.044444446,10,0,8,0,2,0,10,0,0,0,3,3,0,3,0,0,3,0,2,47,7,0,0,0,0,18,16,6,2,6,1,0,0,1,99,8,0
C:\Users\All Five Projects\spring-batch-main\spring-batch-core\src\main\java\org\springframework\batch\core\launch\NoSuchJobExecutionException.java,org.springframework.batch.core.launch.NoSuchJobExecutionException,class,1,3,2,1,2,4,0,0,1,0.0,0.0,0.0,2,0,2,0,0,0,2,0,0,0,0,0,0,0,0,0,0,0,0,8,0,0,0,0,0,0,0,0,0,0,0,0,0,0,30,1,0
C:\Users\All Five Projects\spring-batch-main\spring-batch-core\src\test\java\org\springframework\batch\core\launch\NoSuchJobExecutionExceptionTests.java,org.springframework.batch.core.launch.NoSuchJobExecutionExceptionTests,class,2,2,0,2,2,3,0,0,1,0.0,0.0,0.0,2,0,2,0,0,0,2,0,0,0,0,0,0,0,0,0,0,0,0,8,2,0,0,0,0,0,0,0,0,0,0,0,0,0,13,1,0
C:\Users\All Five Projects\spring-batch-main\spring-batch-core\src\test\java\org\springframework\batch\core\step\NonAbstractStepTests.java,org.springframework.batch.core.step.NonAbstractStepTests$EventTrackingStep,innerclass,3,3,0,3,4,2,0,4,6,0.0,0.0,0.0,4,0,1,0,3,0,4,0,0,0,0,0,0,0,0,0,0,0,0,16,0,0,0,0,0,4,0,0,0,0,0,0,0,0,25,2,0
C:\Users\All Five Projects\spring-batch-main\spring-batch-core\src\test\java\org\springframework\batch\core\configuration\xml\DummyItemReader.java,org.springframework.batch.core.configuration.xml.DummyItemReader,class,2,3,1,2,1,1,0,0,0,0.0,NaN,NaN,1,0,1,0,0,0,1,0,0,0,0,0,0,0,0,0,0,0,0,5,1,0,0,0,0,0,0,0,0,0,0,0,0,0,10,1,0
C:\Users\All Five Projects\spring-batch-main\spring-batch-core\src\main\java\org\springframework\batch\core\launch\support\SystemExiter.java,org.springframework.batch.core.launch.support.SystemExiter,interface,0,4,4,0,1,1,0,0,0,0.0,NaN,NaN,1,0,0,0,0,1,1,0,0,0,0,0,0,0,0,0,0,0,0,3,0,0,0,0,0,0,0,0,0,0,0,0,0,0,38,1,0
C:\Users\All Five Projects\spring-batch-main\spring-batch-core\src\test\java\org\springframework\batch\core\scope\StepStartupRunner.java,org.springframework.batch.core.scope.StepStartupRunner,class,4,4,0,4,2,1,0,1,0,0.0,1.0,1.0,2,0,2,0,0,0,2,0,0,0,1,0,0,1,0,0,0,0,0,10,0,0,0,0,0,1,2,2,0,2,0,0,0,0,15,1,0
C:\Users\All Five Projects\spring-batch-main\spring-batch-samples\src\main\java\org\springframework\batch\samples\football\internal\JdbcPlayerDao.java,org.springframework.batch.samples.football.internal.JdbcPlayerDao,class,5,6,1,5,2,1,0,1,0,0.25,1.0,1.0,2,0,2,0,0,0,2,0,0,0,2,1,1,1,0,0,1,0,0,10,0,0,0,0,0,2,0,2,1,2,0,0,0,0,34,1,0
C:\Users\All Five Projects\spring-batch-main\spring-batch-core\src\test\java\org\springframework\batch\core\configuration\annotation\JobScopeConfigurationTests.java,org.springframework.batch.core.configuration.annotation.JobScopeConfigurationTests$SimpleCallable,innerclass,0,0,0,0,2,1,0,0,0,0.0,NaN,NaN,2,0,1,1,0,0,1,0,0,0,1,0,0,1,0,0,1,0,0,9,1,0,0,0,0,0,0,1,0,1,0,0,0,0,5,9,0
C:\Users\All Five Projects\spring-batch-main\spring-batch-core\src\test\java\org\springframework\batch\core\converter\StringToDateConverterTests.java,org.springframework.batch.core.converter.StringToDateConverterTests,class,2,2,0,2,1,1,0,3,0,0.0,NaN,NaN,1,0,0,0,0,1,1,0,0,0,1,0,0,1,0,0,1,0,1,8,0,0,0,0,0,1,0,3,0,3,0,0,0,0,13,0,0
C:\Users\All Five Projects\spring-batch-main\spring-batch-infrastructure\src\main\java\org\springframework\batch\item\database\AbstractCursorItemReader.java,org.springframework.batch.item.database.AbstractCursorItemReader,class,16,22,6,16,60,2,0,43,270,0.90178573,0.12923077,0.48923078,28,0,14,2,12,0,26,4,0,0,16,1,1,13,2,0,2,0,0,207,7,2,16,4,3,18,2,34,3,22,3,0,0,0,419,1025,2
C:\Users\All Five Projects\spring-batch-main\spring-batch-core\src\test\java\org\springframework\batch\core\configuration\annotation\BatchRegistrarTests.java,org.springframework.batch.core.configuration.annotation.BatchRegistrarTests$CustomJobParametersConverterConfiguration,innerclass,7,7,0,7,3,1,0,4,3,0.0,0.0,0.0,3,0,3,0,0,0,3,0,0,0,0,0,0,0,0,0,0,0,0,11,3,0,0,0,0,1,0,0,0,0,0,0,0,0,23,9,0
C:\Users\All Five Projects\spring-batch-main\spring-batch-infrastructure\src\test\java\org\springframework\batch\item\file\separator\SuffixRecordSeparatorPolicyTests.java,org.springframework.batch.item.file.separator.SuffixRecordSeparatorPolicyTests,class,2,2,0,2,9,1,0,8,0,0.16666667,1.0,1.0,9,0,0,0,0,9,9,0,0,0,2,1,0,2,0,0,2,0,0,36,0,0,0,0,0,6,0,5,5,5,0,0,0,0,36,0,0
C:\Users\All Five Projects\spring-batch-main\spring-batch-integration\src\test\java\org\springframework\batch\integration\partition\RemotePartitioningManagerStepBuilderTests.java,org.springframework.batch.integration.partition.RemotePartitioningManagerStepBuilderTests$BatchConfiguration,innerclass,5,5,0,5,2,1,0,3,1,0.0,0.0,0.0,2,0,1,0,0,1,2,0,0,0,0,0,0,0,0,0,0,0,0,8,2,0,0,0,0,2,0,0,0,0,0,0,0,0,19,8,0
C:\Users\All Five Projects\spring-batch-main\spring-batch-samples\src\main\java\org\springframework\batch\samples\file\patternmatching\internal\mapper\CustomerFieldSetMapper.java,org.springframework.batch.samples.file.patternmatching.internal.mapper.CustomerFieldSetMapper,class,3,3,0,3,3,1,0,10,0,0.0,NaN,NaN,1,0,1,0,0,0,1,0,0,0,9,9,9,0,0,0,9,0,0,27,1,0,0,0,0,9,0,10,0,10,1,0,0,0,28,1,0
C:\Users\All Five Projects\spring-batch-main\spring-batch-core\src\main\java\org\springframework\batch\core\repository\dao\JdbcJobInstanceDao.java,org.springframework.batch.core.repository.dao.JdbcJobInstanceDao$JobInstanceRowMapper,innerclass,3,3,0,3,2,1,0,3,1,0.0,0.0,0.0,2,0,2,0,0,0,2,0,0,0,0,0,0,0,0,0,0,0,0,9,1,0,0,0,0,0,2,1,0,1,0,0,0,0,16,26,0
C:\Users\All Five Projects\spring-batch-main\spring-batch-core\src\test\java\org\springframework\batch\core\step\tasklet\StepExecutorInterruptionTests.java,org.springframework.batch.core.step.tasklet.StepExecutorInterruptionTests$Anonymous2$Anonymous3,anonymous,0,0,0,0,2,1,0,2,1,0.0,0.0,0.0,2,0,2,0,0,0,2,0,0,0,0,0,0,0,0,0,0,0,1,8,0,0,0,0,0,0,0,0,0,0,0,0,0,0,4,-1,0
C:\Users\All Five Projects\spring-batch-main\spring-batch-infrastructure\src\test\java\org\springframework\batch\item\validator\BeanValidatingItemProcessorTests.java,org.springframework.batch.item.validator.BeanValidatingItemProcessorTests,class,4,4,0,4,2,1,0,4,1,0.0,0.0,0.0,2,0,0,0,0,2,2,0,0,0,0,0,0,0,0,0,0,0,0,27,0,0,0,0,0,2,0,5,0,5,0,0,1,1,22,0,0
C:\Users\All Five Projects\spring-batch-main\spring-batch-infrastructure\src\test\java\org\springframework\batch\repeat\support\SimpleRepeatTemplateTests.java,org.springframework.batch.repeat.support.SimpleRepeatTemplateTests,class,17,19,2,17,19,4,1,22,0,0.15625,0.8,1.0,16,0,0,0,1,15,16,0,0,0,2,0,0,2,0,0,0,0,0,249,6,0,0,0,0,15,24,27,2,37,2,10,3,16,117,0,0
C:\Users\All Five Projects\spring-batch-main\spring-batch-test\src\test\java\org\springframework\batch\test\jmx\StepExecutionApplicationEventAdvice.java,org.springframework.batch.test.jmx.StepExecutionApplicationEventAdvice,class,6,7,1,6,5,1,0,6,8,0.6,0.0,0.0,5,0,4,1,0,0,4,0,0,0,1,0,0,1,0,0,0,0,0,21,0,0,0,0,0,9,0,4,3,4,0,0,0,0,39,1,0
C:\Users\All Five Projects\spring-batch-main\spring-batch-infrastructure\src\main\java\org\springframework\batch\item\database\support\HsqlPagingQueryProvider.java,org.springframework.batch.item.database.support.HsqlPagingQueryProvider,class,3,5,2,3,4,2,0,8,3,0.0,0.0,0.0,3,0,2,1,0,0,2,0,0,0,0,0,0,0,0,0,0,0,3,16,4,0,0,0,0,1,0,0,0,0,1,0,0,0,38,1,0
C:\Users\All Five Projects\spring-batch-main\spring-batch-test\src\main\java\org\springframework\batch\test\JobScopeTestExecutionListener.java,org.springframework.batch.test.JobScopeTestExecutionListener$ExtractorMethodCallback,innerclass,1,1,0,1,7,1,0,4,0,0.33333334,0.6666667,1.0,3,0,3,0,0,0,3,0,0,0,3,0,0,3,0,0,2,0,0,21,1,0,2,0,0,0,0,4,0,4,2,0,0,0,24,26,0
C:\Users\All Five Projects\spring-batch-main\spring-batch-integration\src\test\java\org\springframework\batch\integration\async\AsyncItemProcessorMessagingGatewayTests.java,org.springframework.batch.integration.async.AsyncItemProcessorMessagingGatewayTests,class,10,10,0,10,4,1,0,11,1,0.5,0.0,0.0,2,0,0,0,0,2,2,0,0,0,2,0,0,2,0,0,1,0,0,32,1,2,0,0,0,3,3,4,1,5,1,0,1,0,29,0,0
C:\Users\All Five Projects\spring-batch-main\spring-batch-core\src\test\java\org\springframework\batch\core\partition\ExampleItemReaderTests.java,org.springframework.batch.core.partition.ExampleItemReaderTests,class,5,5,0,5,9,1,0,7,0,0.25,0.5,0.5,4,0,0,0,0,4,4,0,0,0,1,0,0,1,0,0,1,0,0,43,0,5,3,0,0,1,10,11,0,9,1,0,0,0,28,0,0
C:\Users\All Five Projects\spring-batch-main\spring-batch-infrastructure\src\main\java\org\springframework\batch\item\support\AbstractItemCountingItemStreamItemReader.java,org.springframework.batch.item.support.AbstractItemCountingItemStreamItemReader,class,8,21,13,8,28,3,0,16,36,0.7384615,0.26923078,0.46153846,13,0,9,0,4,0,13,3,0,0,5,2,0,5,0,0,2,0,0,93,5,1,0,3,1,7,7,16,0,8,2,0,0,0,157,1025,0
C:\Users\All Five Projects\spring-batch-main\spring-batch-integration\src\main\java\org\springframework\batch\integration\async\AsyncItemProcessor.java,org.springframework.batch.integration.async.AsyncItemProcessor,class,10,14,4,10,9,1,0,8,2,0.5,0.6666667,1.0,5,0,4,1,0,0,4,0,0,0,2,0,0,2,0,0,0,0,0,39,4,0,4,1,0,1,0,6,0,5,3,0,0,1,113,1,0
C:\Users\All Five Projects\spring-batch-main\spring-batch-integration\src\test\java\org\springframework\batch\integration\async\PollingAsyncItemProcessorMessagingGatewayTests.java,org.springframework.batch.integration.async.PollingAsyncItemProcessorMessagingGatewayTests$Doubler,innerclass,3,3,0,3,3,1,0,0,0,0.0,NaN,NaN,1,0,1,0,0,0,1,0,0,0,0,0,0,0,0,0,0,0,0,9,1,1,1,0,0,1,2,3,0,2,1,0,0,0,9,8,0
C:\Users\All Five Projects\spring-batch-main\spring-batch-core\src\test\java\org\springframework\batch\core\scope\context\StepContextTests.java,org.springframework.batch.core.scope.context.StepContextTests,class,9,9,0,9,17,1,0,31,0,0.5294118,0.88235295,0.88235295,17,0,0,0,0,17,17,0,0,0,3,0,0,3,0,0,1,0,1,89,0,0,0,0,0,43,9,12,0,8,1,0,0,6,49,0,0
C:\Users\All Five Projects\spring-batch-main\spring-batch-core\src\main\java\org\springframework\batch\core\listener\SkipListenerSupport.java,org.springframework.batch.core.listener.SkipListenerSupport,class,3,3,0,3,3,1,0,0,3,0.0,0.0,0.0,3,0,3,0,0,0,3,0,0,0,0,0,0,0,0,0,0,0,0,8,0,0,0,0,0,0,0,0,0,0,0,0,0,0,27,1,0
C:\Users\All Five Projects\spring-batch-main\spring-batch-infrastructure\src\main\java\org\springframework\batch\support\PatternMatcher.java,org.springframework.batch.support.PatternMatcher,class,2,4,2,2,38,1,0,9,1,0.33333334,0.33333334,0.33333334,3,1,3,0,0,0,3,0,0,0,2,0,0,2,0,0,2,0,2,122,14,11,20,0,4,4,16,28,13,20,5,0,0,0,114,1,0
C:\Users\All Five Projects\spring-batch-main\spring-batch-infrastructure\src\test\java\org\springframework\batch\item\avro\support\AvroItemWriterTestSupport.java,org.springframework.batch.item.avro.support.AvroItemWriterTestSupport$OutputStreamResource,innerclass,2,2,0,2,12,1,0,0,64,0.8333333,0.015151516,0.015151516,12,0,12,0,0,0,12,0,0,0,1,0,0,1,0,0,1,0,0,39,11,0,0,0,0,1,2,1,0,1,0,0,0,0,28,12,0
C:\Users\All Five Projects\spring-batch-main\spring-batch-infrastructure\src\test\java\org\springframework\batch\item\sample\Customer.java,org.springframework.batch.item.sample.Customer,class,1,3,2,1,27,1,0,3,10,0.6461538,0.43589744,1.0,13,0,13,0,0,0,13,0,0,0,5,0,0,5,0,0,0,0,0,68,18,0,12,0,4,4,4,13,11,8,2,0,0,0,35,1,0
C:\Users\All Five Projects\spring-batch-main\spring-batch-infrastructure\src\main\java\org\springframework\batch\repeat\exception\SimpleLimitExceptionHandler.java,org.springframework.batch.repeat.exception.SimpleLimitExceptionHandler,class,4,5,1,4,11,1,0,5,12,0.6875,0.2857143,0.75,8,0,8,0,0,0,8,0,0,0,4,0,0,4,0,0,1,0,2,41,1,2,0,0,0,0,3,9,0,5,1,0,0,0,133,1,0
C:\Users\All Five Projects\spring-batch-main\spring-batch-infrastructure\src\main\java\org\springframework\batch\repeat\support\TaskExecutorRepeatTemplate.java,org.springframework.batch.repeat.support.TaskExecutorRepeatTemplate,class,13,16,3,13,11,3,0,19,6,0.6666667,0.2,0.2,5,0,2,0,3,0,5,0,0,0,3,1,1,2,0,0,1,0,1,119,3,2,2,1,2,4,1,14,0,10,2,0,2,0,209,1,0
C:\Users\All Five Projects\spring-batch-main\spring-batch-core\src\test\java\org\springframework\batch\core\configuration\xml\SecondDummyRetryListener.java,org.springframework.batch.core.configuration.xml.SecondDummyRetryListener,class,1,3,2,1,0,1,0,0,0,0.0,-1.0,-1.0,0,0,0,0,0,0,0,0,0,0,0,0,0,0,0,0,0,0,0,2,0,0,0,0,0,0,0,0,0,0,0,0,0,0,4,1,0
C:\Users\All Five Projects\spring-batch-main\spring-batch-samples\src\main\java\org\springframework\batch\samples\partitioning\remote\aggregating\WorkerConfiguration.java,org.springframework.batch.samples.partitioning.remote.aggregating.WorkerConfiguration,class,18,20,2,18,7,1,0,16,19,0.71428573,0.04761905,0.04761905,7,0,7,0,0,0,7,0,0,0,1,0,0,1,0,0,1,0,0,28,7,0,0,0,0,5,0,1,1,3,1,0,0,1,48,1,0
C:\Users\All Five Projects\spring-batch-main\spring-batch-core\src\main\java\org\springframework\batch\core\partition\support\AbstractPartitionHandler.java,org.springframework.batch.core.partition.support.AbstractPartitionHandler,class,4,6,2,4,4,1,1,2,0,0.25,0.5,0.5,4,0,3,0,1,0,4,1,0,0,1,0,0,0,1,0,0,0,0,14,2,0,0,0,0,0,1,3,0,2,0,0,0,0,97,1025,0
C:\Users\All Five Projects\spring-batch-main\spring-batch-core\src\main\java\org\springframework\batch\core\explore\support\MongoJobExplorerFactoryBean.java,org.springframework.batch.core.explore.support.MongoJobExplorerFactoryBean,class,11,11,0,11,6,2,0,2,0,0.0,1.0,1.0,6,0,2,0,4,0,6,0,0,0,1,0,0,1,0,0,0,0,0,22,4,0,0,0,0,1,0,1,0,1,0,0,0,0,69,1,0
C:\Users\All Five Projects\spring-batch-main\spring-batch-core\src\test\java\org\springframework\batch\core\configuration\xml\NoopTasklet.java,org.springframework.batch.core.configuration.xml.NoopTasklet,class,5,5,0,5,1,2,0,2,0,0.0,NaN,NaN,1,0,1,0,0,0,1,0,0,0,0,0,0,0,0,0,0,0,0,7,1,0,0,0,0,0,0,0,0,0,0,0,0,0,13,1,0
C:\Users\All Five Projects\spring-batch-main\spring-batch-infrastructure\src\test\java\org\springframework\batch\item\avro\support\AvroItemWriterTestSupport.java,org.springframework.batch.item.avro.support.AvroItemWriterTestSupport,class,10,13,3,10,4,2,2,13,3,0.0,0.0,0.0,3,0,0,1,2,0,2,0,0,0,0,0,0,0,0,0,0,0,0,59,0,1,1,0,1,0,5,4,0,4,1,0,1,0,38,1025,0
C:\Users\All Five Projects\spring-batch-main\spring-batch-core\src\test\java\org\springframework\batch\core\configuration\xml\RepositoryJobParserTests.java,org.springframework.batch.core.configuration.xml.RepositoryJobParserTests,class,8,8,0,8,1,1,0,8,0,0.0,NaN,NaN,1,0,0,0,0,1,1,0,0,0,2,0,0,2,0,0,0,0,0,11,0,0,0,0,0,1,1,1,0,3,0,0,0,0,20,0,0
C:\Users\All Five Projects\spring-batch-main\spring-batch-infrastructure\src\test\java\org\springframework\batch\item\validator\SpringValidatorTests.java,org.springframework.batch.item.validator.SpringValidatorTests,class,7,7,0,7,7,1,0,7,0,0.0,1.0,1.0,7,0,0,0,0,7,7,0,0,0,1,0,0,1,0,0,1,0,0,73,0,0,0,0,0,6,1,5,0,5,0,0,2,4,54,0,0
C:\Users\All Five Projects\spring-batch-main\spring-batch-core\src\main\java\org\springframework\batch\core\configuration\support\GenericApplicationContextFactory.java,org.springframework.batch.core.configuration.support.GenericApplicationContextFactory$ResourceAnnotationApplicationContext$1ResourceAnnotationApplicationContextHelper,innerclass,4,4,0,4,6,2,0,9,3,0.0,0.0,0.0,3,0,1,0,2,0,3,0,0,0,0,0,0,0,0,0,0,0,4,28,2,1,0,0,0,0,3,4,0,4,2,0,0,0,23,0,0
C:\Users\All Five Projects\spring-batch-main\spring-batch-core\src\main\java\org\springframework\batch\core\partition\support\PartitionStep.java,org.springframework.batch.core.partition.support.PartitionStep,class,7,8,1,7,10,2,0,11,0,0.52380955,0.5714286,1.0,7,0,4,0,3,0,7,0,0,0,3,0,0,3,0,0,0,0,0,34,2,0,2,0,0,3,0,5,0,4,1,0,0,0,93,1,0
C:\Users\All Five Projects\spring-batch-main\spring-batch-infrastructure\src\test\java\org\springframework\batch\repeat\exception\CompositeExceptionHandlerTests.java,org.springframework.batch.repeat.exception.CompositeExceptionHandlerTests,class,4,4,0,4,2,1,0,7,0,0.0,1.0,1.0,2,0,0,0,0,2,2,0,0,0,1,0,0,1,0,0,1,0,0,14,0,0,0,0,0,4,3,2,0,6,0,0,0,3,16,0,0
C:\Users\All Five Projects\spring-batch-main\spring-batch-test\src\test\java\org\springframework\batch\test\JobScopeTestExecutionListenerTests.java,org.springframework.batch.test.JobScopeTestExecutionListenerTests,class,9,11,2,9,6,2,0,15,9,0.5,0.0,0.0,6,0,0,3,0,3,3,0,0,0,1,0,0,1,0,0,1,0,0,65,1,0,0,2,0,4,0,7,0,7,1,0,2,0,26,0,0
C:\Users\All Five Projects\spring-batch-main\spring-batch-core\src\main\java\org\springframework\batch\core\scope\context\JobContext.java,org.springframework.batch.core.scope.context.JobContext,class,9,16,7,9,26,2,0,34,29,0.60714287,0.37179488,0.37179488,14,0,13,1,0,0,13,0,0,0,2,0,0,2,0,0,2,0,3,93,14,3,5,1,1,9,1,8,4,9,4,0,0,1,157,1,0
C:\Users\All Five Projects\spring-batch-main\spring-batch-test\src\test\java\org\springframework\batch\test\JobLauncherTestUtilsTests.java,org.springframework.batch.test.JobLauncherTestUtilsTests$TestJobConfiguration,innerclass,14,14,0,14,5,1,0,12,10,0.0,0.0,0.0,5,0,5,0,0,0,5,0,0,0,0,0,0,0,0,0,0,0,0,26,5,0,0,0,0,4,0,1,0,1,0,1,0,0,29,8,0
C:\Users\All Five Projects\spring-batch-main\spring-batch-core\src\test\java\org\springframework\batch\core\configuration\xml\FlowStepParserTests.java,org.springframework.batch.core.configuration.xml.FlowStepParserTests,class,11,12,1,11,6,1,0,12,0,0.68,1.0,1.0,5,0,0,1,0,4,4,0,0,0,5,0,0,5,0,0,0,0,0,65,1,1,0,0,0,9,5,11,0,14,1,0,1,0,31,0,0
C:\Users\All Five Projects\spring-batch-main\spring-batch-infrastructure\src\main\java\org\springframework\batch\item\database\builder\JdbcPagingItemReaderBuilder.java,org.springframework.batch.item.database.builder.JdbcPagingItemReaderBuilder,class,11,14,3,11,23,1,0,22,107,0.8526316,0.1871345,1.0,19,0,18,0,1,0,19,0,0,0,15,0,0,1,14,0,0,0,0,127,19,0,1,1,0,7,2,24,0,18,1,0,0,0,172,1,0
C:\Users\All Five Projects\spring-batch-main\spring-batch-samples\src\main\java\org\springframework\batch\samples\file\patternmatching\internal\xml\Order.java,org.springframework.batch.samples.file.patternmatching.internal.xml.Order,class,3,3,0,3,11,1,0,1,16,0.6944445,0.2777778,0.6111111,9,0,9,0,0,0,9,0,0,0,4,0,0,4,0,0,0,0,0,33,5,0,2,0,0,4,0,4,1,4,0,0,0,0,23,1,0
C:\Users\All Five Projects\spring-batch-main\spring-batch-core\src\test\java\org\springframework\batch\core\job\flow\FlowExecutionTests.java,org.springframework.batch.core.job.flow.FlowExecutionTests,class,3,3,0,3,16,1,0,5,15,0.0,0.0,0.0,6,0,0,0,0,6,6,0,0,0,0,0,0,0,0,0,0,0,0,37,0,0,0,0,0,32,10,11,0,11,0,0,0,0,22,0,0
C:\Users\All Five Projects\spring-batch-main\spring-batch-infrastructure\src\test\java\org\springframework\batch\item\database\support\ColumnMapExecutionContextRowMapperTests.java,org.springframework.batch.item.database.support.ColumnMapExecutionContextRowMapperTests,class,3,3,0,3,3,1,0,4,0,0.11111111,1.0,1.0,3,0,0,0,0,3,3,0,0,0,3,0,0,3,0,0,0,0,0,20,0,0,0,0,0,2,7,3,0,3,0,0,0,0,30,0,0
C:\Users\All Five Projects\spring-batch-main\spring-batch-samples\src\test\java\org\springframework\batch\samples\skip\SkipSampleFunctionalTests.java,org.springframework.batch.samples.skip.SkipSampleFunctionalTests,class,21,22,1,21,13,1,0,35,25,0.79999995,0.04761905,0.04761905,10,0,2,3,0,5,7,0,0,0,4,0,0,4,0,0,0,0,2,94,2,1,1,1,0,32,21,23,1,26,1,0,0,0,182,0,0
C:\Users\All Five Projects\spring-batch-main\spring-batch-core\src\test\java\org\springframework\batch\core\scope\JobScopeProxyTargetClassIntegrationTests.java,org.springframework.batch.core.scope.JobScopeProxyTargetClassIntegrationTests,class,12,12,0,12,4,1,0,9,0,0.5,0.6666667,1.0,4,0,1,0,0,3,4,0,0,0,4,0,0,4,0,0,0,0,0,27,0,0,0,0,0,7,1,4,0,5,0,0,0,0,33,1,0
C:\Users\All Five Projects\spring-batch-main\spring-batch-core\src\main\java\org\springframework\batch\core\step\tasklet\TaskletStep.java,org.springframework.batch.core.step.tasklet.TaskletStep,class,21,44,23,21,21,2,0,18,114,0.9019608,0.080882356,0.16176471,17,0,13,0,4,0,17,0,0,0,9,2,1,8,0,0,4,0,0,228,2,2,1,0,0,2,1,13,0,10,1,2,1,0,231,1,0
C:\Users\All Five Projects\spring-batch-main\spring-batch-samples\src\test\java\org\springframework\batch\samples\filter\CustomerFilterJobFunctionalTests.java,org.springframework.batch.samples.filter.CustomerFilterJobFunctionalTests$Customer,innerclass,1,1,0,1,13,1,0,4,0,0.2,0.9,1.0,5,0,5,0,0,0,5,0,0,0,2,0,0,2,0,0,2,0,3,35,10,0,7,0,4,0,4,8,5,6,2,0,0,0,24,10,0
C:\Users\All Five Projects\spring-batch-main\spring-batch-core\src\main\java\org\springframework\batch\core\step\FatalStepExecutionException.java,org.springframework.batch.core.step.FatalStepExecutionException,class,1,4,3,1,1,5,0,0,0,0.0,NaN,NaN,1,0,1,0,0,0,1,0,0,0,0,0,0,0,0,0,0,0,0,5,0,0,0,0,0,0,0,0,0,0,0,0,0,0,22,1,0
C:\Users\All Five Projects\spring-batch-main\spring-batch-core\src\test\java\org\springframework\batch\core\step\item\FaultTolerantStepFactoryBeanRetryTests.java,org.springframework.batch.core.step.item.FaultTolerantStepFactoryBeanRetryTests,class,30,31,1,30,29,1,0,67,0,0.5113636,0.9809524,1.0,16,0,0,1,0,15,15,0,0,0,11,0,0,7,1,3,6,0,17,483,1,4,3,0,2,93,77,84,11,92,3,14,0,11,157,0,6
C:\Users\All Five Projects\spring-batch-main\spring-batch-core\src\test\java\org\springframework\batch\core\scope\context\StepContextRepeatCallbackTests.java,org.springframework.batch.core.scope.context.StepContextRepeatCallbackTests,class,5,5,0,5,3,1,0,7,1,0.5555556,0.33333334,0.33333334,3,0,0,0,0,3,3,0,0,0,3,0,0,3,0,0,1,0,0,42,0,0,0,0,0,1,2,5,0,5,0,2,0,0,31,0,0
C:\Users\All Five Projects\spring-batch-main\spring-batch-infrastructure\src\main\java\org\springframework\batch\item\data\MongoCursorItemReader.java,org.springframework.batch.item.data.MongoCursorItemReader,class,15,18,3,15,34,2,0,30,162,0.87912095,0.10294118,0.33088234,21,0,14,4,3,0,17,0,0,0,13,0,0,13,0,0,0,0,0,142,5,1,9,0,0,7,0,25,0,21,1,1,0,0,154,1,0
C:\Users\All Five Projects\spring-batch-main\spring-batch-infrastructure\src\main\java\org\springframework\batch\item\database\support\DerbyPagingQueryProvider.java,org.springframework.batch.item.database.support.DerbyPagingQueryProvider,class,3,5,2,3,4,2,0,8,3,0.0,0.0,0.0,3,0,2,1,0,0,2,0,0,0,0,0,0,0,0,0,0,0,3,16,4,0,0,0,0,2,0,0,0,0,1,0,0,0,40,1,0
C:\Users\All Five Projects\spring-batch-main\spring-batch-core\src\main\java\org\springframework\batch\core\explore\support\AbstractJobExplorerFactoryBean.java,org.springframework.batch.core.explore.support.AbstractJobExplorerFactoryBean,class,15,19,4,15,13,1,2,16,50,0.8333333,0.14545454,0.18181819,12,0,7,1,4,0,11,4,0,0,5,2,0,5,0,0,3,0,1,49,5,0,1,0,1,7,0,9,2,8,1,0,0,0,118,1025,0
C:\Users\All Five Projects\spring-batch-main\spring-batch-core\src\test\java\org\springframework\batch\core\listener\CompositeStepExecutionListenerTests.java,org.springframework.batch.core.listener.CompositeStepExecutionListenerTests,class,5,5,0,5,3,1,0,6,0,0.0,1.0,1.0,3,0,0,0,0,3,3,0,0,0,2,0,0,2,0,0,2,0,0,47,0,0,0,0,0,3,5,6,0,6,0,4,0,0,23,0,0
C:\Users\All Five Projects\spring-batch-main\spring-batch-core\src\main\java\org\springframework\batch\core\observability\BatchJobObservation.java,org.springframework.batch.core.observability.BatchJobObservation$JobHighCardinalityTags,enum,0,0,0,0,0,1,0,0,0,0.0,-1.0,-1.0,0,0,0,0,0,0,0,0,0,0,0,0,0,0,0,0,0,0,0,13,0,0,0,0,0,0,0,0,0,0,0,2,0,0,26,0,0
C:\Users\All Five Projects\spring-batch-main\spring-batch-core\src\main\java\org\springframework\batch\core\step\item\SimpleChunkProvider.java,org.springframework.batch.core.step.item.SimpleChunkProvider,class,15,20,5,15,16,1,0,27,27,0.78000003,0.22222222,0.41666666,10,0,6,1,3,0,9,0,1,0,5,0,0,3,2,0,4,0,0,78,7,1,2,2,0,7,0,13,5,12,2,0,0,1,123,1,1
C:\Users\All Five Projects\spring-batch-main\spring-batch-infrastructure\src\main\java\org\springframework\batch\repeat\support\TaskExecutorRepeatTemplate.java,org.springframework.batch.repeat.support.TaskExecutorRepeatTemplate$ExecutingRunnable,innerclass,7,7,0,7,11,1,0,11,1,0.6,0.46666667,1.0,6,0,6,0,0,0,6,0,0,0,5,0,0,5,0,0,3,0,4,53,3,0,1,2,0,2,0,7,1,6,2,0,0,0,66,2,1
C:\Users\All Five Projects\spring-batch-main\spring-batch-core\src\test\java\org\springframework\batch\core\converter\JsonJobParametersConverterTests.java,org.springframework.batch.core.converter.JsonJobParametersConverterTests,class,3,3,0,3,5,1,0,9,10,0.0,0.0,0.0,5,0,0,0,0,5,5,0,0,0,0,0,0,0,0,0,0,0,0,41,0,0,0,0,0,10,0,15,0,15,0,0,0,0,21,0,0
C:\Users\All Five Projects\spring-batch-main\spring-batch-integration\src\test\java\org\springframework\batch\integration\retry\RepeatTransactionalPollingIntegrationTests.java,org.springframework.batch.integration.retry.RepeatTransactionalPollingIntegrationTests,class,10,11,1,10,13,1,0,17,0,0.5535714,0.7619048,1.0,8,0,4,1,0,3,7,0,0,0,7,5,0,7,0,0,3,0,5,62,3,1,0,0,0,10,8,13,4,9,1,0,0,0,45,0,3
C:\Users\All Five Projects\spring-batch-main\spring-batch-infrastructure\src\test\java\org\springframework\batch\item\redis\RedisItemReaderTests.java,org.springframework.batch.item.redis.RedisItemReaderTests,class,9,9,0,9,1,1,0,11,0,0.0,NaN,NaN,1,0,0,0,0,1,1,0,0,0,3,0,0,3,0,0,0,0,0,20,0,0,0,0,0,8,0,4,0,7,0,0,0,0,19,1,0
C:\Users\All Five Projects\spring-batch-main\spring-batch-samples\src\main\java\org\springframework\batch\samples\file\json\JsonJobConfiguration.java,org.springframework.batch.samples.file.json.JsonJobConfiguration,class,22,23,1,22,4,1,0,11,6,0.0,0.0,0.0,4,0,4,0,0,0,4,0,0,0,0,0,0,0,0,0,0,0,0,14,4,0,0,0,0,7,1,0,0,0,0,0,0,0,22,1,0
C:\Users\All Five Projects\spring-batch-main\spring-batch-core\src\main\java\org\springframework\batch\core\JobExecution.java,org.springframework.batch.core.JobExecution,class,9,65,56,9,40,2,0,29,401,0.8649351,0.1657754,0.9411765,35,0,33,1,0,1,34,0,0,2,11,0,0,11,0,0,1,0,4,145,18,1,4,0,0,1,0,34,1,13,1,0,0,0,193,1,0
C:\Users\All Five Projects\spring-batch-main\spring-batch-core\src\main\java\org\springframework\batch\core\listener\MulticasterBatchListener.java,org.springframework.batch.core.listener.MulticasterBatchListener,class,22,24,2,22,44,1,0,27,138,0.80952376,0.18947369,0.9,21,0,20,1,0,0,20,0,0,0,6,0,0,6,0,0,6,0,0,168,3,1,1,14,1,18,0,11,0,11,1,0,0,0,90,1,0
C:\Users\All Five Projects\spring-batch-main\spring-batch-core\src\test\java\org\springframework\batch\core\job\JobSupport.java,org.springframework.batch.core.job.JobSupport,class,9,21,12,9,18,1,0,8,69,0.78333336,0.17142858,0.17142858,15,0,15,0,0,0,15,0,0,0,4,0,0,4,0,0,1,0,0,61,6,1,2,0,0,6,0,9,2,5,1,0,0,0,108,1,0
C:\Users\All Five Projects\spring-batch-main\spring-batch-core\src\test\java\org\springframework\batch\core\configuration\annotation\JobScopeConfigurationTests.java,org.springframework.batch.core.configuration.annotation.JobScopeConfigurationTests$TaskletSupport,innerclass,5,5,0,5,1,1,0,0,0,0.0,NaN,NaN,1,0,1,0,0,0,1,0,0,0,0,0,0,0,0,0,0,0,0,5,1,0,0,0,0,0,0,0,0,0,0,0,0,0,11,9,0
C:\Users\All Five Projects\spring-batch-main\spring-batch-core\src\test\java\org\springframework\batch\core\repository\support\MongoDBJobExplorerIntegrationTests.java,org.springframework.batch.core.repository.support.MongoDBJobExplorerIntegrationTests,class,21,21,0,21,4,1,0,25,6,0.875,0.0,0.0,4,2,0,0,0,4,4,0,0,0,2,2,1,1,0,0,1,0,5,34,0,0,0,0,0,24,3,9,0,9,0,0,0,0,55,1,0
C:\Users\All Five Projects\spring-batch-main\spring-batch-infrastructure\src\test\java\org\springframework\batch\item\file\transform\FormatterLineAggregatorTests.java,org.springframework.batch.item.file.transform.FormatterLineAggregatorTests$Anonymous1,anonymous,4,4,0,4,3,1,0,5,0,0.0,NaN,NaN,1,0,1,0,0,0,1,0,0,0,1,0,0,1,0,0,1,0,0,15,1,1,0,0,1,1,6,6,3,4,2,0,0,0,8,-1,0
C:\Users\All Five Projects\spring-batch-main\spring-batch-infrastructure\src\test\java\org\springframework\batch\item\file\transform\FormatterLineAggregatorTests.java,org.springframework.batch.item.file.transform.FormatterLineAggregatorTests$Anonymous2,anonymous,4,4,0,4,3,1,0,5,0,0.0,NaN,NaN,1,0,1,0,0,0,1,0,0,0,1,0,0,1,0,0,1,0,0,15,1,1,0,0,0,1,4,6,1,4,2,0,0,0,8,-1,0
C:\Users\All Five Projects\spring-batch-main\spring-batch-core\src\main\java\org\springframework\batch\core\job\builder\SimpleJobBuilder.java,org.springframework.batch.core.job.builder.SimpleJobBuilder,class,14,16,2,14,22,2,0,16,0,0.25,0.75,0.75,8,0,8,0,0,0,8,0,0,0,2,0,0,2,0,0,1,0,0,93,8,4,7,1,0,1,2,8,0,3,2,0,0,0,77,1,0
C:\Users\All Five Projects\spring-batch-main\spring-batch-core\src\main\java\org\springframework\batch\core\step\factory\SimpleStepFactoryBean.java,org.springframework.batch.core.step.factory.SimpleStepFactoryBean$Anonymous1,anonymous,0,0,0,0,1,1,0,0,0,0.0,NaN,NaN,1,0,1,0,0,0,1,0,0,0,0,0,0,0,0,0,0,0,0,5,1,0,0,0,0,0,0,0,0,0,0,0,0,0,22,-1,0
C:\Users\All Five Projects\spring-batch-main\spring-batch-infrastructure\src\test\java\org\springframework\batch\item\file\FlatFileParseExceptionTests.java,org.springframework.batch.item.file.FlatFileParseExceptionTests,class,3,3,0,3,3,2,0,4,3,0.0,0.0,0.0,3,0,0,0,2,1,3,0,0,0,0,0,0,0,0,0,0,0,0,14,2,0,0,0,0,6,3,1,0,1,0,0,0,0,18,0,0
C:\Users\All Five Projects\spring-batch-main\spring-batch-infrastructure\src\test\java\org\springframework\batch\item\jms\JmsNewMethodArgumentsIdentifierTests.java,org.springframework.batch.item.jms.JmsNewMethodArgumentsIdentifierTests,class,3,3,0,3,2,1,0,6,0,0.0,1.0,1.0,2,0,0,0,0,2,2,0,0,0,1,0,0,1,0,0,1,0,0,11,0,0,0,0,0,1,0,2,0,2,0,0,0,0,26,0,0
C:\Users\All Five Projects\spring-batch-main\spring-batch-infrastructure\src\main\java\org\springframework\batch\item\database\support\SqlPagingQueryUtils.java,org.springframework.batch.item.database.support.SqlPagingQueryUtils,class,3,17,14,3,33,1,0,22,91,0.0,0.0,0.0,14,13,11,3,0,0,11,0,0,0,0,0,0,0,0,0,0,0,24,173,10,4,11,0,0,75,4,20,6,17,2,0,0,0,131,1025,0
C:\Users\All Five Projects\spring-batch-main\spring-batch-infrastructure\src\test\java\org\springframework\batch\item\redis\builder\RedisItemWriterBuilderTests.java,org.springframework.batch.item.redis.builder.RedisItemWriterBuilderTests$RedisItemKeyMapper,innerclass,1,1,0,1,1,1,0,0,0,0.0,NaN,NaN,1,0,1,0,0,0,1,0,0,0,0,0,0,0,0,0,0,0,0,5,1,0,0,0,0,0,0,0,0,0,0,0,0,0,6,8,0
C:\Users\All Five Projects\spring-batch-main\spring-batch-core\src\main\java\org\springframework\batch\core\listener\ExecutionContextPromotionListener.java,org.springframework.batch.core.listener.ExecutionContextPromotionListener,class,6,6,0,6,12,1,0,11,0,0.4666667,0.6,1.0,5,0,5,0,0,0,5,0,0,0,3,0,0,3,0,0,0,0,0,41,1,2,2,0,0,6,0,9,1,6,5,0,0,0,99,1,0
C:\Users\All Five Projects\spring-batch-main\spring-batch-infrastructure\src\test\java\org\springframework\batch\item\support\IteratorItemReaderTests.java,org.springframework.batch.item.support.IteratorItemReaderTests,class,2,2,0,2,2,1,0,5,1,0.0,0.0,0.0,2,0,0,0,0,2,2,0,0,0,0,0,0,0,0,0,0,0,2,16,0,0,0,0,0,12,0,2,0,2,0,0,0,0,10,0,0
C:\Users\All Five Projects\spring-batch-main\spring-batch-core\src\test\java\org\springframework\batch\core\job\flow\support\state\EndStateTests.java,org.springframework.batch.core.job.flow.support.state.EndStateTests$Anonymous2,anonymous,1,1,0,1,1,1,0,0,0,0.0,NaN,NaN,1,0,1,0,0,0,1,0,0,0,0,0,0,0,0,0,0,0,0,5,1,0,0,0,0,0,0,0,0,0,0,0,0,0,4,-1,0
C:\Users\All Five Projects\spring-batch-main\spring-batch-core\src\test\java\org\springframework\batch\core\job\flow\support\state\EndStateTests.java,org.springframework.batch.core.job.flow.support.state.EndStateTests$Anonymous1,anonymous,1,1,0,1,1,1,0,0,0,0.0,NaN,NaN,1,0,1,0,0,0,1,0,0,0,0,0,0,0,0,0,0,0,0,5,1,0,0,0,0,0,0,0,0,0,0,0,0,0,4,-1,0
C:\Users\All Five Projects\spring-batch-main\spring-batch-core\src\test\java\org\springframework\batch\core\listener\StepListenerFactoryBeanTests.java,org.springframework.batch.core.listener.StepListenerFactoryBeanTests$Anonymous8,anonymous,0,0,0,0,1,1,0,0,0,0.0,NaN,NaN,1,0,1,0,0,0,1,0,0,0,0,0,0,0,0,0,0,0,0,5,0,0,0,0,0,1,0,1,0,0,0,0,0,0,4,-1,0
C:\Users\All Five Projects\spring-batch-main\spring-batch-core\src\test\java\org\springframework\batch\core\partition\ExampleItemWriter.java,org.springframework.batch.core.partition.ExampleItemWriter,class,4,6,2,4,3,1,0,5,0,0.33333334,1.0,1.0,3,2,3,0,0,0,3,0,0,0,2,2,0,2,0,0,2,0,0,14,1,0,0,0,0,0,0,2,0,2,0,0,0,0,18,1,1
C:\Users\All Five Projects\spring-batch-main\spring-batch-core\src\test\java\org\springframework\batch\core\listener\StepListenerFactoryBeanTests.java,org.springframework.batch.core.listener.StepListenerFactoryBeanTests$Anonymous9,anonymous,1,1,0,1,1,1,0,3,0,0.0,NaN,NaN,1,0,1,0,0,0,1,0,0,0,0,0,0,0,0,0,0,0,0,7,0,0,0,0,0,3,2,1,0,0,0,0,0,0,7,-1,0
C:\Users\All Five Projects\spring-batch-main\spring-batch-core\src\test\java\org\springframework\batch\core\listener\StepListenerFactoryBeanTests.java,org.springframework.batch.core.listener.StepListenerFactoryBeanTests$Anonymous6,anonymous,2,2,0,2,1,1,0,3,0,0.0,NaN,NaN,1,0,1,0,0,0,1,0,0,0,0,0,0,0,0,0,0,0,0,7,0,0,0,0,0,2,2,1,0,0,0,0,0,0,7,-1,0
C:\Users\All Five Projects\spring-batch-main\spring-batch-infrastructure\src\main\java\org\springframework\batch\item\kafka\builder\KafkaItemReaderBuilder.java,org.springframework.batch.item.kafka.builder.KafkaItemReaderBuilder,class,6,7,1,6,10,1,0,15,16,0.7460317,0.2777778,1.0,9,0,9,0,0,0,9,0,0,0,7,0,0,7,0,0,0,0,2,61,9,0,0,0,0,11,1,11,4,8,1,0,0,0,97,1,0
C:\Users\All Five Projects\spring-batch-main\spring-batch-core\src\test\java\org\springframework\batch\core\listener\StepListenerFactoryBeanTests.java,org.springframework.batch.core.listener.StepListenerFactoryBeanTests$Anonymous7,anonymous,1,1,0,1,1,1,0,0,0,0.0,NaN,NaN,1,0,1,0,0,0,1,0,0,0,0,0,0,0,0,0,0,0,0,5,0,0,0,0,0,0,0,1,0,0,0,0,0,0,6,-1,0
C:\Users\All Five Projects\spring-batch-main\spring-batch-core\src\test\java\org\springframework\batch\core\repository\support\SimpleJobRepositoryProxyTests.java,org.springframework.batch.core.repository.support.SimpleJobRepositoryProxyTests$Advice,innerclass,2,2,0,2,1,1,0,1,0,0.0,NaN,NaN,1,0,1,0,0,0,1,0,0,0,1,0,0,1,0,0,0,0,0,7,1,0,0,0,0,0,0,1,0,1,0,0,0,0,10,9,0
C:\Users\All Five Projects\spring-batch-main\spring-batch-core\src\test\java\org\springframework\batch\core\test\football\internal\JdbcGameDao.java,org.springframework.batch.core.test.football.internal.JdbcGameDao,class,7,7,0,7,3,2,0,21,0,0.0,1.0,1.0,2,0,1,0,1,0,2,0,0,0,1,0,0,1,0,0,0,0,0,13,0,1,0,0,0,31,0,2,0,2,1,0,0,0,19,1,0
C:\Users\All Five Projects\spring-batch-main\spring-batch-core\src\test\java\org\springframework\batch\core\launch\JobParametersNotFoundExceptionTests.java,org.springframework.batch.core.launch.JobParametersNotFoundExceptionTests,class,2,2,0,2,2,3,0,0,1,0.0,0.0,0.0,2,0,2,0,0,0,2,0,0,0,0,0,0,0,0,0,0,0,0,8,2,0,0,0,0,0,0,0,0,0,0,0,0,0,13,1,0
C:\Users\All Five Projects\spring-batch-main\spring-batch-core\src\test\java\org\springframework\batch\core\repository\dao\OptimisticLockingFailureTests.java,org.springframework.batch.core.repository.dao.OptimisticLockingFailureTests$SleepingTasklet,innerclass,5,5,0,5,1,1,0,1,0,0.0,NaN,NaN,1,0,1,0,0,0,1,0,0,0,0,0,0,0,0,0,0,0,1,6,1,0,0,0,0,0,1,0,0,0,0,0,0,0,13,9,0
C:\Users\All Five Projects\spring-batch-main\spring-batch-core\src\test\java\org\springframework\batch\core\step\item\SimpleChunkProcessorTests.java,org.springframework.batch.core.step.item.SimpleChunkProcessorTests$Anonymous2,anonymous,3,3,0,3,2,1,0,3,0,0.0,NaN,NaN,1,0,1,0,0,0,1,0,0,0,0,0,0,0,0,0,0,0,0,8,0,0,0,0,0,2,0,0,0,0,1,0,0,0,5,-1,0
C:\Users\All Five Projects\spring-batch-main\spring-batch-core\src\test\java\org\springframework\batch\core\configuration\annotation\BatchRegistrarTests.java,org.springframework.batch.core.configuration.annotation.BatchRegistrarTests$CustomJobKeyGeneratorConfiguration$TestCustomJobKeyGenerator,innerclass,1,1,0,1,1,1,0,0,0,0.0,NaN,NaN,1,0,1,0,0,0,1,0,0,0,0,0,0,0,0,0,0,0,0,5,1,0,0,0,0,1,0,0,0,0,0,0,0,0,8,2,0
C:\Users\All Five Projects\spring-batch-main\spring-batch-core\src\test\java\org\springframework\batch\core\step\item\SimpleChunkProcessorTests.java,org.springframework.batch.core.step.item.SimpleChunkProcessorTests$Anonymous1,anonymous,3,3,0,3,2,1,0,1,0,0.0,NaN,NaN,1,0,1,0,0,0,1,0,0,0,0,0,0,0,0,0,0,0,0,8,2,0,0,0,0,1,0,0,0,0,1,0,0,0,4,-1,0
C:\Users\All Five Projects\spring-batch-main\spring-batch-core\src\test\java\org\springframework\batch\core\launch\support\RunIdIncrementerTests.java,org.springframework.batch.core.launch.support.RunIdIncrementerTests,class,4,4,0,4,5,1,0,10,0,0.0,1.0,1.0,5,0,0,0,0,5,5,0,0,0,1,0,0,1,0,0,1,0,1,27,0,0,0,0,0,14,5,7,0,7,0,0,0,1,31,0,0
C:\Users\All Five Projects\spring-batch-main\spring-batch-infrastructure\src\test\java\org\springframework\batch\item\file\FlatFileItemWriterTests.java,org.springframework.batch.item.file.FlatFileItemWriterTests,class,18,19,1,18,52,1,0,51,0,0.55,0.85210085,0.88739496,40,0,0,5,0,35,35,0,0,0,5,1,0,5,0,0,1,0,1,466,8,3,3,5,0,131,11,45,16,47,2,0,0,21,173,0,0
C:\Users\All Five Projects\spring-batch-main\spring-batch-core\src\test\java\org\springframework\batch\core\step\tasklet\TestingChunkOrientedTasklet.java,org.springframework.batch.core.step.tasklet.TestingChunkOrientedTasklet,class,10,15,5,10,4,2,0,1,3,0.6666667,0.0,0.0,3,0,3,0,0,0,4,0,0,0,1,1,0,1,0,0,1,0,0,15,0,0,0,0,0,0,1,1,0,1,0,0,0,0,44,1,0
C:\Users\All Five Projects\spring-batch-main\spring-batch-samples\src\main\java\org\springframework\batch\samples\misc\jmx\JobExecutionNotificationPublisher.java,org.springframework.batch.samples.misc.jmx.JobExecutionNotificationPublisher,class,6,7,1,6,4,1,0,6,1,0.5555556,0.0,0.0,3,0,2,1,0,0,2,0,0,0,3,1,0,3,0,0,1,0,0,20,0,0,1,0,0,1,1,5,0,5,1,0,0,0,53,1,1
C:\Users\All Five Projects\spring-batch-main\spring-batch-infrastructure\src\main\java\org\springframework\batch\repeat\support\ResultQueue.java,org.springframework.batch.repeat.support.ResultQueue,interface,1,6,5,1,5,1,0,0,10,0.0,0.0,0.0,5,0,0,0,0,5,5,0,0,0,0,0,0,0,0,0,0,0,0,7,0,0,0,0,0,1,0,0,0,0,0,0,0,0,145,0,0
C:\Users\All Five Projects\spring-batch-main\spring-batch-infrastructure\src\test\java\org\springframework\batch\item\redis\builder\RedisItemWriterBuilderTests.java,org.springframework.batch.item.redis.builder.RedisItemWriterBuilderTests,class,10,10,0,10,4,1,0,10,0,0.375,0.6666667,1.0,4,0,0,0,0,4,4,0,0,0,2,0,0,2,0,0,0,0,0,29,0,0,0,0,0,5,0,7,0,8,0,0,1,0,28,1,0
C:\Users\All Five Projects\spring-batch-main\spring-batch-core\src\test\java\org\springframework\batch\core\job\SimpleJobTests.java,org.springframework.batch.core.job.SimpleJobTests$StubStep,innerclass,5,5,0,5,8,2,0,11,0,0.6,0.5,1.0,4,0,4,0,0,0,4,0,0,0,5,0,0,5,0,0,1,0,0,50,2,0,1,0,1,4,0,5,0,5,1,0,0,0,28,10,0
C:\Users\All Five Projects\spring-batch-main\spring-batch-infrastructure\src\test\java\org\springframework\batch\item\xml\stax\UnopenedElementClosingEventWriterTests.java,org.springframework.batch.item.xml.stax.UnopenedElementClosingEventWriterTests,class,3,3,0,3,6,1,0,17,0,0.39583334,1.0,1.0,6,0,0,0,0,6,6,0,0,0,8,0,0,8,0,0,5,0,1,59,0,0,0,0,0,15,3,16,0,15,0,0,0,1,44,0,0
C:\Users\All Five Projects\spring-batch-main\spring-batch-core\src\test\java\org\springframework\batch\core\configuration\annotation\JobLoaderConfigurationTests.java,org.springframework.batch.core.configuration.annotation.JobLoaderConfigurationTests$TestConfiguration$Anonymous1,anonymous,4,4,0,4,1,1,0,0,0,0.0,NaN,NaN,1,0,1,0,0,0,1,0,0,0,0,0,0,0,0,0,0,0,0,5,1,0,0,0,0,0,0,0,0,0,0,0,0,0,9,-1,0
C:\Users\All Five Projects\spring-batch-main\spring-batch-infrastructure\src\main\java\org\springframework\batch\item\amqp\AmqpItemWriter.java,org.springframework.batch.item.amqp.AmqpItemWriter,class,4,6,2,4,4,1,0,7,0,0.25,1.0,1.0,2,0,2,0,0,0,2,0,0,0,2,0,0,2,0,0,2,0,0,16,0,1,0,0,0,3,0,2,1,2,1,0,0,0,49,1,1
C:\Users\All Five Projects\spring-batch-main\spring-batch-core\src\main\java\org\springframework\batch\core\observability\DefaultBatchStepObservationConvention.java,org.springframework.batch.core.observability.DefaultBatchStepObservationConvention,class,4,5,1,4,2,1,0,11,1,0.0,0.0,0.0,2,0,2,0,0,0,2,0,0,0,0,0,0,0,0,0,0,0,1,10,2,0,0,0,0,0,0,2,0,2,0,0,0,0,20,1,0
C:\Users\All Five Projects\spring-batch-main\spring-batch-core\src\test\java\org\springframework\batch\core\listener\ItemListenerErrorTests.java,org.springframework.batch.core.listener.ItemListenerErrorTests$FailingItemReader,innerclass,3,3,0,3,4,1,0,2,0,0.44444445,0.6666667,1.0,3,0,3,0,0,0,3,0,0,0,3,0,0,3,0,0,1,0,1,20,2,0,0,0,0,2,1,4,0,3,1,0,0,0,18,9,0
C:\Users\All Five Projects\spring-batch-main\spring-batch-core\src\main\java\org\springframework\batch\core\repository\support\SimpleJobRepository.java,org.springframework.batch.core.repository.support.SimpleJobRepository,class,18,22,4,18,43,1,0,55,29,0.67826086,0.50476193,0.9047619,23,0,20,2,0,1,21,0,0,0,5,1,0,5,0,0,1,0,5,178,11,5,10,0,1,23,0,22,4,20,3,0,0,0,163,1,2
C:\Users\All Five Projects\spring-batch-main\spring-batch-infrastructure\src\main\java\org\springframework\batch\repeat\RepeatContext.java,org.springframework.batch.repeat.RepeatContext,interface,2,32,30,2,8,1,0,0,28,0.0,0.0,0.0,8,0,0,0,0,8,8,0,0,0,0,0,0,0,0,0,0,0,0,10,0,0,0,0,0,0,0,0,0,0,0,0,0,0,111,1,0
C:\Users\All Five Projects\spring-batch-main\spring-batch-infrastructure\src\test\java\org\springframework\batch\support\transaction\TransactionAwareMapFactoryTests.java,org.springframework.batch.support.transaction.TransactionAwareMapFactoryTests,class,6,6,0,6,14,1,0,20,0,0.21428572,1.0,1.0,14,0,0,0,0,14,14,0,0,0,2,0,0,2,0,0,1,0,0,104,5,0,0,0,0,22,15,6,0,14,1,0,0,11,32,0,0
C:\Users\All Five Projects\spring-batch-main\spring-batch-core\src\test\java\org\springframework\batch\core\listener\StepListenerFactoryBeanTests.java,org.springframework.batch.core.listener.StepListenerFactoryBeanTests$Anonymous1,anonymous,2,2,0,2,2,1,0,0,1,0.0,0.0,0.0,2,0,2,0,0,0,2,0,0,0,0,0,0,0,0,0,0,0,0,7,1,0,0,0,0,0,1,0,0,0,0,0,0,0,6,-1,0
C:\Users\All Five Projects\spring-batch-main\spring-batch-infrastructure\src\main\java\org\springframework\batch\item\adapter\ItemReaderAdapter.java,org.springframework.batch.item.adapter.ItemReaderAdapter,class,4,5,1,4,1,2,0,1,0,0.0,NaN,NaN,1,0,1,0,0,0,1,0,0,0,0,0,0,0,0,0,0,0,0,5,1,0,0,0,0,0,0,0,0,0,0,0,0,0,34,1,0
C:\Users\All Five Projects\spring-batch-main\spring-batch-core\src\test\java\org\springframework\batch\core\listener\StepListenerFactoryBeanTests.java,org.springframework.batch.core.listener.StepListenerFactoryBeanTests$Anonymous4,anonymous,2,2,0,2,2,1,0,0,1,0.0,0.0,0.0,2,0,2,0,0,0,2,0,0,0,0,0,0,0,0,0,0,0,0,6,0,0,0,0,0,0,0,0,0,0,0,0,0,0,8,-1,0
C:\Users\All Five Projects\spring-batch-main\spring-batch-core\src\test\java\org\springframework\batch\core\listener\StepListenerFactoryBeanTests.java,org.springframework.batch.core.listener.StepListenerFactoryBeanTests$Anonymous5,anonymous,1,1,0,1,1,1,0,0,0,0.0,NaN,NaN,1,0,1,0,0,0,1,0,0,0,0,0,0,0,0,0,0,0,0,5,0,0,0,0,0,0,0,1,0,0,0,0,0,0,4,-1,0
C:\Users\All Five Projects\spring-batch-main\spring-batch-core\src\test\java\org\springframework\batch\core\listener\StepListenerFactoryBeanTests.java,org.springframework.batch.core.listener.StepListenerFactoryBeanTests$Anonymous2,anonymous,2,2,0,2,2,1,0,0,1,0.0,0.0,0.0,2,0,2,0,0,0,2,0,0,0,0,0,0,0,0,0,0,0,0,6,0,0,0,0,0,0,0,0,0,0,0,0,0,0,8,-1,0
C:\Users\All Five Projects\spring-batch-main\spring-batch-core\src\test\java\org\springframework\batch\core\listener\StepListenerFactoryBeanTests.java,org.springframework.batch.core.listener.StepListenerFactoryBeanTests$Anonymous3,anonymous,2,2,0,2,1,1,0,0,0,0.0,NaN,NaN,1,0,1,0,0,0,1,0,0,0,0,0,0,0,0,0,0,0,0,4,0,0,0,0,0,0,0,0,0,0,0,0,0,0,4,-1,0
C:\Users\All Five Projects\spring-batch-main\spring-batch-core\src\test\java\org\springframework\batch\core\test\repository\H2CompatibilityModeJobRepositoryIntegrationTests.java,org.springframework.batch.core.test.repository.H2CompatibilityModeJobRepositoryIntegrationTests$TestConfiguration,innerclass,9,9,0,9,2,1,0,3,1,0.0,0.0,0.0,2,0,1,0,0,1,2,0,0,0,0,0,0,0,0,0,0,0,0,8,2,0,0,0,0,2,0,0,0,2,0,0,0,1,15,8,0
C:\Users\All Five Projects\spring-batch-main\spring-batch-infrastructure\src\main\java\org\springframework\batch\item\file\mapping\PassThroughLineMapper.java,org.springframework.batch.item.file.mapping.PassThroughLineMapper,class,1,2,1,1,1,1,0,0,0,0.0,NaN,NaN,1,0,1,0,0,0,1,0,0,0,0,0,0,0,0,0,0,0,0,5,1,0,0,0,0,0,0,0,0,0,0,0,0,0,18,1,0
C:\Users\All Five Projects\spring-batch-main\spring-batch-core\src\main\java\org\springframework\batch\core\configuration\support\ScopeConfiguration.java,org.springframework.batch.core.configuration.support.ScopeConfiguration,class,5,6,1,5,3,1,0,1,1,0.5,0.0,0.0,2,2,2,0,0,0,3,0,0,0,2,2,0,2,0,0,2,0,0,16,2,0,0,0,0,0,0,2,0,2,0,0,0,0,21,1,0
C:\Users\All Five Projects\spring-batch-main\spring-batch-integration\src\main\java\org\springframework\batch\integration\async\StepExecutionInterceptor.java,org.springframework.batch.integration.async.StepExecutionInterceptor,class,4,4,0,4,2,1,0,5,0,0.0,NaN,NaN,1,0,1,0,0,0,1,0,0,0,1,1,1,0,0,0,1,0,0,10,2,0,1,0,0,1,0,2,0,2,1,0,0,0,60,1,0
C:\Users\All Five Projects\spring-batch-main\spring-batch-samples\src\main\java\org\springframework\batch\samples\loom\JobConfigurationForRunningParallelStepsWithVirtualThreads.java,org.springframework.batch.samples.loom.JobConfigurationForRunningParallelStepsWithVirtualThreads,class,15,17,2,15,4,1,0,10,6,0.0,0.0,0.0,4,0,3,1,0,0,3,0,0,0,0,0,0,0,0,0,0,0,0,21,5,0,0,0,0,8,0,3,1,5,1,0,0,1,43,1,0
C:\Users\All Five Projects\spring-batch-main\spring-batch-samples\src\main\java\org\springframework\batch\samples\domain\trade\CustomerUpdateFieldSetMapper.java,org.springframework.batch.samples.domain.trade.CustomerUpdateFieldSetMapper,class,4,4,0,4,2,1,0,4,0,0.0,NaN,NaN,1,0,1,0,0,0,1,0,0,0,0,0,0,0,0,0,0,0,1,11,2,0,1,0,0,0,3,3,0,3,1,0,0,0,19,1,0
C:\Users\All Five Projects\spring-batch-main\spring-batch-samples\src\main\java\org\springframework\batch\samples\skip\SkippableExceptionDuringProcessSample.java,org.springframework.batch.samples.skip.SkippableExceptionDuringProcessSample,class,17,19,2,17,8,1,0,16,13,0.6666667,0.06666667,0.06666667,6,0,6,0,0,0,6,0,0,0,1,0,0,1,0,0,1,0,1,42,6,1,0,0,0,7,9,1,4,3,2,1,0,2,32,1,0
C:\Users\All Five Projects\spring-batch-main\spring-batch-core\src\main\java\org\springframework\batch\core\configuration\JobRegistry.java,org.springframework.batch.core.configuration.JobRegistry,interface,2,10,8,2,2,1,0,0,1,0.0,0.0,0.0,2,0,0,0,0,2,2,0,0,0,0,0,0,0,0,0,0,0,0,4,0,0,0,0,0,0,0,0,0,0,0,0,0,0,43,1,0
C:\Users\All Five Projects\spring-batch-main\spring-batch-core\src\test\java\org\springframework\batch\core\configuration\xml\NextAttributeJobParserTests.java,org.springframework.batch.core.configuration.xml.NextAttributeJobParserTests,class,5,5,0,5,1,2,0,13,0,0.0,NaN,NaN,1,0,0,0,0,1,1,0,0,0,0,0,0,0,0,0,0,0,0,27,0,0,0,0,0,8,2,5,0,4,0,0,0,0,24,0,0
C:\Users\All Five Projects\spring-batch-main\spring-batch-samples\src\test\java\org\springframework\batch\samples\misc\quartz\JobLauncherDetailsTests.java,org.springframework.batch.samples.misc.quartz.JobLauncherDetailsTests$StubJob,innerclass,5,5,0,5,6,1,0,0,13,0.6666667,0.06666667,0.06666667,6,0,6,0,0,0,6,0,0,0,1,0,0,1,0,0,1,0,0,20,4,0,0,0,0,0,0,1,0,1,0,0,0,0,15,10,0
C:\Users\All Five Projects\spring-batch-main\spring-batch-core\src\main\java\org\springframework\batch\core\StepContribution.java,org.springframework.batch.core.StepContribution,class,3,31,28,3,23,1,0,5,145,0.8383839,0.18614718,0.82251084,22,0,22,0,0,0,22,0,0,0,9,0,0,9,0,0,2,0,0,81,14,0,0,0,1,8,5,10,5,9,1,0,0,0,78,1,0
C:\Users\All Five Projects\spring-batch-main\spring-batch-samples\src\main\java\org\springframework\batch\samples\common\StagingItemProcessor.java,org.springframework.batch.samples.common.StagingItemProcessor,class,8,8,0,8,6,1,0,4,0,0.0,1.0,1.0,4,0,4,0,0,0,4,0,0,0,1,0,0,1,0,0,0,0,0,19,1,0,2,0,0,5,1,3,1,2,1,0,0,0,80,1,0
C:\Users\All Five Projects\spring-batch-main\spring-batch-infrastructure\src\main\java\org\springframework\batch\item\file\builder\FlatFileItemReaderBuilder.java,org.springframework.batch.item.file.builder.FlatFileItemReaderBuilder$DelimitedBuilder,innerclass,7,7,0,7,14,1,0,24,18,0.7619048,0.25,1.0,9,0,8,0,1,0,9,0,0,0,7,0,0,7,0,0,3,0,2,72,8,1,1,1,0,3,1,15,0,12,2,0,0,0,103,9,0
C:\Users\All Five Projects\spring-batch-main\spring-batch-core\src\main\java\org\springframework\batch\core\observability\BatchStepObservation.java,org.springframework.batch.core.observability.BatchStepObservation,enum,0,0,0,0,0,1,0,0,0,0.0,-1.0,-1.0,0,0,0,0,0,0,0,0,0,0,0,0,0,0,0,0,0,0,0,50,0,0,0,0,0,0,0,0,0,0,0,1,2,0,28,1,0
C:\Users\All Five Projects\spring-batch-main\spring-batch-core\src\test\java\org\springframework\batch\core\configuration\annotation\JobLoaderConfigurationTests.java,org.springframework.batch.core.configuration.annotation.JobLoaderConfigurationTests$VanillaConfiguration$Anonymous2,anonymous,4,4,0,4,1,1,0,0,0,0.0,NaN,NaN,1,0,1,0,0,0,1,0,0,0,0,0,0,0,0,0,0,0,0,5,1,0,0,0,0,0,0,0,0,0,0,0,0,0,9,-1,0
C:\Users\All Five Projects\spring-batch-main\spring-batch-core\src\test\java\org\springframework\batch\core\observability\BatchMetricsTests.java,org.springframework.batch.core.observability.BatchMetricsTests,class,9,9,0,9,12,1,0,23,55,0.90909094,0.0,0.0,11,0,0,0,0,11,11,0,0,0,1,1,0,1,0,0,1,0,9,101,0,0,0,0,0,89,20,24,1,24,0,0,1,12,80,0,0
C:\Users\All Five Projects\spring-batch-main\spring-batch-core\src\main\java\org\springframework\batch\core\configuration\support\GroupAwareJob.java,org.springframework.batch.core.configuration.support.GroupAwareJob,class,6,9,3,6,12,1,0,10,0,0.56666666,1.0,1.0,10,0,10,0,0,0,10,0,0,0,3,1,0,3,0,0,3,0,0,40,8,0,1,0,1,3,0,3,2,3,1,0,0,0,84,1,0
C:\Users\All Five Projects\spring-batch-main\spring-batch-core\src\test\java\org\springframework\batch\core\test\football\internal\PlayerSummaryMapper.java,org.springframework.batch.core.test.football.internal.PlayerSummaryMapper,class,2,2,0,2,1,1,0,14,0,0.0,NaN,NaN,1,0,1,0,0,0,1,0,0,0,0,0,0,0,0,0,0,0,0,18,1,0,0,0,0,0,12,1,0,1,0,0,0,0,22,1,0
C:\Users\All Five Projects\spring-batch-main\spring-batch-core\src\test\java\org\springframework\batch\core\test\repository\MariaDBJobRepositoryIntegrationTests.java,org.springframework.batch.core.test.repository.MariaDBJobRepositoryIntegrationTests$TestConfiguration,innerclass,10,10,0,10,3,1,0,9,3,0.0,0.0,0.0,3,0,3,0,0,0,3,0,0,0,0,0,0,0,0,0,0,0,0,15,3,0,0,0,0,2,0,1,0,3,0,0,0,1,19,8,0
C:\Users\All Five Projects\spring-batch-main\spring-batch-infrastructure\src\main\java\org\springframework\batch\repeat\policy\CompositeCompletionPolicy.java,org.springframework.batch.repeat.policy.CompositeCompletionPolicy$CompositeBatchContext,innerclass,3,3,0,3,1,3,0,2,0,0.0,NaN,NaN,1,0,1,0,0,0,1,0,0,0,2,0,0,2,0,0,2,0,0,9,0,0,0,0,0,0,0,2,0,2,0,0,0,0,18,4,0
C:\Users\All Five Projects\spring-batch-main\spring-batch-core\src\test\java\org\springframework\batch\core\repository\dao\JdbcJobInstanceDaoCustomTests.java,org.springframework.batch.core.repository.dao.JdbcJobInstanceDaoCustomTests,class,7,7,0,7,3,1,0,6,1,0.5,0.0,0.0,2,0,2,0,0,0,2,0,0,0,2,0,0,2,0,0,0,0,0,13,0,0,1,0,0,3,0,2,0,4,0,0,0,0,23,1,0
C:\Users\All Five Projects\spring-batch-main\spring-batch-core\src\test\java\org\springframework\batch\core\step\StepSupport.java,org.springframework.batch.core.step.StepSupport,class,3,8,5,3,11,1,0,0,29,0.73333335,0.17777778,0.17777778,10,0,10,0,0,0,10,0,0,0,3,0,0,3,0,0,0,0,0,38,3,0,1,0,0,1,0,6,0,3,1,0,0,0,97,1,0
C:\Users\All Five Projects\spring-batch-main\spring-batch-infrastructure\src\main\java\org\springframework\batch\item\file\mapping\BeanWrapperFieldSetMapper.java,org.springframework.batch.item.file.mapping.BeanWrapperFieldSetMapper$DistanceHolder,innerclass,1,1,0,1,11,1,0,3,0,0.0,1.0,1.0,3,0,3,0,0,0,3,0,0,0,2,0,0,2,0,0,2,0,0,27,8,0,7,0,2,0,3,7,4,5,2,0,0,0,17,10,0
C:\Users\All Five Projects\spring-batch-main\spring-batch-core\src\test\java\org\springframework\batch\core\configuration\xml\AbstractTestComponent.java,org.springframework.batch.core.configuration.xml.AbstractTestComponent,class,0,15,15,0,2,1,9,0,1,0.5,0.0,0.0,2,0,2,0,0,0,2,0,0,0,1,0,0,0,1,0,0,0,0,9,1,0,0,0,0,0,0,1,0,1,0,0,0,0,7,1025,0
C:\Users\All Five Projects\spring-batch-main\spring-batch-core\src\test\java\org\springframework\batch\core\listener\ItemListenerErrorTests.java,org.springframework.batch.core.listener.ItemListenerErrorTests$FailingListener,innerclass,3,3,0,3,19,2,0,1,0,0.0,1.0,1.0,10,0,10,0,0,0,10,0,0,0,1,0,0,1,0,0,0,0,0,51,0,0,0,0,0,18,0,1,0,1,1,0,0,0,22,9,0
C:\Users\All Five Projects\spring-batch-main\spring-batch-core\src\main\java\org\springframework\batch\core\job\flow\support\state\FlowExecutionAggregator.java,org.springframework.batch.core.job.flow.support.state.FlowExecutionAggregator,interface,2,4,2,2,1,1,0,0,0,0.0,NaN,NaN,1,0,0,0,0,1,1,0,0,0,0,0,0,0,0,0,0,0,0,3,0,0,0,0,0,0,0,0,0,0,0,0,0,0,20,1,0
C:\Users\All Five Projects\spring-batch-main\spring-batch-core\src\main\java\org\springframework\batch\core\repository\dao\Jackson2ExecutionContextStringSerializer.java,org.springframework.batch.core.repository.dao.Jackson2ExecutionContextStringSerializer$JobParametersModule$JobParameterSerializer,innerclass,7,7,0,7,3,2,0,11,3,0.0,0.0,0.0,3,0,2,0,1,0,3,0,0,0,0,0,0,0,0,0,0,0,0,19,0,0,0,0,0,0,0,1,0,1,0,0,0,0,32,2,0
C:\Users\All Five Projects\spring-batch-main\spring-batch-test\src\main\java\org\springframework\batch\test\StepRunner.java,org.springframework.batch.test.StepRunner,class,14,17,3,14,10,1,0,14,5,0.71428573,0.7,1.0,7,0,5,2,0,0,5,0,0,0,4,1,1,2,1,0,4,0,0,52,6,0,1,1,0,3,0,7,0,7,1,1,0,0,140,1,0
C:\Users\All Five Projects\spring-batch-main\spring-batch-infrastructure\src\test\java\org\springframework\batch\item\avro\builder\AvroItemWriterBuilderTests.java,org.springframework.batch.item.avro.builder.AvroItemWriterBuilderTests,class,11,11,0,11,6,3,0,14,0,0.25,0.6666667,0.6666667,6,0,0,0,0,6,6,0,0,0,2,0,0,2,0,0,2,0,0,38,0,0,0,0,0,0,1,6,0,6,0,0,0,2,43,0,0
C:\Users\All Five Projects\spring-batch-main\spring-batch-integration\src\test\java\org\springframework\batch\integration\StepSupport.java,org.springframework.batch.integration.StepSupport,class,2,2,0,2,5,1,0,0,6,0.6,0.2,0.2,5,0,5,0,0,0,5,0,0,0,2,0,0,2,0,0,1,0,0,19,2,0,0,0,0,0,1,3,0,2,0,0,0,0,24,1,0
C:\Users\All Five Projects\spring-batch-main\spring-batch-infrastructure\src\test\java\org\springframework\batch\support\transaction\TransactionAwareSetFactoryTests.java,org.springframework.batch.support.transaction.TransactionAwareSetFactoryTests,class,6,6,0,6,10,1,0,16,0,0.2,1.0,1.0,10,0,0,0,0,10,10,0,0,0,2,0,0,2,0,0,1,0,1,74,3,0,0,0,0,14,10,5,0,11,1,0,0,9,28,0,0
C:\Users\All Five Projects\spring-batch-main\spring-batch-core\src\test\java\org\springframework\batch\core\configuration\xml\StopAndRestartWithCustomExitCodeJobParserTests.java,org.springframework.batch.core.configuration.xml.StopAndRestartWithCustomExitCodeJobParserTests,class,5,5,0,5,1,2,0,12,0,0.0,NaN,NaN,1,0,0,0,0,1,1,0,0,0,0,0,0,0,0,0,0,0,0,23,0,0,0,0,0,5,2,4,0,3,0,0,0,0,25,0,0
C:\Users\All Five Projects\spring-batch-main\spring-batch-test\src\test\java\org\springframework\batch\test\SpringBatchTestJUnit4Tests.java,org.springframework.batch.test.SpringBatchTestJUnit4Tests$JobConfiguration,innerclass,15,15,0,15,5,1,0,9,10,0.0,0.0,0.0,5,0,5,0,0,0,5,0,0,0,0,0,0,0,0,0,0,0,2,17,5,0,0,0,0,8,0,0,0,2,0,0,0,1,25,9,0
C:\Users\All Five Projects\spring-batch-main\spring-batch-infrastructure\src\test\java\org\springframework\batch\item\queue\builder\BlockingQueueItemReaderBuilderTests.java,org.springframework.batch.item.queue.builder.BlockingQueueItemReaderBuilderTests,class,3,3,0,3,2,1,0,6,1,0.0,0.0,0.0,2,0,0,0,0,2,2,0,0,0,0,0,0,0,0,0,0,0,0,11,0,0,0,0,0,1,1,2,0,2,0,0,0,1,20,0,0
C:\Users\All Five Projects\spring-batch-main\spring-batch-core\src\test\java\org\springframework\batch\core\repository\dao\Jackson2ExecutionContextStringSerializerTests.java,org.springframework.batch.core.repository.dao.Jackson2ExecutionContextStringSerializerTests$PhoneNumber,innerclass,0,0,0,0,0,1,0,0,0,NaN,-1.0,-1.0,0,0,0,0,0,0,0,0,0,0,1,0,1,0,0,0,0,0,0,3,0,0,0,0,0,0,0,0,0,2,0,0,0,0,3,1033,0
C:\Users\All Five Projects\spring-batch-main\spring-batch-infrastructure\src\main\java\org\springframework\batch\item\database\support\SqlitePagingQueryProvider.java,org.springframework.batch.item.database.support.SqlitePagingQueryProvider,class,3,5,2,3,4,2,0,8,3,0.0,0.0,0.0,3,0,2,1,0,0,2,0,0,0,0,0,0,0,0,0,0,0,3,16,4,0,0,0,0,1,0,0,0,0,1,0,0,0,33,1,0
C:\Users\All Five Projects\spring-batch-main\spring-batch-core\src\main\java\org\springframework\batch\core\step\builder\StepBuilderHelper.java,org.springframework.batch.core.step.builder.StepBuilderHelper$CommonStepProperties,innerclass,7,7,0,7,19,1,0,2,123,0.84868425,0.15789473,0.8947368,19,0,19,0,0,0,19,0,0,0,8,0,0,8,0,0,0,0,0,73,8,0,0,0,0,0,0,20,0,8,0,0,0,0,33,9,0
C:\Users\All Five Projects\spring-batch-main\spring-batch-core\src\test\java\org\springframework\batch\core\test\repository\Db2JobRepositoryIntegrationTests.java,org.springframework.batch.core.test.repository.Db2JobRepositoryIntegrationTests,class,15,15,0,15,2,1,0,9,1,0.7,0.0,0.0,2,0,0,0,0,2,2,0,0,0,5,2,1,4,0,0,1,0,0,37,0,0,0,0,0,2,0,5,0,8,0,0,1,0,54,0,0
C:\Users\All Five Projects\spring-batch-main\spring-batch-infrastructure\src\main\java\org\springframework\batch\item\ldif\LdifReader.java,org.springframework.batch.item.ldif.LdifReader,class,11,13,2,11,21,4,0,13,10,0.6984128,0.3611111,0.7777778,9,0,6,0,3,0,9,0,0,0,7,1,0,7,0,0,1,0,0,70,2,2,7,1,0,9,4,14,3,10,3,0,0,0,169,1,2
C:\Users\All Five Projects\spring-batch-main\spring-batch-core\src\test\java\org\springframework\batch\core\configuration\annotation\JobScopeConfigurationTests.java,org.springframework.batch.core.configuration.annotation.JobScopeConfigurationTests,class,22,23,1,22,14,1,0,17,0,0.34615386,0.8974359,1.0,13,0,1,0,0,12,13,0,0,0,2,0,0,2,0,0,0,0,1,163,0,0,1,0,0,24,5,25,1,20,1,0,9,3,65,1,0
C:\Users\All Five Projects\spring-batch-main\spring-batch-infrastructure\src\test\java\org\springframework\batch\repeat\support\ResultHolderResultQueueTests.java,org.springframework.batch.repeat.support.ResultHolderResultQueueTests$TestResultHolder,innerclass,3,3,0,3,4,1,0,0,4,0.625,0.16666667,0.16666667,4,0,4,0,0,0,4,0,0,0,2,0,0,2,0,0,1,0,0,17,3,0,0,0,0,0,0,1,0,2,0,0,0,0,12,10,0
C:\Users\All Five Projects\spring-batch-main\spring-batch-samples\src\test\java\org\springframework\batch\samples\misc\jmx\RemoteLauncherTests.java,org.springframework.batch.samples.misc.jmx.RemoteLauncherTests,class,10,11,1,10,18,1,0,39,2,0.625,0.6,0.6666667,8,4,0,2,0,6,6,0,0,0,4,4,0,4,0,0,2,0,19,100,3,1,1,3,0,17,9,18,2,17,2,0,0,2,97,0,4
C:\Users\All Five Projects\spring-batch-main\spring-batch-core\src\main\java\org\springframework\batch\core\repository\dao\JdbcStepExecutionDao.java,org.springframework.batch.core.repository.dao.JdbcStepExecutionDao,class,18,22,4,18,35,2,0,73,81,0.91326535,0.036363635,0.036363635,14,0,11,3,0,0,11,0,0,0,14,11,0,14,0,0,12,0,12,1,9,1,14,1,0,17,25,41,6,41,2,1,1,1,0,1,1
C:\Users\All Five Projects\spring-batch-main\spring-batch-core\src\main\java\org\springframework\batch\core\step\builder\TaskletStepBuilder.java,org.springframework.batch.core.step.builder.TaskletStepBuilder,class,5,7,2,5,5,3,0,1,4,0.4,0.3,0.3,5,0,3,0,2,0,5,0,0,0,1,0,0,1,0,0,0,0,0,21,4,0,0,0,0,1,0,2,0,1,0,0,0,0,48,1,0
C:\Users\All Five Projects\spring-batch-main\spring-batch-core\src\main\java\org\springframework\batch\core\step\factory\FaultTolerantStepFactoryBean.java,org.springframework.batch.core.step.factory.FaultTolerantStepFactoryBean,class,15,15,0,15,26,2,0,19,79,0.86666673,0.123809524,0.8666667,15,0,13,0,2,0,15,0,0,0,13,0,0,13,0,0,0,0,1,102,1,5,2,0,0,0,4,22,0,14,2,0,0,0,214,1,0
C:\Users\All Five Projects\spring-batch-main\spring-batch-infrastructure\src\test\java\org\springframework\batch\item\database\JdbcPagingItemReaderCommonTests.java,org.springframework.batch.item.database.JdbcPagingItemReaderCommonTests,class,9,9,0,9,2,2,0,18,0,0.0,1.0,1.0,2,0,0,0,2,0,2,0,0,0,1,0,0,1,0,0,0,0,0,42,2,0,0,0,0,7,5,7,0,10,1,0,0,1,41,1,0
C:\Users\All Five Projects\spring-batch-main\spring-batch-samples\src\main\java\org\springframework\batch\samples\mail\UserMailItemProcessor.java,org.springframework.batch.samples.mail.UserMailItemProcessor,class,4,4,0,4,1,1,0,7,0,0.0,NaN,NaN,1,0,1,0,0,0,1,0,0,0,0,0,0,0,0,0,0,0,0,11,1,0,0,0,0,3,0,1,2,1,0,0,0,0,16,1,0
C:\Users\All Five Projects\spring-batch-main\spring-batch-core\src\test\java\org\springframework\batch\core\step\tasklet\TaskletStepTests.java,org.springframework.batch.core.step.tasklet.TaskletStepTests$Anonymous10,anonymous,3,3,0,3,2,1,0,1,1,0.0,0.0,0.0,2,0,2,0,0,0,2,0,0,0,0,0,0,0,0,0,0,0,0,9,1,0,0,0,0,2,0,0,0,0,0,0,0,0,8,-1,0
C:\Users\All Five Projects\spring-batch-main\spring-batch-samples\src\test\java\org\springframework\batch\samples\trade\TradeJobFunctionalTests.java,org.springframework.batch.samples.trade.TradeJobFunctionalTests$Customer,innerclass,1,1,0,1,13,1,0,4,0,0.2,0.9,1.0,5,0,5,0,0,0,5,0,0,0,2,0,0,2,0,0,2,0,3,35,10,0,7,0,4,0,4,8,5,6,2,0,0,0,24,10,0
C:\Users\All Five Projects\spring-batch-main\spring-batch-core\src\test\java\org\springframework\batch\core\step\tasklet\TaskletStepTests.java,org.springframework.batch.core.step.tasklet.TaskletStepTests$Anonymous12,anonymous,3,3,0,3,1,1,0,1,0,0.0,NaN,NaN,1,0,1,0,0,0,1,0,0,0,0,0,0,0,0,0,0,0,0,6,1,0,0,0,0,1,0,0,0,0,0,0,0,0,7,-1,0
C:\Users\All Five Projects\spring-batch-main\spring-batch-core\src\test\java\org\springframework\batch\core\step\tasklet\TaskletStepTests.java,org.springframework.batch.core.step.tasklet.TaskletStepTests$Anonymous11,anonymous,2,2,0,2,2,1,0,4,1,0.0,0.0,0.0,2,0,2,0,0,0,2,0,0,0,0,0,0,0,0,0,0,0,0,9,0,0,0,0,0,1,1,0,0,0,0,0,0,0,12,-1,0
C:\Users\All Five Projects\spring-batch-main\spring-batch-samples\src\main\java\org\springframework\batch\samples\support\DummyItemWriter.java,org.springframework.batch.samples.support.DummyItemWriter,class,2,2,0,2,1,1,0,1,0,0.0,NaN,NaN,1,0,1,0,0,0,1,0,0,0,0,0,0,0,0,0,0,0,1,5,0,0,0,0,0,0,1,0,0,0,0,0,0,0,11,1,0
C:\Users\All Five Projects\spring-batch-main\spring-batch-core\src\main\java\org\springframework\batch\core\step\StepLocatorStepFactoryBean.java,org.springframework.batch.core.step.StepLocatorStepFactoryBean,class,3,3,0,3,5,1,0,1,6,0.6,0.2,0.3,5,0,5,0,0,0,5,0,0,0,2,0,2,0,0,0,0,0,0,19,3,0,0,0,0,0,0,2,0,2,0,0,0,0,47,1,0
C:\Users\All Five Projects\spring-batch-main\spring-batch-infrastructure\src\main\java\org\springframework\batch\item\file\LineCallbackHandler.java,org.springframework.batch.item.file.LineCallbackHandler,interface,0,2,2,0,1,1,0,0,0,0.0,NaN,NaN,1,0,0,0,0,1,1,0,0,0,0,0,0,0,0,0,0,0,0,3,0,0,0,0,0,0,0,0,0,0,0,0,0,0,12,1,0
C:\Users\All Five Projects\spring-batch-main\spring-batch-samples\src\main\java\org\springframework\batch\samples\domain\trade\internal\CustomerCreditUpdateWriter.java,org.springframework.batch.samples.domain.trade.internal.CustomerCreditUpdateWriter,class,4,4,0,4,5,1,0,3,0,0.33333334,0.6666667,1.0,3,0,3,0,0,0,3,0,0,0,2,0,0,2,0,0,0,0,0,17,0,1,0,0,0,0,1,3,0,2,2,0,0,0,13,1,0
C:\Users\All Five Projects\spring-batch-main\spring-batch-core\src\test\java\org\springframework\batch\core\step\tasklet\TaskletStepTests.java,org.springframework.batch.core.step.tasklet.TaskletStepTests$Anonymous18,anonymous,4,4,0,4,1,1,0,0,0,0.0,NaN,NaN,1,0,1,0,0,0,1,0,0,0,0,0,0,0,0,0,0,0,0,5,0,0,0,0,0,1,0,0,0,0,0,0,0,0,3,-1,0
C:\Users\All Five Projects\spring-batch-main\spring-batch-core\src\test\java\org\springframework\batch\core\step\tasklet\TaskletStepTests.java,org.springframework.batch.core.step.tasklet.TaskletStepTests$Anonymous17,anonymous,4,4,0,4,1,1,0,0,0,0.0,NaN,NaN,1,0,1,0,0,0,1,0,0,0,0,0,0,0,0,0,0,0,0,5,0,0,0,0,0,1,0,0,0,0,0,0,0,0,3,-1,0
C:\Users\All Five Projects\spring-batch-main\spring-batch-core\src\test\java\org\springframework\batch\core\configuration\xml\BranchStepJobParserTests.java,org.springframework.batch.core.configuration.xml.BranchStepJobParserTests,class,8,8,0,8,2,1,0,11,0,0.0,NaN,NaN,1,0,0,0,0,1,1,0,0,0,2,0,0,2,0,0,0,0,0,16,0,1,0,0,0,1,1,2,0,4,1,0,0,0,19,0,0
C:\Users\All Five Projects\spring-batch-main\spring-batch-core\src\test\java\org\springframework\batch\core\step\tasklet\TaskletStepTests.java,org.springframework.batch.core.step.tasklet.TaskletStepTests$Anonymous19,anonymous,4,4,0,4,1,1,0,0,0,0.0,NaN,NaN,1,0,1,0,0,0,1,0,0,0,0,0,0,0,0,0,0,0,0,5,0,0,0,0,0,1,0,0,0,0,0,0,0,0,3,-1,0
C:\Users\All Five Projects\spring-batch-main\spring-batch-infrastructure\src\test\java\org\springframework\batch\item\kafka\builder\KafkaItemReaderBuilderTests.java,org.springframework.batch.item.kafka.builder.KafkaItemReaderBuilderTests,class,6,6,0,6,10,1,0,28,0,0.0,1.0,1.0,10,0,0,0,0,10,10,0,0,0,1,0,0,1,0,0,0,0,6,88,0,0,0,0,0,44,23,32,0,26,0,0,0,0,64,0,0
C:\Users\All Five Projects\spring-batch-main\spring-batch-core\src\test\java\org\springframework\batch\core\step\tasklet\TaskletStepTests.java,org.springframework.batch.core.step.tasklet.TaskletStepTests$Anonymous14,anonymous,1,1,0,1,1,1,0,0,0,0.0,NaN,NaN,1,0,1,0,0,0,1,0,0,0,0,0,0,0,0,0,0,0,0,5,0,0,0,0,0,1,0,0,0,0,0,0,0,0,3,-1,0
C:\Users\All Five Projects\spring-batch-main\spring-batch-core\src\test\java\org\springframework\batch\core\step\tasklet\TaskletStepTests.java,org.springframework.batch.core.step.tasklet.TaskletStepTests$Anonymous13,anonymous,3,3,0,3,1,1,0,1,0,0.0,NaN,NaN,1,0,1,0,0,0,1,0,0,0,0,0,0,0,0,0,0,0,0,6,1,0,0,0,0,1,0,0,0,0,0,0,0,0,7,-1,0
C:\Users\All Five Projects\spring-batch-main\spring-batch-core\src\test\java\org\springframework\batch\core\step\tasklet\TaskletStepTests.java,org.springframework.batch.core.step.tasklet.TaskletStepTests$Anonymous16,anonymous,4,4,0,4,1,1,0,0,0,0.0,NaN,NaN,1,0,1,0,0,0,1,0,0,0,0,0,0,0,0,0,0,0,0,5,0,0,0,0,0,0,0,0,0,0,0,0,0,0,3,-1,0
C:\Users\All Five Projects\spring-batch-main\spring-batch-core\src\test\java\org\springframework\batch\core\step\tasklet\TaskletStepTests.java,org.springframework.batch.core.step.tasklet.TaskletStepTests$Anonymous15,anonymous,2,2,0,2,2,1,0,2,1,0.0,0.0,0.0,2,0,2,0,0,0,2,0,0,0,0,0,0,0,0,0,0,0,0,9,1,0,0,0,0,3,0,0,0,0,0,0,0,0,5,-1,0
C:\Users\All Five Projects\spring-batch-main\spring-batch-core\src\test\java\org\springframework\batch\core\listener\StepListenerMethodInterceptorTests.java,org.springframework.batch.core.listener.StepListenerMethodInterceptorTests$TestClass,innerclass,1,1,0,1,3,1,0,0,3,0.6666667,0.0,0.0,3,0,3,0,0,0,3,0,0,0,3,0,0,0,0,3,0,0,0,15,1,0,0,0,0,1,3,3,0,3,0,0,0,0,8,10,0
C:\Users\All Five Projects\spring-batch-main\spring-batch-infrastructure\src\main\java\org\springframework\batch\item\database\PagingQueryProvider.java,org.springframework.batch.item.database.PagingQueryProvider,interface,1,7,6,1,8,1,0,0,28,0.0,0.0,0.0,8,0,0,0,0,8,8,0,0,0,0,0,0,0,0,0,0,0,0,10,0,0,0,0,0,0,0,0,0,0,0,0,0,0,113,1,0
C:\Users\All Five Projects\spring-batch-main\spring-batch-core\src\main\java\org\springframework\batch\core\step\skip\CompositeSkipPolicy.java,org.springframework.batch.core.step.skip.CompositeSkipPolicy,class,1,2,1,1,6,1,0,1,0,0.25,0.5,0.5,4,0,4,0,0,0,4,0,0,0,1,0,0,1,0,0,0,0,0,20,2,1,0,0,0,0,1,2,0,1,2,0,0,0,20,1,0
C:\Users\All Five Projects\spring-batch-main\spring-batch-infrastructure\src\main\java\org\springframework\batch\item\validator\BeanValidatingItemProcessor.java,org.springframework.batch.item.validator.BeanValidatingItemProcessor,class,6,6,0,6,3,2,0,7,0,0.0,1.0,1.0,3,0,3,0,0,0,3,0,0,0,1,0,0,1,0,0,1,0,0,21,0,0,0,1,0,1,0,5,0,4,1,0,0,0,46,1,0
C:\Users\All Five Projects\spring-batch-main\spring-batch-infrastructure\src\main\java\org\springframework\batch\repeat\RepeatCallback.java,org.springframework.batch.repeat.RepeatCallback,interface,2,7,5,2,1,1,0,0,0,0.0,NaN,NaN,1,0,0,0,0,1,1,0,0,0,0,0,0,0,0,0,0,0,0,3,0,0,0,0,0,0,0,0,0,0,0,0,0,0,66,1,0
C:\Users\All Five Projects\spring-batch-main\spring-batch-core\src\main\java\org\springframework\batch\core\step\skip\SkipPolicyFailedException.java,org.springframework.batch.core.step.skip.SkipPolicyFailedException,class,1,4,3,1,1,5,0,3,0,0.0,NaN,NaN,1,0,1,0,0,0,1,0,0,0,0,0,0,0,0,0,0,0,0,5,0,0,0,0,0,2,0,0,1,0,0,0,0,0,44,1,0
C:\Users\All Five Projects\spring-batch-main\spring-batch-infrastructure\src\test\java\org\springframework\batch\item\UnexpectedInputExceptionTests.java,org.springframework.batch.item.UnexpectedInputExceptionTests,class,2,2,0,2,2,2,0,0,1,0.0,0.0,0.0,2,0,0,0,2,0,2,0,0,0,0,0,0,0,0,0,0,0,0,8,2,0,0,0,0,0,0,0,0,0,0,0,0,0,9,0,0
C:\Users\All Five Projects\spring-batch-main\spring-batch-samples\src\main\java\org\springframework\batch\samples\domain\trade\internal\JdbcTradeDao.java,org.springframework.batch.samples.domain.trade.internal.JdbcTradeDao,class,7,8,1,7,4,1,0,9,0,0.5,0.6666667,1.0,3,0,3,0,0,0,3,0,0,0,4,1,0,4,0,0,2,0,0,19,0,0,0,0,0,2,0,5,1,5,1,0,0,0,62,1,1
C:\Users\All Five Projects\spring-batch-main\spring-batch-core\src\test\java\org\springframework\batch\core\repository\dao\JdbcJobDaoQueryTests.java,org.springframework.batch.core.repository.dao.JdbcJobDaoQueryTests,class,8,8,0,8,2,1,0,9,0,0.25,1.0,1.0,2,0,0,0,0,2,2,0,0,0,2,0,0,0,0,2,0,0,0,34,0,0,0,0,0,4,3,4,1,4,0,2,0,0,30,0,0
C:\Users\All Five Projects\spring-batch-main\spring-batch-infrastructure\src\test\java\org\springframework\batch\item\avro\AvroItemWriterTests.java,org.springframework.batch.item.avro.AvroItemWriterTests,class,10,10,0,10,6,3,0,10,0,0.25,0.6666667,0.6666667,6,0,0,0,0,6,6,0,0,0,2,0,0,2,0,0,2,0,0,38,0,0,0,0,0,0,1,6,0,6,0,0,0,2,41,0,0
C:\Users\All Five Projects\spring-batch-main\spring-batch-core\src\test\java\org\springframework\batch\core\step\tasklet\TaskletStepTests.java,org.springframework.batch.core.step.tasklet.TaskletStepTests$Anonymous21,anonymous,1,1,0,1,2,1,0,0,1,0.0,0.0,0.0,2,0,0,0,2,0,2,0,0,0,0,0,0,0,0,0,0,0,0,8,0,0,0,0,0,2,0,0,0,0,0,0,0,0,9,-1,0
C:\Users\All Five Projects\spring-batch-main\spring-batch-core\src\test\java\org\springframework\batch\core\step\tasklet\TaskletStepTests.java,org.springframework.batch.core.step.tasklet.TaskletStepTests$Anonymous20,anonymous,1,1,0,1,1,1,0,0,0,0.0,NaN,NaN,1,0,0,0,1,0,1,0,0,0,0,0,0,0,0,0,0,0,0,5,0,0,0,0,0,1,0,0,0,0,0,0,0,0,8,-1,0
C:\Users\All Five Projects\spring-batch-main\spring-batch-core\src\test\java\org\springframework\batch\core\step\tasklet\TaskletStepTests.java,org.springframework.batch.core.step.tasklet.TaskletStepTests$Anonymous23,anonymous,0,0,0,0,1,1,0,1,0,0.0,NaN,NaN,1,0,1,0,0,0,1,0,0,0,0,0,0,0,0,0,0,0,0,6,0,0,0,0,0,1,0,0,0,0,0,0,0,0,5,-1,0
C:\Users\All Five Projects\spring-batch-main\spring-batch-core\src\test\java\org\springframework\batch\core\step\tasklet\TaskletStepTests.java,org.springframework.batch.core.step.tasklet.TaskletStepTests$Anonymous22,anonymous,0,0,0,0,1,1,0,1,0,0.0,NaN,NaN,1,0,1,0,0,0,1,0,0,0,0,0,0,0,0,0,0,0,0,6,0,0,0,0,0,1,0,0,0,0,0,0,0,0,5,-1,0
C:\Users\All Five Projects\spring-batch-main\spring-batch-core\src\main\java\org\springframework\batch\core\converter\StringToDateConverter.java,org.springframework.batch.core.converter.StringToDateConverter,class,2,8,6,2,1,2,0,2,0,0.0,NaN,NaN,1,0,1,0,0,0,1,0,0,0,0,0,0,0,0,0,0,0,1,5,1,0,0,0,0,0,0,0,0,0,0,0,0,0,20,1,0
C:\Users\All Five Projects\spring-batch-main\spring-batch-infrastructure\src\main\java\org\springframework\batch\item\database\builder\JpaPagingItemReaderBuilder.java,org.springframework.batch.item.database.builder.JpaPagingItemReaderBuilder,class,6,8,2,6,15,1,0,15,36,0.80303025,0.22727273,1.0,12,0,12,0,0,0,12,0,0,0,11,0,0,11,0,0,0,0,0,80,12,0,1,0,0,4,2,16,0,12,1,0,0,0,128,1,0
C:\Users\All Five Projects\spring-batch-main\spring-batch-samples\src\main\java\org\springframework\batch\samples\domain\trade\internal\CustomerUpdateWriter.java,org.springframework.batch.samples.domain.trade.internal.CustomerUpdateWriter,class,5,5,0,5,3,1,0,5,0,0.0,1.0,1.0,2,0,2,0,0,0,2,0,0,0,1,0,0,1,0,0,0,0,0,14,0,1,0,0,0,0,0,2,0,2,1,0,0,0,29,1,0
C:\Users\All Five Projects\spring-batch-main\spring-batch-infrastructure\src\test\java\org\springframework\batch\item\file\FlatFileItemReaderTests.java,org.springframework.batch.item.file.FlatFileItemReaderTests$Anonymous6,anonymous,0,0,0,0,3,1,0,0,3,0.0,0.0,0.0,3,0,3,0,0,0,3,0,0,0,0,0,0,0,0,0,0,0,0,11,2,0,0,0,0,0,0,0,0,0,0,0,0,0,10,-1,0
C:\Users\All Five Projects\spring-batch-main\spring-batch-samples\src\main\java\org\springframework\batch\samples\domain\trade\internal\CustomerCreditUpdatePreparedStatementSetter.java,org.springframework.batch.samples.domain.trade.internal.CustomerCreditUpdatePreparedStatementSetter,class,2,2,0,2,1,1,0,5,0,0.0,NaN,NaN,1,0,1,0,0,0,1,0,0,0,1,1,1,0,0,0,1,0,0,7,0,0,0,0,0,0,3,1,0,1,0,0,0,0,32,1,0
C:\Users\All Five Projects\spring-batch-main\spring-batch-core\src\test\java\org\springframework\batch\core\step\tasklet\TaskletStepTests.java,org.springframework.batch.core.step.tasklet.TaskletStepTests$Anonymous28,anonymous,4,4,0,4,1,1,0,0,0,0.0,NaN,NaN,1,0,1,0,0,0,1,0,0,0,0,0,0,0,0,0,0,0,0,5,1,0,0,0,0,0,0,0,0,0,0,0,0,0,10,-1,0
C:\Users\All Five Projects\spring-batch-main\spring-batch-infrastructure\src\test\java\org\springframework\batch\item\file\FlatFileItemReaderTests.java,org.springframework.batch.item.file.FlatFileItemReaderTests$Anonymous5,anonymous,1,1,0,1,1,1,0,2,0,0.0,NaN,NaN,1,0,0,0,1,0,1,0,0,0,0,0,0,0,0,0,0,0,0,5,1,0,0,0,0,1,0,0,0,0,0,0,0,0,3,-1,0
C:\Users\All Five Projects\spring-batch-main\spring-batch-samples\src\main\java\org\springframework\batch\samples\skip\SkippableExceptionDuringProcessSample.java,org.springframework.batch.samples.skip.SkippableExceptionDuringProcessSample$Anonymous1,anonymous,2,2,0,2,1,1,0,2,0,0.0,NaN,NaN,1,0,1,0,0,0,1,0,0,0,0,0,0,0,0,0,0,0,0,7,1,0,0,0,0,1,0,1,1,1,0,0,0,0,3,-1,0
C:\Users\All Five Projects\spring-batch-main\spring-batch-infrastructure\src\test\java\org\springframework\batch\item\file\FlatFileItemReaderTests.java,org.springframework.batch.item.file.FlatFileItemReaderTests$Anonymous7,anonymous,0,0,0,0,5,1,0,1,3,0.6666667,0.0,0.0,3,0,3,0,0,0,3,0,0,0,1,0,0,0,0,1,0,0,0,15,3,0,0,0,0,0,0,2,0,1,1,0,0,0,12,-1,0
C:\Users\All Five Projects\spring-batch-main\spring-batch-core\src\test\java\org\springframework\batch\core\step\tasklet\TaskletStepTests.java,org.springframework.batch.core.step.tasklet.TaskletStepTests$Anonymous25,anonymous,3,3,0,3,1,1,0,0,0,0.0,NaN,NaN,1,0,1,0,0,0,1,0,0,0,0,0,0,0,0,0,0,0,0,5,0,0,0,0,0,1,0,0,0,0,0,0,0,0,12,-1,0
C:\Users\All Five Projects\spring-batch-main\spring-batch-core\src\test\java\org\springframework\batch\core\step\tasklet\TaskletStepTests.java,org.springframework.batch.core.step.tasklet.TaskletStepTests$Anonymous24,anonymous,1,1,0,1,1,1,0,0,0,0.0,NaN,NaN,1,0,1,0,0,0,1,0,0,0,0,0,0,0,0,0,0,0,0,5,0,0,0,0,0,1,0,0,0,0,0,0,0,0,3,-1,0
C:\Users\All Five Projects\spring-batch-main\spring-batch-samples\src\main\java\org\springframework\batch\samples\metrics\BatchMetricsApplication.java,org.springframework.batch.samples.metrics.BatchMetricsApplication,class,14,15,1,14,2,1,0,2,1,0.0,0.0,0.0,2,1,2,0,0,0,2,0,0,0,0,0,0,0,0,0,0,0,0,11,1,0,0,0,0,3,0,2,0,2,0,0,0,0,18,1,0
C:\Users\All Five Projects\spring-batch-main\spring-batch-core\src\test\java\org\springframework\batch\core\step\tasklet\TaskletStepTests.java,org.springframework.batch.core.step.tasklet.TaskletStepTests$Anonymous27,anonymous,0,0,0,0,1,1,0,0,0,0.0,NaN,NaN,1,0,1,0,0,0,1,0,0,0,0,0,0,0,0,0,0,0,0,5,1,0,0,0,0,0,0,0,0,0,0,0,0,0,5,-1,0
C:\Users\All Five Projects\spring-batch-main\spring-batch-core\src\test\java\org\springframework\batch\core\step\tasklet\TaskletStepTests.java,org.springframework.batch.core.step.tasklet.TaskletStepTests$Anonymous26,anonymous,4,4,0,4,1,1,0,0,0,0.0,NaN,NaN,1,0,1,0,0,0,1,0,0,0,0,0,0,0,0,0,0,0,0,5,0,0,0,0,0,1,0,0,0,0,0,0,0,0,10,-1,0
C:\Users\All Five Projects\spring-batch-main\spring-batch-samples\src\main\java\org\springframework\batch\samples\partitioning\remote\DataSourceConfiguration.java,org.springframework.batch.samples.partitioning.remote.DataSourceConfiguration,class,6,10,4,6,2,1,0,3,1,0.5,0.0,0.0,2,0,2,0,0,0,2,0,0,0,3,0,0,3,0,0,0,0,0,15,2,0,0,0,0,4,0,1,0,4,0,0,0,0,20,1,0
C:\Users\All Five Projects\spring-batch-main\spring-batch-infrastructure\src\test\java\org\springframework\batch\item\file\FlatFileItemReaderTests.java,org.springframework.batch.item.file.FlatFileItemReaderTests$Anonymous2,anonymous,0,0,0,0,3,1,0,0,3,0.6666667,0.0,0.0,3,0,3,0,0,0,3,0,0,0,1,0,0,0,0,1,0,0,0,13,3,0,0,0,0,0,0,2,0,1,0,0,0,0,11,-1,0
C:\Users\All Five Projects\spring-batch-main\spring-batch-infrastructure\src\test\java\org\springframework\batch\item\file\FlatFileItemReaderTests.java,org.springframework.batch.item.file.FlatFileItemReaderTests$Anonymous1,anonymous,0,0,0,0,3,1,0,0,3,0.6666667,0.0,0.0,3,0,3,0,0,0,3,0,0,0,1,0,0,0,0,1,0,0,0,13,3,0,0,0,0,0,0,2,0,1,0,0,0,0,11,-1,0
C:\Users\All Five Projects\spring-batch-main\spring-batch-infrastructure\src\test\java\org\springframework\batch\item\file\FlatFileItemReaderTests.java,org.springframework.batch.item.file.FlatFileItemReaderTests$Anonymous4,anonymous,0,0,0,0,5,1,0,1,3,0.6666667,0.0,0.0,3,0,3,0,0,0,3,0,0,0,1,0,0,0,0,1,0,0,0,15,3,0,0,0,0,0,0,2,0,1,1,0,0,0,12,-1,0
C:\Users\All Five Projects\spring-batch-main\spring-batch-core\src\test\java\org\springframework\batch\core\test\step\StepExecutionSerializationUtilsTests.java,org.springframework.batch.core.test.step.StepExecutionSerializationUtilsTests,class,5,5,0,5,9,1,0,9,1,0.0,0.0,0.0,2,0,0,0,0,2,2,0,0,0,0,0,0,0,0,0,0,0,1,50,1,4,1,2,0,8,13,15,3,15,4,0,0,1,41,0,0
C:\Users\All Five Projects\spring-batch-main\spring-batch-infrastructure\src\test\java\org\springframework\batch\item\file\FlatFileItemReaderTests.java,org.springframework.batch.item.file.FlatFileItemReaderTests$Anonymous3,anonymous,0,0,0,0,4,1,0,1,3,0.0,0.0,0.0,3,0,3,0,0,0,3,0,0,0,0,0,0,0,0,0,0,0,0,11,3,0,0,0,0,0,0,0,0,0,0,0,0,0,10,-1,0
C:\Users\All Five Projects\spring-batch-main\spring-batch-infrastructure\src\test\java\org\springframework\batch\item\amqp\AmqpItemReaderTests.java,org.springframework.batch.item.amqp.AmqpItemReaderTests,class,4,4,0,4,6,1,0,12,15,0.0,0.0,0.0,6,0,0,0,0,6,6,0,0,0,0,0,0,0,0,0,0,0,0,39,0,0,0,0,0,6,0,12,0,12,0,0,0,2,31,0,0
C:\Users\All Five Projects\spring-batch-main\spring-batch-core\src\main\java\org\springframework\batch\core\job\builder\FlowBuilderException.java,org.springframework.batch.core.job.builder.FlowBuilderException,class,0,2,2,0,3,4,0,0,3,0.0,0.0,0.0,3,0,3,0,0,0,3,0,0,0,0,0,0,0,0,0,0,0,0,11,0,0,0,0,0,0,0,0,0,0,0,0,0,0,11,1,0
C:\Users\All Five Projects\spring-batch-main\spring-batch-infrastructure\src\test\java\org\springframework\batch\item\adapter\ItemProcessorAdapterTests.java,org.springframework.batch.item.adapter.ItemProcessorAdapterTests,class,5,5,0,5,1,1,0,2,0,0.0,NaN,NaN,1,0,0,0,0,1,1,0,0,0,1,0,0,1,0,0,0,0,0,7,0,0,0,0,0,3,2,1,0,2,0,0,0,0,15,0,0
C:\Users\All Five Projects\spring-batch-main\spring-batch-integration\src\test\java\org\springframework\batch\integration\async\AsyncItemWriterTests.java,org.springframework.batch.integration.async.AsyncItemWriterTests$ListItemWriter,innerclass,2,2,0,2,2,1,0,2,0,0.75,1.0,1.0,2,0,2,0,0,0,2,0,0,0,4,0,3,0,1,0,0,0,0,12,0,0,0,0,0,0,0,4,0,4,0,0,0,0,12,10,0
C:\Users\All Five Projects\spring-batch-main\spring-batch-infrastructure\src\main\java\org\springframework\batch\item\avro\builder\AvroItemReaderBuilder.java,org.springframework.batch.item.avro.builder.AvroItemReaderBuilder,class,5,6,1,5,14,1,0,15,28,0.7708334,0.2,0.64444447,12,0,10,2,0,0,10,0,0,0,8,0,0,8,0,0,0,0,0,79,12,0,1,0,0,12,0,15,2,9,1,0,0,0,89,1,0
C:\Users\All Five Projects\spring-batch-main\spring-batch-samples\src\main\java\org\springframework\batch\samples\file\patternmatching\internal\extractor\FooterFieldExtractor.java,org.springframework.batch.samples.file.patternmatching.internal.extractor.FooterFieldExtractor,class,2,2,0,2,1,1,0,1,0,0.0,NaN,NaN,1,0,1,0,0,0,1,0,0,0,0,0,0,0,0,0,0,0,0,5,1,0,0,0,0,1,0,0,0,0,0,0,0,0,8,1,0
C:\Users\All Five Projects\spring-batch-main\spring-batch-infrastructure\src\main\java\org\springframework\batch\support\transaction\FlushFailedException.java,org.springframework.batch.support.transaction.FlushFailedException,class,0,1,1,0,2,4,0,0,1,0.0,0.0,0.0,2,0,2,0,0,0,2,0,0,0,0,0,0,0,0,0,0,0,0,8,0,0,0,0,0,0,0,0,0,0,0,0,0,0,32,1,0
C:\Users\All Five Projects\spring-batch-main\spring-batch-infrastructure\src\test\java\org\springframework\batch\item\database\AbstractGenericDataSourceItemReaderIntegrationTests.java,org.springframework.batch.item.database.AbstractGenericDataSourceItemReaderIntegrationTests,class,2,6,4,2,0,2,4,0,0,0.0,-1.0,-1.0,0,0,0,0,0,0,0,0,0,0,0,0,0,0,0,0,0,0,0,2,0,0,0,0,0,1,0,0,0,0,0,0,0,0,33,1024,0
C:\Users\All Five Projects\spring-batch-main\spring-batch-core\src\main\java\org\springframework\batch\core\JobInstance.java,org.springframework.batch.core.JobInstance,class,1,33,32,1,4,2,0,3,0,0.25,0.5,0.5,4,0,4,0,0,0,4,0,0,0,1,0,0,1,0,0,1,0,0,17,3,0,0,0,0,3,0,1,1,1,0,0,0,0,75,1,0
C:\Users\All Five Projects\spring-batch-main\spring-batch-core\src\test\java\org\springframework\batch\core\step\item\FaultTolerantStepFactoryBeanTests.java,org.springframework.batch.core.step.item.FaultTolerantStepFactoryBeanTests$Anonymous1,anonymous,0,0,0,0,1,1,0,1,0,0.0,NaN,NaN,1,0,1,0,0,0,1,0,0,0,0,0,0,0,0,0,0,0,0,5,0,0,0,0,0,0,0,0,0,0,0,0,0,0,6,-1,0
C:\Users\All Five Projects\spring-batch-main\spring-batch-core\src\test\java\org\springframework\batch\core\configuration\xml\DefaultSuccessJobParserTests.java,org.springframework.batch.core.configuration.xml.DefaultSuccessJobParserTests,class,5,5,0,5,1,2,0,10,0,0.0,NaN,NaN,1,0,0,0,0,1,1,0,0,0,0,0,0,0,0,0,0,0,0,16,0,0,0,0,0,3,1,3,0,3,0,0,0,0,20,0,0
C:\Users\All Five Projects\spring-batch-main\spring-batch-infrastructure\src\test\java\org\springframework\batch\item\sample\books\Book.java,org.springframework.batch.item.sample.books.Book,class,4,7,3,4,8,1,0,3,0,0.25,0.8333333,1.0,4,0,4,0,0,0,4,0,0,0,2,0,0,2,0,0,0,0,2,19,6,0,4,0,0,1,0,1,0,3,1,0,0,0,30,1,0
C:\Users\All Five Projects\spring-batch-main\spring-batch-core\src\main\java\org\springframework\batch\core\step\tasklet\MethodInvokingTaskletAdapter.java,org.springframework.batch.core.step.tasklet.MethodInvokingTaskletAdapter,class,8,11,3,8,4,2,0,5,1,0.0,0.0,0.0,2,0,1,0,1,0,2,0,0,0,0,0,0,0,0,0,0,0,0,15,3,0,1,0,0,0,0,0,0,0,1,0,0,0,80,1,0
C:\Users\All Five Projects\spring-batch-main\spring-batch-core\src\test\java\org\springframework\batch\core\step\item\FaultTolerantStepFactoryBeanTests.java,org.springframework.batch.core.step.item.FaultTolerantStepFactoryBeanTests$Anonymous6,anonymous,3,3,0,3,4,1,0,0,6,0.0,0.0,0.0,4,0,4,0,0,0,4,0,0,0,0,0,0,0,0,0,0,0,0,13,1,0,0,0,0,0,0,2,0,0,0,0,0,0,15,-1,0
C:\Users\All Five Projects\spring-batch-main\spring-batch-core\src\test\java\org\springframework\batch\core\configuration\xml\StepWithBasicProcessTaskJobParserTests.java,org.springframework.batch.core.configuration.xml.StepWithBasicProcessTaskJobParserTests,class,16,16,0,16,1,1,0,13,0,0.0,NaN,NaN,1,0,0,0,0,1,1,0,0,0,7,0,0,7,0,0,0,0,0,27,0,0,0,0,2,8,4,4,0,11,0,0,0,0,38,0,0
C:\Users\All Five Projects\spring-batch-main\spring-batch-core\src\test\java\org\springframework\batch\core\job\SimpleJobTests.java,org.springframework.batch.core.job.SimpleJobTests$Anonymous1,anonymous,1,1,0,1,4,1,0,1,6,0.0,0.0,0.0,4,0,4,0,0,0,4,0,0,0,0,0,0,0,0,0,0,0,0,14,3,0,0,0,0,1,1,0,0,0,0,0,0,0,18,-1,0
C:\Users\All Five Projects\spring-batch-main\spring-batch-core\src\test\java\org\springframework\batch\core\step\item\FaultTolerantChunkProviderTests.java,org.springframework.batch.core.step.item.FaultTolerantChunkProviderTests$Anonymous1,anonymous,4,4,0,4,1,1,0,0,0,0.0,NaN,NaN,1,0,1,0,0,0,1,0,0,0,0,0,0,0,0,0,0,0,0,5,0,0,0,0,0,1,0,0,0,0,0,0,0,0,4,-1,0
C:\Users\All Five Projects\spring-batch-main\spring-batch-core\src\test\java\org\springframework\batch\core\step\item\FaultTolerantStepFactoryBeanTests.java,org.springframework.batch.core.step.item.FaultTolerantStepFactoryBeanTests$Anonymous7,anonymous,3,3,0,3,4,1,0,0,6,0.0,0.0,0.0,4,0,4,0,0,0,4,0,0,0,0,0,0,0,0,0,0,0,0,13,1,0,0,0,0,0,0,2,0,0,0,0,0,0,15,-1,0
C:\Users\All Five Projects\spring-batch-main\spring-batch-core\src\test\java\org\springframework\batch\core\job\SimpleJobTests.java,org.springframework.batch.core.job.SimpleJobTests$Anonymous2,anonymous,1,1,0,1,2,1,0,1,1,0.0,0.0,0.0,2,0,2,0,0,0,2,0,0,0,0,0,0,0,0,0,0,0,0,8,0,0,0,0,0,2,0,0,0,0,0,0,0,0,5,-1,0
C:\Users\All Five Projects\spring-batch-main\spring-batch-core\src\test\java\org\springframework\batch\core\job\SimpleJobTests.java,org.springframework.batch.core.job.SimpleJobTests$Anonymous3,anonymous,1,1,0,1,1,1,0,1,0,0.0,NaN,NaN,1,0,1,0,0,0,1,0,0,0,0,0,0,0,0,0,0,0,0,5,0,0,0,0,0,1,0,0,0,0,0,0,0,0,4,-1,0
C:\Users\All Five Projects\spring-batch-main\spring-batch-core\src\test\java\org\springframework\batch\core\step\item\FaultTolerantStepFactoryBeanTests.java,org.springframework.batch.core.step.item.FaultTolerantStepFactoryBeanTests$Anonymous2,anonymous,0,0,0,0,1,1,0,0,0,0.0,NaN,NaN,1,0,1,0,0,0,1,0,0,0,0,0,0,0,0,0,0,0,0,5,0,0,0,0,0,1,0,0,0,0,0,0,0,0,8,-1,0
C:\Users\All Five Projects\spring-batch-main\spring-batch-infrastructure\src\test\java\org\springframework\batch\item\database\support\SqliteMaxValueIncrementerTests.java,org.springframework.batch.item.database.support.SqliteMaxValueIncrementerTests,class,7,7,0,7,4,1,0,9,0,0.11111111,1.0,1.0,3,2,0,0,0,3,3,0,0,0,3,3,0,0,0,3,0,0,1,28,0,0,0,0,0,7,4,7,2,5,1,0,0,0,39,0,0
C:\Users\All Five Projects\spring-batch-main\spring-batch-core\src\main\java\org\springframework\batch\core\job\builder\JobBuilder.java,org.springframework.batch.core.job.builder.JobBuilder,class,9,10,1,9,6,2,0,3,15,0.0,0.0,0.0,6,0,6,0,0,0,6,0,0,0,0,0,0,0,0,0,0,0,0,20,4,0,0,0,0,1,0,0,0,0,0,0,0,0,43,1,0
C:\Users\All Five Projects\spring-batch-main\spring-batch-core\src\test\java\org\springframework\batch\core\step\item\FaultTolerantStepFactoryBeanTests.java,org.springframework.batch.core.step.item.FaultTolerantStepFactoryBeanTests$Anonymous3,anonymous,0,0,0,0,1,1,0,0,0,0.0,NaN,NaN,1,0,1,0,0,0,1,0,0,0,0,0,0,0,0,0,0,0,0,5,0,0,0,0,0,1,0,0,0,0,0,0,0,0,8,-1,0
C:\Users\All Five Projects\spring-batch-main\spring-batch-core\src\test\java\org\springframework\batch\core\step\job\JobStepTests.java,org.springframework.batch.core.step.job.JobStepTests,class,15,15,0,15,9,1,0,35,0,0.2962963,1.0,1.0,9,0,0,0,0,9,9,0,0,0,3,0,0,3,0,0,1,0,2,138,0,0,0,0,0,26,3,15,2,13,0,6,0,0,64,0,0
C:\Users\All Five Projects\spring-batch-main\spring-batch-core\src\test\java\org\springframework\batch\core\step\item\ExceptionThrowingTaskletStub.java,org.springframework.batch.core.step.item.ExceptionThrowingTaskletStub,class,8,9,1,8,6,1,0,9,0,0.65,0.6,1.0,5,0,5,0,0,0,5,0,0,0,4,0,0,3,1,0,2,0,0,25,2,0,0,0,0,1,2,5,0,4,1,0,0,0,29,1,0
C:\Users\All Five Projects\spring-batch-main\spring-batch-core\src\test\java\org\springframework\batch\core\step\item\FaultTolerantStepFactoryBeanTests.java,org.springframework.batch.core.step.item.FaultTolerantStepFactoryBeanTests$Anonymous4,anonymous,3,3,0,3,3,1,0,2,3,0.0,0.0,0.0,3,0,3,0,0,0,3,0,0,0,0,0,0,0,0,0,0,0,0,13,1,0,0,0,0,0,0,2,0,0,0,0,0,0,10,-1,0
C:\Users\All Five Projects\spring-batch-main\spring-batch-core\src\test\java\org\springframework\batch\core\scope\JobScopeNestedIntegrationTests.java,org.springframework.batch.core.scope.JobScopeNestedIntegrationTests,class,6,6,0,6,1,1,0,3,0,0.0,NaN,NaN,1,0,0,0,0,1,1,0,0,0,2,0,0,2,0,0,0,0,0,8,0,0,0,0,0,3,0,0,0,2,0,0,0,0,15,0,0
C:\Users\All Five Projects\spring-batch-main\spring-batch-core\src\test\java\org\springframework\batch\core\step\item\FaultTolerantStepFactoryBeanTests.java,org.springframework.batch.core.step.item.FaultTolerantStepFactoryBeanTests$Anonymous5,anonymous,3,3,0,3,4,1,0,0,6,0.0,0.0,0.0,4,0,4,0,0,0,4,0,0,0,0,0,0,0,0,0,0,0,0,11,1,0,0,0,0,0,0,0,0,0,0,0,0,0,12,-1,0
C:\Users\All Five Projects\spring-batch-main\spring-batch-core\src\main\java\org\springframework\batch\core\repository\dao\JdbcJobInstanceDao.java,org.springframework.batch.core.repository.dao.JdbcJobInstanceDao,class,17,20,3,17,23,2,0,22,79,0.91517866,0.06593407,0.10989011,14,0,14,0,0,0,14,0,0,0,16,14,0,16,0,0,14,0,0,151,13,0,3,4,0,15,3,27,4,26,1,2,1,1,178,1,0
C:\Users\All Five Projects\spring-batch-main\spring-batch-core\src\main\java\org\springframework\batch\core\ItemReadListener.java,org.springframework.batch.core.ItemReadListener,interface,2,7,5,2,3,1,0,0,3,0.0,0.0,0.0,3,0,0,0,0,3,3,0,0,0,0,0,0,0,0,0,0,0,0,8,0,0,0,0,0,0,0,0,0,0,0,0,0,0,46,1,0
C:\Users\All Five Projects\spring-batch-main\spring-batch-infrastructure\src\main\java\org\springframework\batch\item\adapter\AbstractMethodInvokingDelegator.java,org.springframework.batch.item.adapter.AbstractMethodInvokingDelegator$InvocationTargetThrowableWrapper,innerclass,0,0,0,0,1,4,0,0,0,0.0,NaN,NaN,1,0,1,0,0,0,1,0,0,0,0,0,0,0,0,0,0,0,0,5,0,0,0,0,0,0,0,0,0,0,0,0,0,0,19,9,0
C:\Users\All Five Projects\spring-batch-main\spring-batch-core\src\test\java\org\springframework\batch\core\JobInstanceTests.java,org.springframework.batch.core.JobInstanceTests,class,2,2,0,2,5,1,0,5,0,0.0,1.0,1.0,5,0,0,0,0,5,5,0,0,0,1,0,0,1,0,0,0,0,0,22,0,0,0,0,0,7,4,4,0,1,0,0,0,1,16,0,0
C:\Users\All Five Projects\spring-batch-main\spring-batch-core\src\test\java\org\springframework\batch\core\repository\dao\TablePrefixTests.java,org.springframework.batch.core.repository.dao.TablePrefixTests,class,9,9,0,9,2,1,0,4,0,0.33333334,1.0,1.0,2,0,1,0,0,1,2,0,0,0,3,0,0,3,0,0,0,0,0,18,0,0,0,0,0,1,1,2,0,4,0,0,1,0,20,0,0
C:\Users\All Five Projects\spring-batch-main\spring-batch-core\src\main\java\org\springframework\batch\core\repository\dao\Jackson2ExecutionContextStringSerializer.java,org.springframework.batch.core.repository.dao.Jackson2ExecutionContextStringSerializer$TrustedTypeResolverBuilder,innerclass,8,8,0,8,3,2,0,5,0,0.0,1.0,1.0,2,0,0,0,1,1,2,0,0,0,1,0,0,1,0,0,1,0,1,11,1,0,1,0,0,0,0,2,0,2,0,0,0,0,28,8,0
C:\Users\All Five Projects\spring-batch-main\spring-batch-core\src\test\java\org\springframework\batch\core\configuration\annotation\JobScopeConfigurationTests.java,org.springframework.batch.core.configuration.annotation.JobScopeConfigurationTests$JobScopeConfigurationInjectingProxy,innerclass,7,7,0,7,2,1,0,0,1,0.0,0.0,0.0,2,0,1,0,1,0,2,0,0,0,0,0,0,0,0,0,0,0,0,8,2,0,0,0,0,2,0,0,0,0,0,0,0,0,12,9,0
C:\Users\All Five Projects\spring-batch-main\spring-batch-core\src\test\java\org\springframework\batch\core\configuration\support\JobFactoryRegistrationListenerTests.java,org.springframework.batch.core.configuration.support.JobFactoryRegistrationListenerTests$Anonymous1,anonymous,1,1,0,1,2,1,0,0,1,0.0,0.0,0.0,2,0,2,0,0,0,2,0,0,0,0,0,0,0,0,0,0,0,0,8,2,0,0,0,0,1,0,0,0,0,0,0,0,0,5,-1,0
C:\Users\All Five Projects\spring-batch-main\spring-batch-infrastructure\src\main\java\org\springframework\batch\item\file\mapping\PatternMatchingCompositeLineMapper.java,org.springframework.batch.item.file.mapping.PatternMatchingCompositeLineMapper,class,7,8,1,7,5,1,0,8,0,0.25,0.8333333,1.0,4,0,4,0,0,0,4,0,0,0,2,0,0,2,0,0,1,0,0,18,1,0,1,0,0,2,0,2,0,2,0,0,0,0,79,1,0
C:\Users\All Five Projects\spring-batch-main\spring-batch-infrastructure\src\test\java\org\springframework\batch\repeat\listener\RepeatListenerTests.java,org.springframework.batch.repeat.listener.RepeatListenerTests$Anonymous3,anonymous,1,1,0,1,1,1,0,2,0,0.0,NaN,NaN,1,0,1,0,0,0,1,0,0,0,0,0,0,0,0,0,0,0,0,6,0,0,0,0,0,1,0,0,0,0,0,0,0,0,4,-1,0
C:\Users\All Five Projects\spring-batch-main\spring-batch-core\src\test\java\org\springframework\batch\core\configuration\support\JobFactoryRegistrationListenerTests.java,org.springframework.batch.core.configuration.support.JobFactoryRegistrationListenerTests$Anonymous2,anonymous,1,1,0,1,2,1,0,0,1,0.0,0.0,0.0,2,0,2,0,0,0,2,0,0,0,0,0,0,0,0,0,0,0,0,8,2,0,0,0,0,1,0,0,0,0,0,0,0,0,5,-1,0
C:\Users\All Five Projects\spring-batch-main\spring-batch-infrastructure\src\test\java\org\springframework\batch\repeat\listener\RepeatListenerTests.java,org.springframework.batch.repeat.listener.RepeatListenerTests$Anonymous4,anonymous,2,2,0,2,1,1,0,1,0,0.0,NaN,NaN,1,0,1,0,0,0,1,0,0,0,0,0,0,0,0,0,0,0,0,5,0,0,0,0,0,1,0,0,0,0,0,0,0,0,5,-1,0
C:\Users\All Five Projects\spring-batch-main\spring-batch-core\src\main\java\org\springframework\batch\core\configuration\xml\ExceptionElementParser.java,org.springframework.batch.core.configuration.xml.ExceptionElementParser,class,7,9,2,7,5,1,0,10,1,0.0,NaN,NaN,2,0,1,1,0,0,1,0,0,0,0,0,0,0,0,0,0,0,0,23,2,1,1,0,0,6,3,4,1,4,1,0,0,0,29,1,1
C:\Users\All Five Projects\spring-batch-main\spring-batch-infrastructure\src\test\java\org\springframework\batch\repeat\listener\RepeatListenerTests.java,org.springframework.batch.repeat.listener.RepeatListenerTests$Anonymous1,anonymous,1,1,0,1,1,1,0,1,0,0.0,NaN,NaN,1,0,1,0,0,0,1,0,0,0,0,0,0,0,0,0,0,0,0,5,0,0,0,0,0,1,0,0,0,0,0,0,0,0,4,-1,0
C:\Users\All Five Projects\spring-batch-main\spring-batch-core\src\test\java\org\springframework\batch\core\job\flow\FlowJobTests.java,org.springframework.batch.core.job.flow.FlowJobTests$Anonymous1,anonymous,3,3,0,3,2,1,0,3,0,0.0,NaN,NaN,1,0,1,0,0,0,1,0,0,0,0,0,0,0,0,0,0,0,0,12,2,0,0,0,0,0,0,1,0,1,1,0,0,0,12,-1,0
C:\Users\All Five Projects\spring-batch-main\spring-batch-infrastructure\src\test\java\org\springframework\batch\repeat\listener\RepeatListenerTests.java,org.springframework.batch.repeat.listener.RepeatListenerTests$Anonymous2,anonymous,1,1,0,1,1,1,0,1,0,0.0,NaN,NaN,1,0,1,0,0,0,1,0,0,0,0,0,0,0,0,0,0,0,0,5,0,0,0,0,0,1,0,0,0,0,0,0,0,0,4,-1,0
C:\Users\All Five Projects\spring-batch-main\spring-batch-core\src\test\java\org\springframework\batch\core\job\flow\FlowJobTests.java,org.springframework.batch.core.job.flow.FlowJobTests$Anonymous2,anonymous,1,1,0,1,1,1,0,2,0,0.0,NaN,NaN,1,0,1,0,0,0,1,0,0,0,0,0,0,0,0,0,0,0,0,6,0,0,0,0,0,0,0,0,0,0,0,0,0,0,7,-1,0
C:\Users\All Five Projects\spring-batch-main\spring-batch-infrastructure\src\test\java\org\springframework\batch\repeat\listener\RepeatListenerTests.java,org.springframework.batch.repeat.listener.RepeatListenerTests$Anonymous7,anonymous,1,1,0,1,1,1,0,2,0,0.0,NaN,NaN,1,0,1,0,0,0,1,0,0,0,0,0,0,0,0,0,0,0,0,6,0,0,0,0,0,1,0,0,0,0,0,0,0,0,4,-1,0
C:\Users\All Five Projects\spring-batch-main\spring-batch-core\src\test\java\org\springframework\batch\core\job\flow\FlowJobTests.java,org.springframework.batch.core.job.flow.FlowJobTests$Anonymous3,anonymous,1,1,0,1,1,1,0,3,0,0.0,NaN,NaN,1,0,1,0,0,0,1,0,0,0,0,0,0,0,0,0,0,0,0,7,0,0,0,0,0,0,0,0,0,0,0,0,0,0,7,-1,0
C:\Users\All Five Projects\spring-batch-main\spring-batch-infrastructure\src\test\java\org\springframework\batch\repeat\listener\RepeatListenerTests.java,org.springframework.batch.repeat.listener.RepeatListenerTests$Anonymous8,anonymous,1,1,0,1,1,1,0,1,0,0.0,NaN,NaN,1,0,1,0,0,0,1,0,0,0,0,0,0,0,0,0,0,0,0,5,0,0,0,0,0,1,0,0,0,0,0,0,0,0,4,-1,0
C:\Users\All Five Projects\spring-batch-main\spring-batch-core\src\test\java\org\springframework\batch\core\job\flow\FlowJobTests.java,org.springframework.batch.core.job.flow.FlowJobTests$Anonymous4,anonymous,1,1,0,1,2,1,0,7,0,0.0,NaN,NaN,1,0,1,0,0,0,1,0,0,0,0,0,0,0,0,0,0,0,0,12,0,0,0,0,0,3,0,0,0,0,1,0,0,0,12,-1,0
C:\Users\All Five Projects\spring-batch-main\spring-batch-infrastructure\src\test\java\org\springframework\batch\item\support\SingleItemPeekableItemReaderTests.java,org.springframework.batch.item.support.SingleItemPeekableItemReaderTests,class,5,5,0,5,5,2,0,9,0,0.0,1.0,1.0,5,0,0,0,0,5,5,0,0,0,1,0,0,1,0,0,1,0,5,71,0,0,0,0,0,27,0,4,0,4,0,0,1,0,25,0,0
C:\Users\All Five Projects\spring-batch-main\spring-batch-infrastructure\src\test\java\org\springframework\batch\repeat\listener\RepeatListenerTests.java,org.springframework.batch.repeat.listener.RepeatListenerTests$Anonymous5,anonymous,2,2,0,2,1,1,0,1,0,0.0,NaN,NaN,1,0,1,0,0,0,1,0,0,0,0,0,0,0,0,0,0,0,0,5,0,0,0,0,0,1,0,0,0,0,0,0,0,0,5,-1,0
C:\Users\All Five Projects\spring-batch-main\spring-batch-core\src\test\java\org\springframework\batch\core\job\flow\FlowJobTests.java,org.springframework.batch.core.job.flow.FlowJobTests$Anonymous5,anonymous,2,2,0,2,1,1,0,0,0,0.0,NaN,NaN,1,0,1,0,0,0,1,0,0,0,0,0,0,0,0,0,0,0,0,5,0,0,0,0,0,1,0,0,0,0,0,0,0,0,7,-1,0
C:\Users\All Five Projects\spring-batch-main\spring-batch-infrastructure\src\test\java\org\springframework\batch\repeat\listener\RepeatListenerTests.java,org.springframework.batch.repeat.listener.RepeatListenerTests$Anonymous6,anonymous,1,1,0,1,1,1,0,1,0,0.0,NaN,NaN,1,0,1,0,0,0,1,0,0,0,0,0,0,0,0,0,0,0,0,5,0,0,0,0,0,1,0,0,0,0,0,0,0,0,4,-1,0
C:\Users\All Five Projects\spring-batch-main\spring-batch-infrastructure\src\test\java\org\springframework\batch\item\xml\domain\QualifiedTrade.java,org.springframework.batch.item.xml.domain.QualifiedTrade,class,5,8,3,5,29,1,0,5,0,0.53846157,0.53846157,0.84615386,13,0,13,0,0,0,13,0,0,0,4,0,0,4,0,0,0,0,0,70,17,0,13,0,8,13,8,19,10,7,2,0,0,0,35,1,0
C:\Users\All Five Projects\spring-batch-main\spring-batch-samples\src\main\java\org\springframework\batch\samples\file\multirecordtype\MultiRecordTypeJobConfiguration.java,org.springframework.batch.samples.file.multirecordtype.MultiRecordTypeJobConfiguration,class,29,31,2,29,9,1,0,21,36,0.0,0.0,0.0,9,0,9,0,0,0,9,0,0,0,0,0,0,0,0,0,0,0,2,51,9,0,0,0,0,26,15,8,0,8,0,0,0,0,50,1,0
C:\Users\All Five Projects\spring-batch-main\spring-batch-core\src\test\java\org\springframework\batch\core\step\item\FatalRuntimeException.java,org.springframework.batch.core.step.item.FatalRuntimeException,class,1,3,2,1,1,5,0,0,0,0.0,NaN,NaN,1,0,1,0,0,0,1,0,0,0,0,0,0,0,0,0,0,0,0,5,0,0,0,0,0,1,0,0,0,0,0,0,0,0,7,1,0
C:\Users\All Five Projects\spring-batch-main\spring-batch-core\src\test\java\org\springframework\batch\core\step\item\SkipWriterStub.java,org.springframework.batch.core.step.item.SkipWriterStub,class,4,9,5,4,6,2,0,5,0,0.4,0.5,0.6,5,0,5,0,0,0,5,0,0,0,2,0,0,2,0,0,2,0,0,25,2,1,0,0,0,1,0,2,1,2,1,0,0,0,21,1,1
C:\Users\All Five Projects\spring-batch-main\spring-batch-infrastructure\src\main\java\org\springframework\batch\item\file\FlatFileParseException.java,org.springframework.batch.item.file.FlatFileParseException,class,1,4,3,1,5,2,0,0,0,0.3,0.8,1.0,5,0,5,0,0,0,5,0,0,0,2,0,0,2,0,0,1,0,0,24,2,0,0,0,0,0,0,5,0,2,0,0,0,0,43,1,0
C:\Users\All Five Projects\spring-batch-main\spring-batch-samples\src\test\java\org\springframework\batch\samples\retry\RetrySampleFunctionalTests.java,org.springframework.batch.samples.retry.RetrySampleFunctionalTests,class,13,13,0,13,2,1,0,7,0,0.16666667,0.0,0.0,2,0,1,0,0,1,2,0,0,0,3,0,0,3,0,0,0,0,0,19,0,0,0,0,0,2,2,6,2,9,0,0,0,0,54,0,0
C:\Users\All Five Projects\spring-batch-main\spring-batch-infrastructure\src\main\java\org\springframework\batch\item\database\support\MySqlPagingQueryProvider.java,org.springframework.batch.item.database.support.MySqlPagingQueryProvider,class,3,5,2,3,4,2,0,8,3,0.0,0.0,0.0,3,0,2,1,0,0,2,0,0,0,0,0,0,0,0,0,0,0,3,16,4,0,0,0,0,1,0,0,0,0,1,0,0,0,36,1,0
C:\Users\All Five Projects\spring-batch-main\spring-batch-samples\src\main\java\org\springframework\batch\samples\metrics\Job1Configuration.java,org.springframework.batch.samples.metrics.Job1Configuration,class,10,12,2,10,5,1,0,9,0,0.25,0.5,0.5,4,0,4,0,0,0,4,0,0,0,1,0,0,1,0,0,1,0,0,29,5,0,1,0,0,6,4,2,1,6,2,0,0,2,18,1,0
C:\Users\All Five Projects\spring-batch-main\spring-batch-infrastructure\src\test\java\org\springframework\batch\item\jms\JmsItemWriterTests.java,org.springframework.batch.item.jms.JmsItemWriterTests,class,4,4,0,4,2,1,0,6,0,0.0,1.0,1.0,2,0,0,0,0,2,2,0,0,0,1,0,0,0,0,1,0,0,0,14,0,0,0,0,0,4,0,3,0,3,0,0,0,1,20,0,0
C:\Users\All Five Projects\spring-batch-main\spring-batch-core\src\main\java\org\springframework\batch\core\observability\BatchJobObservation.java,org.springframework.batch.core.observability.BatchJobObservation$Anonymous1,anonymous,3,3,0,3,5,1,0,2,10,0.0,0.0,0.0,5,0,5,0,0,0,5,0,0,0,0,0,0,0,0,0,0,0,2,17,5,0,0,0,0,3,0,0,0,0,0,0,0,0,9,-1,0
C:\Users\All Five Projects\spring-batch-main\spring-batch-core\src\test\java\org\springframework\batch\core\job\flow\FlowStepTests.java,org.springframework.batch.core.job.flow.FlowStepTests$StubStep,innerclass,4,4,0,4,4,2,0,3,1,0.33333334,NaN,NaN,3,0,1,2,0,0,1,0,0,0,1,0,0,1,0,0,1,0,0,21,0,0,0,0,0,0,0,5,0,3,1,0,0,0,18,2,0
C:\Users\All Five Projects\spring-batch-main\spring-batch-infrastructure\src\main\java\org\springframework\batch\item\support\builder\SynchronizedItemWriterBuilder.java,org.springframework.batch.item.support.builder.SynchronizedItemWriterBuilder,class,4,5,1,4,2,1,0,1,0,0.0,1.0,1.0,2,0,2,0,0,0,2,0,0,0,1,0,0,1,0,0,0,0,0,11,2,0,0,0,0,1,0,1,0,1,0,0,0,0,23,1,0
C:\Users\All Five Projects\spring-batch-main\spring-batch-infrastructure\src\test\java\org\springframework\batch\item\data\builder\RepositoryItemReaderBuilderTests.java,org.springframework.batch.item.data.builder.RepositoryItemReaderBuilderTests,class,13,14,1,13,12,1,0,28,0,0.5729166,0.9818182,1.0,12,0,0,1,0,11,11,0,0,0,8,4,0,8,0,0,4,0,0,97,0,0,0,0,0,35,19,34,0,34,0,0,1,0,93,0,0
C:\Users\All Five Projects\spring-batch-main\spring-batch-infrastructure\src\test\java\org\springframework\batch\item\database\support\H2PagingQueryProviderIntegrationTests.java,org.springframework.batch.item.database.support.H2PagingQueryProviderIntegrationTests,class,14,14,0,14,1,1,0,13,0,0.0,NaN,NaN,1,0,0,0,0,1,1,0,0,0,0,0,0,0,0,0,0,0,2,26,0,0,0,0,0,15,3,9,0,10,1,0,0,1,56,0,0
C:\Users\All Five Projects\spring-batch-main\spring-batch-infrastructure\src\test\java\org\springframework\batch\repeat\callback\NestedRepeatCallbackTests.java,org.springframework.batch.repeat.callback.NestedRepeatCallbackTests,class,4,4,0,4,2,1,0,5,0,0.0,NaN,NaN,1,0,0,0,0,1,1,0,0,0,1,0,0,1,0,0,0,0,0,13,1,0,0,0,0,0,3,3,0,4,1,0,0,1,16,0,0
C:\Users\All Five Projects\spring-batch-main\spring-batch-core\src\test\java\org\springframework\batch\core\job\flow\support\SimpleFlowTests.java,org.springframework.batch.core.job.flow.support.SimpleFlowTests$Anonymous2,anonymous,2,2,0,2,1,1,0,0,0,0.0,NaN,NaN,1,0,1,0,0,0,1,0,0,0,0,0,0,0,0,0,0,0,0,5,1,0,0,0,0,0,0,0,0,0,0,0,0,0,6,-1,0
C:\Users\All Five Projects\spring-batch-main\spring-batch-core\src\test\java\org\springframework\batch\core\job\flow\support\SimpleFlowTests.java,org.springframework.batch.core.job.flow.support.SimpleFlowTests$Anonymous1,anonymous,1,1,0,1,1,1,0,1,0,0.0,NaN,NaN,1,0,1,0,0,0,1,0,0,0,0,0,0,0,0,0,0,0,0,5,0,0,0,0,0,0,0,0,0,0,0,0,0,0,4,-1,0
C:\Users\All Five Projects\spring-batch-main\spring-batch-core\src\test\java\org\springframework\batch\core\job\flow\FlowJobTests.java,org.springframework.batch.core.job.flow.FlowJobTests$Anonymous6,anonymous,2,2,0,2,1,1,0,0,0,0.0,NaN,NaN,1,0,1,0,0,0,1,0,0,0,0,0,0,0,0,0,0,0,0,5,0,0,0,0,0,1,0,0,0,0,0,0,0,0,7,-1,0
C:\Users\All Five Projects\spring-batch-main\spring-batch-core\src\test\java\org\springframework\batch\core\repository\JobRestartExceptionTests.java,org.springframework.batch.core.repository.JobRestartExceptionTests,class,2,2,0,2,2,2,0,0,1,0.0,0.0,0.0,2,0,2,0,0,0,2,0,0,0,0,0,0,0,0,0,0,0,0,8,2,0,0,0,0,0,0,0,0,0,0,0,0,0,11,1,0
C:\Users\All Five Projects\spring-batch-main\spring-batch-core\src\test\java\org\springframework\batch\core\step\item\ChunkOrientedTaskletTests.java,org.springframework.batch.core.step.item.ChunkOrientedTaskletTests,class,10,10,0,10,3,1,0,10,0,0.0,1.0,1.0,3,0,0,0,0,3,3,0,0,0,1,0,0,1,0,0,1,0,0,53,0,0,0,0,0,8,9,9,0,15,0,3,0,4,36,0,0
C:\Users\All Five Projects\spring-batch-main\spring-batch-samples\src\test\java\org\springframework\batch\samples\loop\LoopFlowSampleFunctionalTests.java,org.springframework.batch.samples.loop.LoopFlowSampleFunctionalTests,class,5,5,0,5,1,1,0,4,0,0.0,NaN,NaN,1,0,0,0,0,1,1,0,0,0,2,0,0,2,0,0,0,0,0,8,0,0,0,0,0,2,1,0,0,2,0,0,0,0,43,0,0
C:\Users\All Five Projects\spring-batch-main\spring-batch-core\src\main\java\org\springframework\batch\core\observability\BatchStepObservation.java,org.springframework.batch.core.observability.BatchStepObservation$StepLowCardinalityTags,enum,0,0,0,0,0,1,0,0,0,0.0,-1.0,-1.0,0,0,0,0,0,0,0,0,0,0,0,0,0,0,0,0,0,0,0,25,0,0,0,0,0,0,0,0,0,0,0,4,0,0,27,0,0
C:\Users\All Five Projects\spring-batch-main\spring-batch-integration\src\test\java\org\springframework\batch\integration\step\DelegateStep.java,org.springframework.batch.integration.step.DelegateStep,class,3,3,0,3,4,2,0,3,0,0.0,1.0,1.0,3,0,2,0,1,0,3,0,0,0,1,0,0,1,0,0,0,0,0,13,0,0,1,0,0,1,0,1,0,1,0,0,0,0,37,1,0
C:\Users\All Five Projects\spring-batch-main\spring-batch-core\src\test\java\org\springframework\batch\core\configuration\xml\DecisionJobParserTests.java,org.springframework.batch.core.configuration.xml.DecisionJobParserTests$TestDecider,innerclass,5,5,0,5,1,1,0,0,0,0.0,NaN,NaN,1,0,1,0,0,0,1,0,0,0,0,0,0,0,0,0,0,0,0,5,1,0,0,0,0,1,0,0,0,0,0,0,0,0,9,9,0
C:\Users\All Five Projects\spring-batch-main\spring-batch-infrastructure\src\main\java\org\springframework\batch\item\database\JdbcParameterUtils.java,org.springframework.batch.item.database.JdbcParameterUtils,class,1,4,3,1,27,1,0,9,3,0.0,NaN,NaN,3,2,1,2,0,0,1,0,0,0,0,0,0,0,0,0,0,0,1,59,3,2,17,0,1,0,6,13,3,8,6,0,0,0,117,1025,0
C:\Users\All Five Projects\spring-batch-main\spring-batch-infrastructure\src\main\java\org\springframework\batch\support\MethodInvoker.java,org.springframework.batch.support.MethodInvoker,interface,1,3,2,1,1,1,0,0,0,0.0,NaN,NaN,1,0,0,0,0,1,1,0,0,0,0,0,0,0,0,0,0,0,0,3,0,0,0,0,0,0,0,0,0,0,0,0,0,0,17,1,0
C:\Users\All Five Projects\spring-batch-main\spring-batch-infrastructure\src\test\java\org\springframework\batch\item\support\builder\ClassifierCompositeItemProcessorBuilderTests.java,org.springframework.batch.item.support.builder.ClassifierCompositeItemProcessorBuilderTests,class,5,5,0,5,2,1,0,7,1,0.0,0.0,0.0,2,0,0,0,0,2,2,0,0,0,0,0,0,0,0,0,0,0,0,17,0,0,0,0,0,10,0,5,1,7,0,0,0,3,24,0,0
C:\Users\All Five Projects\spring-batch-main\spring-batch-infrastructure\src\main\java\org\springframework\batch\infrastructure\aot\InfrastructureRuntimeHints.java,org.springframework.batch.infrastructure.aot.InfrastructureRuntimeHints,class,43,43,0,43,2,1,0,4,0,0.0,NaN,NaN,1,0,1,0,0,0,1,0,0,0,0,0,0,0,0,0,0,0,1,8,0,1,0,0,0,0,0,1,0,1,1,0,0,0,16,1,0
C:\Users\All Five Projects\spring-batch-main\spring-batch-core\src\test\java\org\springframework\batch\core\configuration\support\GenericApplicationContextFactoryTests.java,org.springframework.batch.core.configuration.support.GenericApplicationContextFactoryTests$ChildBean,innerclass,4,4,0,4,2,1,0,0,1,0.5,0.0,0.0,2,0,2,0,0,0,2,0,0,0,2,0,0,2,0,0,0,0,0,10,0,0,0,0,0,0,2,2,0,2,0,0,0,0,13,9,0
C:\Users\All Five Projects\spring-batch-main\spring-batch-core\src\test\java\org\springframework\batch\core\job\flow\support\DefaultStateTransitionComparatorTests.java,org.springframework.batch.core.job.flow.support.DefaultStateTransitionComparatorTests,class,5,5,0,5,13,1,0,3,0,0.0,1.0,1.0,13,0,0,0,0,13,13,0,0,0,2,0,0,2,0,0,2,0,0,80,0,0,0,0,0,51,25,27,0,27,0,0,0,0,41,0,0
C:\Users\All Five Projects\spring-batch-main\spring-batch-core\src\test\java\org\springframework\batch\core\job\ExtendedAbstractJobTests.java,org.springframework.batch.core.job.ExtendedAbstractJobTests$Anonymous1,anonymous,3,3,0,3,1,1,0,0,0,0.0,NaN,NaN,1,0,1,0,0,0,1,0,0,0,0,0,0,0,0,0,0,0,0,5,0,0,0,0,0,1,0,0,0,0,0,0,0,0,6,-1,0
C:\Users\All Five Projects\spring-batch-main\spring-batch-core\src\test\java\org\springframework\batch\core\configuration\annotation\StepScopeConfigurationTests.java,org.springframework.batch.core.configuration.annotation.StepScopeConfigurationTests$SimpleHolder,innerclass,1,1,0,1,3,1,0,0,0,0.0,1.0,1.0,3,0,2,0,1,0,3,0,0,0,1,0,0,1,0,0,1,0,0,12,1,0,0,0,0,1,0,2,0,1,0,0,0,0,6,9,0
C:\Users\All Five Projects\spring-batch-main\spring-batch-core\src\test\java\org\springframework\batch\core\configuration\xml\TestReader.java,org.springframework.batch.core.configuration.xml.TestReader,class,4,9,5,4,8,2,0,4,9,0.6666666,0.14285715,0.14285715,6,0,6,0,0,0,7,0,0,0,2,0,0,1,0,1,0,0,1,33,3,0,0,0,0,2,2,8,0,4,2,0,0,0,24,1,0
C:\Users\All Five Projects\spring-batch-main\spring-batch-infrastructure\src\test\java\org\springframework\batch\item\amqp\builder\AmqpItemReaderBuilderTests.java,org.springframework.batch.item.amqp.builder.AmqpItemReaderBuilderTests,class,8,8,0,8,4,1,0,12,0,0.25,0.5,0.5,4,0,0,0,0,4,4,0,0,0,1,0,0,0,0,1,0,0,0,23,0,0,0,0,0,5,0,5,0,6,0,0,0,1,24,0,0
C:\Users\All Five Projects\spring-batch-main\spring-batch-samples\src\main\java\org\springframework\batch\samples\chunking\WorkerConfiguration.java,org.springframework.batch.samples.chunking.WorkerConfiguration,class,17,19,2,17,9,1,0,18,28,0.875,0.0,0.0,8,0,8,0,0,0,8,0,0,0,2,0,0,2,0,0,0,0,0,39,9,1,0,0,0,6,0,1,2,5,2,0,0,2,61,1,0
C:\Users\All Five Projects\spring-batch-main\spring-batch-core\src\main\java\org\springframework\batch\core\configuration\xml\StandaloneStepParser.java,org.springframework.batch.core.configuration.xml.StandaloneStepParser,class,4,5,1,4,1,2,0,1,0,0.0,NaN,NaN,1,0,1,0,0,0,1,0,0,0,0,0,0,0,0,0,0,0,0,5,1,0,0,0,0,0,0,0,0,0,0,0,0,0,38,1,0
C:\Users\All Five Projects\spring-batch-main\spring-batch-infrastructure\src\test\java\org\springframework\batch\item\xml\stax\DefaultFragmentEventReaderTests.java,org.springframework.batch.item.xml.stax.DefaultFragmentEventReaderTests,class,8,9,1,8,10,1,0,26,0,0.33333334,1.0,1.0,6,0,0,2,0,4,4,0,0,0,2,0,0,2,0,0,0,0,6,62,0,2,0,0,0,7,0,11,0,9,1,0,0,0,93,0,0
C:\Users\All Five Projects\spring-batch-main\spring-batch-core\src\test\java\org\springframework\batch\core\converter\StringToLocalTimeConverterTests.java,org.springframework.batch.core.converter.StringToLocalTimeConverterTests,class,2,2,0,2,1,1,0,2,0,0.0,NaN,NaN,1,0,0,0,0,1,1,0,0,0,1,0,0,1,0,0,1,0,0,8,0,0,0,0,0,1,0,3,0,3,0,0,0,0,14,0,0
C:\Users\All Five Projects\spring-batch-main\spring-batch-infrastructure\src\main\java\org\springframework\batch\item\file\DefaultBufferedReaderFactory.java,org.springframework.batch.item.file.DefaultBufferedReaderFactory,class,2,4,2,2,1,1,0,1,0,0.0,NaN,NaN,1,0,1,0,0,0,1,0,0,0,0,0,0,0,0,0,0,0,0,5,1,0,0,0,0,0,0,0,0,0,0,0,0,0,17,1,0
C:\Users\All Five Projects\spring-batch-main\spring-batch-core\src\test\java\org\springframework\batch\core\job\flow\support\JobFlowExecutorSupport.java,org.springframework.batch.core.job.flow.support.JobFlowExecutorSupport,class,7,10,3,7,8,1,0,1,28,0.0,0.0,0.0,8,0,8,0,0,0,8,0,0,0,0,0,0,0,0,0,0,0,0,22,4,0,0,0,0,0,0,0,0,0,0,0,0,0,28,1,0
C:\Users\All Five Projects\spring-batch-main\spring-batch-core\src\main\java\org\springframework\batch\core\configuration\xml\AbstractFlowParser.java,org.springframework.batch.core.configuration.xml.AbstractFlowParser,class,16,23,7,16,48,2,2,48,66,0.88663965,0.044444446,0.044444446,13,8,3,3,7,0,10,0,0,0,19,18,0,4,15,0,17,0,13,209,10,7,6,0,2,31,3,67,5,58,4,0,0,0,211,1025,4
C:\Users\All Five Projects\spring-batch-main\spring-batch-core\src\test\java\org\springframework\batch\core\configuration\support\ReferenceJobFactoryTests.java,org.springframework.batch.core.configuration.support.ReferenceJobFactoryTests,class,3,3,0,3,1,1,0,2,0,0.0,NaN,NaN,1,0,0,0,0,1,1,0,0,0,0,0,0,0,0,0,0,0,0,6,0,0,0,0,0,2,0,1,0,1,0,0,0,0,13,0,0
C:\Users\All Five Projects\spring-batch-main\spring-batch-infrastructure\src\test\java\org\springframework\batch\poller\DirectPollerTests.java,org.springframework.batch.poller.DirectPollerTests,class,4,5,1,4,8,1,0,14,0,0.0,1.0,1.0,4,0,0,1,0,3,3,0,0,0,1,0,0,1,0,0,1,0,1,57,5,0,0,1,0,6,9,13,0,13,2,0,0,5,43,0,0
C:\Users\All Five Projects\spring-batch-main\spring-batch-core\src\main\java\org\springframework\batch\core\listener\StepListenerFailedException.java,org.springframework.batch.core.listener.StepListenerFailedException,class,0,1,1,0,1,4,0,0,0,0.0,NaN,NaN,1,0,1,0,0,0,1,0,0,0,0,0,0,0,0,0,0,0,0,5,0,0,0,0,0,0,0,0,0,0,0,0,0,0,31,1,0
C:\Users\All Five Projects\spring-batch-main\spring-batch-core\src\test\java\org\springframework\batch\core\listener\ItemListenerErrorTests.java,org.springframework.batch.core.listener.ItemListenerErrorTests$FailingItemWriter,innerclass,2,2,0,2,3,1,0,0,0,0.0,1.0,1.0,2,0,2,0,0,0,2,0,0,0,1,0,0,1,0,0,0,0,0,11,0,0,0,0,0,1,0,2,0,1,1,0,0,0,15,9,0
C:\Users\All Five Projects\spring-batch-main\spring-batch-infrastructure\src\test\java\org\springframework\batch\item\support\builder\ClassifierCompositeItemWriterBuilderTests.java,org.springframework.batch.item.support.builder.ClassifierCompositeItemWriterBuilderTests,class,6,6,0,6,2,1,0,11,1,0.5,0.0,0.0,2,0,0,0,0,2,2,0,0,0,2,0,0,2,0,0,2,0,0,19,0,0,0,0,0,13,0,7,0,9,0,0,0,3,31,0,0
C:\Users\All Five Projects\spring-batch-main\spring-batch-infrastructure\src\test\java\org\springframework\batch\item\file\SimpleBinaryBufferedReaderFactoryTests.java,org.springframework.batch.item.file.SimpleBinaryBufferedReaderFactoryTests,class,5,5,0,5,7,1,0,8,21,0.0,0.0,0.0,7,0,0,0,0,7,7,0,0,0,0,0,0,0,0,0,0,0,0,58,0,0,0,0,2,41,1,14,1,14,0,0,0,0,33,0,0
C:\Users\All Five Projects\spring-batch-main\spring-batch-infrastructure\src\main\java\org\springframework\batch\item\validator\ValidationException.java,org.springframework.batch.item.validator.ValidationException,class,1,4,3,1,2,5,0,0,1,0.0,0.0,0.0,2,0,2,0,0,0,2,0,0,0,0,0,0,0,0,0,0,0,0,8,0,0,0,0,0,0,0,0,0,0,0,0,0,0,28,1,0
C:\Users\All Five Projects\spring-batch-main\spring-batch-infrastructure\src\main\java\org\springframework\batch\item\WriterNotOpenException.java,org.springframework.batch.item.WriterNotOpenException,class,1,3,2,1,2,5,0,0,1,0.0,0.0,0.0,2,0,2,0,0,0,2,0,0,0,0,0,0,0,0,0,0,0,0,8,0,0,0,0,0,0,0,0,0,0,0,0,0,0,31,1,0
C:\Users\All Five Projects\spring-batch-main\spring-batch-infrastructure\src\test\java\org\springframework\batch\common\AbstractExceptionTests.java,org.springframework.batch.common.AbstractExceptionTests,class,2,3,1,2,4,1,0,5,6,0.0,0.0,0.0,4,0,0,0,2,2,4,2,0,0,0,0,0,0,0,0,0,0,0,12,0,0,0,0,0,4,2,2,0,2,0,0,0,0,14,1025,0
C:\Users\All Five Projects\spring-batch-main\spring-batch-infrastructure\src\test\java\org\springframework\batch\item\database\JdbcBatchItemWriterClassicTests.java,org.springframework.batch.item.database.JdbcBatchItemWriterClassicTests$Anonymous1,anonymous,3,3,0,3,2,1,0,2,0,0.0,NaN,NaN,1,0,1,0,0,0,1,0,0,0,0,0,0,0,0,0,0,0,0,11,1,0,0,1,0,1,0,0,0,0,1,0,0,0,13,-1,0
C:\Users\All Five Projects\spring-batch-main\spring-batch-core\src\test\java\org\springframework\batch\core\resource\FooRowMapper.java,org.springframework.batch.core.resource.FooRowMapper,class,2,3,1,2,1,1,0,5,0,0.0,NaN,NaN,1,0,1,0,0,0,1,0,0,0,0,0,0,0,0,0,0,0,0,9,1,0,0,0,0,0,3,1,0,1,0,0,0,0,13,1,0
C:\Users\All Five Projects\spring-batch-main\spring-batch-core\src\test\java\org\springframework\batch\core\step\NonAbstractStepTests.java,org.springframework.batch.core.step.NonAbstractStepTests$JobRepositoryStub,innerclass,3,3,0,3,4,2,0,4,1,0.5,0.0,0.0,2,0,2,0,0,0,2,0,0,0,2,1,0,0,0,2,0,0,0,14,0,0,2,0,0,1,1,3,0,2,1,0,0,0,22,10,0
C:\Users\All Five Projects\spring-batch-main\spring-batch-infrastructure\src\test\java\org\springframework\batch\item\database\support\OraclePagingQueryProviderTests.java,org.springframework.batch.item.database.support.OraclePagingQueryProviderTests,class,3,3,0,3,7,2,0,5,21,0.0,0.0,0.0,7,0,0,0,0,7,7,0,0,0,0,0,0,0,0,0,0,0,0,37,2,0,0,0,0,10,0,11,0,10,0,0,0,0,58,0,0
C:\Users\All Five Projects\spring-batch-main\spring-batch-infrastructure\src\test\java\org\springframework\batch\item\json\JacksonJsonItemReaderCommonTests.java,org.springframework.batch.item.json.JacksonJsonItemReaderCommonTests,class,4,4,0,4,1,3,0,0,0,0.0,NaN,NaN,1,0,0,0,1,0,1,0,0,0,0,0,0,0,0,0,0,0,0,5,1,0,0,0,0,0,0,0,0,0,0,0,0,0,11,0,0
C:\Users\All Five Projects\spring-batch-main\spring-batch-core\src\main\java\org\springframework\batch\core\configuration\xml\AbstractListenerParser.java,org.springframework.batch.core.configuration.xml.AbstractListenerParser,class,12,19,7,12,21,1,2,29,19,0.75,0.0,0.0,7,2,3,2,2,0,5,2,0,0,4,4,0,4,0,0,4,0,2,78,5,2,5,0,2,26,12,16,7,16,3,0,0,0,75,1025,1
C:\Users\All Five Projects\spring-batch-main\spring-batch-core\src\main\java\org\springframework\batch\core\configuration\support\GenericApplicationContextFactory.java,org.springframework.batch.core.configuration.support.GenericApplicationContextFactory,class,8,11,3,8,9,4,0,6,3,0.0,0.0,0.0,3,0,1,1,1,0,2,0,0,0,0,0,0,0,0,0,0,0,1,141,3,2,0,0,0,1,0,4,1,2,2,0,3,0,89,1,0
C:\Users\All Five Projects\spring-batch-main\spring-batch-infrastructure\src\test\java\org\springframework\batch\container\jms\BatchMessageListenerContainer.java,org.springframework.batch.container.jms.BatchMessageListenerContainer,class,9,12,3,9,9,2,0,13,6,0.6666667,0.2,0.3,5,0,3,0,2,0,5,0,0,0,3,0,0,3,0,0,1,0,0,45,2,1,0,0,0,2,1,8,0,6,1,0,1,0,141,1,1
C:\Users\All Five Projects\spring-batch-main\spring-batch-infrastructure\src\test\java\org\springframework\batch\item\database\ExtendedConnectionDataSourceProxyTests.java,org.springframework.batch.item.database.ExtendedConnectionDataSourceProxyTests$Supported,interface,0,0,0,0,0,1,0,0,0,0.0,-1.0,-1.0,0,0,0,0,0,0,0,0,0,0,0,0,0,0,0,0,0,0,0,2,0,0,0,0,0,0,0,0,0,0,0,0,0,0,8,2,0
C:\Users\All Five Projects\spring-batch-main\spring-batch-core\src\test\java\org\springframework\batch\core\step\tasklet\StepExecutorInterruptionTests.java,org.springframework.batch.core.step.tasklet.StepExecutorInterruptionTests,class,20,21,1,20,13,1,0,31,0,0.41666666,0.6666667,1.0,6,0,0,2,0,4,4,0,0,0,6,0,0,6,0,0,0,0,4,136,1,2,0,1,0,9,12,15,0,16,2,5,0,2,69,0,0
C:\Users\All Five Projects\spring-batch-main\spring-batch-core\src\test\java\org\springframework\batch\core\listener\OrderedCompositeTests.java,org.springframework.batch.core.listener.OrderedCompositeTests$OrderedObject,innerclass,1,1,0,1,0,1,0,0,0,0.0,-1.0,-1.0,0,0,0,0,0,0,0,0,0,0,0,0,0,0,0,0,0,0,0,2,0,0,0,0,0,0,1,0,0,0,0,0,0,0,2,10,0
C:\Users\All Five Projects\spring-batch-main\spring-batch-core\src\main\java\org\springframework\batch\core\configuration\xml\AbstractStepParser.java,org.springframework.batch.core.configuration.xml.AbstractStepParser,class,18,21,3,18,37,1,2,38,2,0.725,NaN,NaN,4,0,0,3,1,0,1,0,0,0,20,20,0,19,1,0,20,0,7,177,4,1,4,0,1,46,1,62,0,58,4,0,0,0,141,1025,3
C:\Users\All Five Projects\spring-batch-main\spring-batch-core\src\test\java\org\springframework\batch\core\configuration\support\MapStepRegistryTests.java,org.springframework.batch.core.configuration.support.MapStepRegistryTests,class,10,11,1,10,23,1,0,17,210,0.0,0.0,0.0,21,0,0,0,8,13,21,0,0,0,0,0,0,0,0,0,0,0,1,96,3,2,0,0,0,32,0,20,0,20,1,0,0,9,38,0,0
C:\Users\All Five Projects\spring-batch-main\spring-batch-core\src\test\java\org\springframework\batch\core\repository\support\JobRepositoryFactoryBeanTests.java,org.springframework.batch.core.repository.support.JobRepositoryFactoryBeanTests,class,26,27,1,26,22,1,0,39,0,0.52,1.0,1.0,20,0,3,0,0,17,20,0,0,0,5,0,0,5,0,0,1,0,0,221,0,1,0,0,0,87,6,44,27,38,2,0,2,5,95,0,0
C:\Users\All Five Projects\spring-batch-main\spring-batch-core\src\main\java\org\springframework\batch\core\step\builder\JobStepBuilder.java,org.springframework.batch.core.step.builder.JobStepBuilder,class,9,11,2,9,11,2,0,10,9,0.6666667,0.2,0.4,6,0,5,0,1,0,6,0,0,0,3,0,0,3,0,0,0,0,0,53,5,0,3,2,0,0,0,6,0,5,2,0,0,0,64,1,0
C:\Users\All Five Projects\spring-batch-main\spring-batch-core\src\test\java\org\springframework\batch\core\scope\context\ChunkContextTests.java,org.springframework.batch.core.scope.context.ChunkContextTests,class,7,7,0,7,3,1,0,13,0,0.0,1.0,1.0,3,0,0,0,0,3,3,0,0,0,1,0,0,1,0,0,1,0,1,19,0,0,0,0,0,12,2,3,3,3,0,0,0,0,28,0,0
C:\Users\All Five Projects\spring-batch-main\spring-batch-infrastructure\src\main\java\org\springframework\batch\item\xml\stax\DefaultFragmentEventReader.java,org.springframework.batch.item.xml.stax.DefaultFragmentEventReader,class,4,6,2,4,30,2,0,13,11,0.68750006,0.2857143,0.35714287,10,0,8,2,0,0,8,0,0,0,8,0,0,8,0,0,2,0,1,111,9,1,3,4,4,4,3,26,0,10,3,0,0,0,85,1,0
C:\Users\All Five Projects\spring-batch-main\spring-batch-test\src\test\java\org\springframework\batch\test\context\BatchTestContextBeanPostProcessorTests.java,org.springframework.batch.test.context.BatchTestContextBeanPostProcessorTests,class,9,9,0,9,6,1,0,6,0,0.0,1.0,1.0,5,0,0,0,0,5,5,0,0,0,1,0,0,1,0,0,0,0,0,47,0,0,1,0,0,2,0,4,0,4,1,0,2,0,35,0,0
C:\Users\All Five Projects\spring-batch-main\spring-batch-core\src\test\java\org\springframework\batch\core\configuration\xml\PartitionStepWithLateBindingParserTests.java,org.springframework.batch.core.configuration.xml.PartitionStepWithLateBindingParserTests,class,12,13,1,12,4,1,0,16,1,0.5833333,1.0,1.0,3,0,0,1,0,2,2,0,0,0,4,0,0,4,0,0,1,0,2,28,1,1,0,0,0,5,2,4,0,7,1,0,0,0,40,0,0
C:\Users\All Five Projects\spring-batch-main\spring-batch-core\src\test\java\org\springframework\batch\core\scope\TestAdvice.java,org.springframework.batch.core.scope.TestAdvice,class,2,2,0,2,1,1,0,1,0,0.0,NaN,NaN,1,0,1,0,0,0,1,0,0,0,1,1,1,0,0,0,1,0,0,6,0,0,0,0,0,2,0,1,0,1,0,0,0,0,7,1,0
C:\Users\All Five Projects\spring-batch-main\spring-batch-core\src\main\java\org\springframework\batch\core\job\SimpleJob.java,org.springframework.batch.core.job.SimpleJob,class,5,8,3,5,17,2,0,16,1,0.2857143,0.47619048,0.47619048,7,0,6,0,1,0,7,0,0,0,1,0,0,1,0,0,1,0,0,56,4,3,3,0,2,1,0,5,1,4,3,0,0,0,97,1,1
C:\Users\All Five Projects\spring-batch-main\spring-batch-core\src\test\java\org\springframework\batch\core\converter\DateToStringConverterTests.java,org.springframework.batch.core.converter.DateToStringConverterTests,class,2,2,0,2,1,1,0,3,0,0.0,NaN,NaN,1,0,0,0,0,1,1,0,0,0,1,0,0,1,0,0,1,0,1,8,0,0,0,0,0,1,0,3,0,3,0,0,0,0,14,0,0
C:\Users\All Five Projects\spring-batch-main\spring-batch-test\src\main\java\org\springframework\batch\test\MetaDataInstanceFactory.java,org.springframework.batch.test.MetaDataInstanceFactory,class,6,16,10,6,14,1,0,12,60,0.78461534,0.115384616,0.1923077,13,13,13,0,0,0,13,0,0,0,5,5,5,0,0,0,5,0,12,59,13,1,0,0,0,2,3,11,0,11,1,0,0,0,83,1,0
C:\Users\All Five Projects\spring-batch-main\spring-batch-infrastructure\src\main\java\org\springframework\batch\repeat\policy\CompletionPolicySupport.java,org.springframework.batch.repeat.policy.CompletionPolicySupport,class,5,9,4,5,7,1,3,3,6,0.0,0.0,0.0,4,0,4,0,0,0,4,0,0,0,0,0,0,0,0,0,0,0,0,21,4,0,1,0,1,0,0,0,0,0,1,0,0,0,39,1,0
C:\Users\All Five Projects\spring-batch-main\spring-batch-infrastructure\src\main\java\org\springframework\batch\item\file\builder\FlatFileItemWriterBuilder.java,org.springframework.batch.item.file.builder.FlatFileItemWriterBuilder$FormattedBuilder,innerclass,7,7,0,7,15,1,0,16,16,0.74999994,0.2777778,1.0,9,0,8,0,1,0,9,0,0,0,8,0,0,8,0,0,2,0,2,68,8,0,4,1,1,3,2,15,0,10,3,0,0,0,96,9,0
C:\Users\All Five Projects\spring-batch-main\spring-batch-integration\src\main\java\org\springframework\batch\integration\config\xml\RemoteChunkingWorkerParser.java,org.springframework.batch.integration.config.xml.RemoteChunkingWorkerParser$ServiceActivatorParser,innerclass,6,6,0,6,2,2,0,2,0,0.4,1.0,1.0,2,0,1,0,1,0,2,0,0,0,5,4,0,5,0,0,5,0,0,16,1,0,0,0,0,4,0,6,1,6,0,0,0,0,41,10,0
C:\Users\All Five Projects\spring-batch-main\spring-batch-core\src\test\java\org\springframework\batch\core\configuration\xml\JobExecutionListenerMethodAttributeParserTests.java,org.springframework.batch.core.configuration.xml.JobExecutionListenerMethodAttributeParserTests,class,7,7,0,7,1,1,0,6,0,0.0,NaN,NaN,1,0,0,0,0,1,1,0,0,0,4,2,2,0,0,2,0,0,1,20,0,0,0,0,0,2,0,3,0,5,0,0,1,0,22,1,0
C:\Users\All Five Projects\spring-batch-main\spring-batch-infrastructure\src\test\java\org\springframework\batch\item\file\MultiResourceItemWriterXmlTests.java,org.springframework.batch.item.file.MultiResourceItemWriterXmlTests,class,7,8,1,7,3,2,0,17,1,0.5555556,0.33333334,0.33333334,3,0,0,0,1,2,3,0,0,0,3,2,0,3,0,0,2,0,0,60,1,0,0,0,0,17,6,9,11,9,0,0,1,0,40,0,0
C:\Users\All Five Projects\spring-batch-main\spring-batch-core\src\test\java\org\springframework\batch\core\step\tasklet\ConfigurableSystemProcessExitCodeMapperTests.java,org.springframework.batch.core.step.tasklet.ConfigurableSystemProcessExitCodeMapperTests,class,3,3,0,3,4,1,0,10,0,0.0,1.0,1.0,2,0,0,0,0,2,2,0,0,0,1,0,0,1,0,0,1,0,1,29,0,1,0,0,0,0,1,5,0,5,2,1,0,1,41,0,0
C:\Users\All Five Projects\spring-batch-main\spring-batch-infrastructure\src\main\java\org\springframework\batch\item\data\builder\MongoItemWriterBuilder.java,org.springframework.batch.item.data.builder.MongoItemWriterBuilder,class,5,6,1,5,6,1,0,4,0,0.53333336,0.5,1.0,5,0,5,0,0,0,5,0,0,0,3,0,0,3,0,0,0,0,0,29,5,0,0,0,1,2,0,6,0,4,0,0,0,0,62,1,0
C:\Users\All Five Projects\spring-batch-main\spring-batch-infrastructure\src\test\java\org\springframework\batch\item\avro\support\AvroItemReaderTestSupport.java,org.springframework.batch.item.avro.support.AvroItemReaderTestSupport,class,5,7,2,5,2,2,2,9,0,0.0,NaN,NaN,1,0,0,0,1,0,1,0,0,0,0,0,0,0,0,0,0,0,0,14,0,1,1,0,1,0,5,3,0,3,1,0,0,0,23,1025,0
C:\Users\All Five Projects\spring-batch-main\spring-batch-infrastructure\src\main\java\org\springframework\batch\item\file\transform\FlatFileFormatException.java,org.springframework.batch.item.file.transform.FlatFileFormatException,class,0,2,2,0,4,4,2,0,4,0.5,0.16666667,0.16666667,4,0,4,0,0,0,4,0,0,0,1,0,0,1,0,0,0,0,0,16,1,0,0,0,0,0,0,1,0,1,0,0,0,0,43,1,0
C:\Users\All Five Projects\spring-batch-main\spring-batch-infrastructure\src\main\java\org\springframework\batch\item\data\builder\MongoPagingItemReaderBuilder.java,org.springframework.batch.item.data.builder.MongoPagingItemReaderBuilder,class,8,10,2,8,20,2,0,19,120,0.0,0.0,0.0,16,0,16,0,0,0,16,0,0,0,0,0,0,0,0,0,0,0,1,88,16,0,2,0,0,5,0,15,0,1,1,0,0,0,145,1,0
C:\Users\All Five Projects\spring-batch-main\spring-batch-core\src\main\java\org\springframework\batch\core\observability\BatchStepContext.java,org.springframework.batch.core.observability.BatchStepContext,class,3,8,5,3,3,2,0,0,1,0.33333334,0.33333334,0.33333334,3,0,3,0,0,0,3,0,0,0,1,0,0,1,0,0,1,0,0,12,2,0,0,0,0,0,0,1,0,1,0,0,0,0,11,1,0
C:\Users\All Five Projects\spring-batch-main\spring-batch-core\src\test\java\org\springframework\batch\core\configuration\annotation\BatchRegistrarTests.java,org.springframework.batch.core.configuration.annotation.BatchRegistrarTests$JobConfigurationWithoutDataSource,innerclass,2,2,0,2,0,1,0,0,0,0.0,-1.0,-1.0,0,0,0,0,0,0,0,0,0,0,0,0,0,0,0,0,0,0,0,2,0,0,0,0,0,0,0,0,0,0,0,0,0,0,5,9,0
C:\Users\All Five Projects\spring-batch-main\spring-batch-core\src\test\java\org\springframework\batch\core\configuration\xml\TestListener.java,org.springframework.batch.core.configuration.xml.TestListener,class,7,10,3,7,4,2,0,1,6,0.0,0.0,0.0,4,0,4,0,0,0,4,0,0,0,0,0,0,0,0,0,0,0,0,14,2,0,0,0,0,0,0,2,0,0,0,0,0,0,17,1,0
C:\Users\All Five Projects\spring-batch-main\spring-batch-samples\src\test\java\org\springframework\batch\samples\compositereader\CompositeItemReaderSampleFunctionalTests.java,org.springframework.batch.samples.compositereader.CompositeItemReaderSampleFunctionalTests$JobConfiguration,innerclass,20,20,0,20,8,1,0,23,28,0.0,0.0,0.0,8,0,8,0,0,0,8,0,0,0,0,0,0,0,0,0,0,0,1,28,8,0,0,0,0,17,1,2,0,2,0,0,0,0,40,8,0
C:\Users\All Five Projects\spring-batch-main\spring-batch-infrastructure\src\test\java\org\springframework\batch\item\file\transform\FixedLengthTokenizerTests.java,org.springframework.batch.item.file.transform.FixedLengthTokenizerTests,class,6,6,0,6,16,1,0,16,0,0.25,1.0,1.0,16,0,0,0,0,16,16,0,0,0,2,0,0,2,0,0,1,0,0,125,0,0,0,0,0,29,162,25,0,17,0,0,0,5,57,0,0
C:\Users\All Five Projects\spring-batch-main\spring-batch-infrastructure\src\test\java\org\springframework\batch\item\sample\Order.java,org.springframework.batch.item.sample.Order,class,4,5,1,4,31,1,0,10,0,0.54545456,0.56363636,1.0,11,0,11,0,0,0,11,0,0,0,4,0,0,4,0,0,0,0,0,65,18,0,16,0,8,5,6,11,9,7,2,0,0,0,34,1,0
C:\Users\All Five Projects\spring-batch-main\spring-batch-infrastructure\src\main\java\org\springframework\batch\item\file\transform\LineTokenizer.java,org.springframework.batch.item.file.transform.LineTokenizer,interface,2,5,3,2,1,1,0,0,0,0.0,NaN,NaN,1,0,0,0,0,1,1,0,0,0,0,0,0,0,0,0,0,0,0,3,0,0,0,0,0,0,0,0,0,0,0,0,0,0,35,1,0
C:\Users\All Five Projects\spring-batch-main\spring-batch-samples\src\main\java\org\springframework\batch\samples\domain\trade\internal\JdbcCustomerDebitDao.java,org.springframework.batch.samples.domain.trade.internal.JdbcCustomerDebitDao,class,5,5,0,5,2,1,0,3,0,0.25,1.0,1.0,2,0,2,0,0,0,2,0,0,0,2,1,0,2,0,0,1,0,0,10,0,0,0,0,0,1,0,2,0,2,0,0,0,0,36,1,0
C:\Users\All Five Projects\spring-batch-main\spring-batch-core\src\main\java\org\springframework\batch\core\listener\JobListenerFactoryBean.java,org.springframework.batch.core.listener.JobListenerFactoryBean,class,5,9,4,5,6,2,0,5,15,0.0,0.0,0.0,6,2,3,0,3,0,6,0,0,0,0,0,0,0,0,0,0,0,4,22,6,0,0,0,0,0,0,1,0,1,0,0,0,0,57,1,0
C:\Users\All Five Projects\spring-batch-main\spring-batch-infrastructure\src\test\java\org\springframework\batch\repeat\listener\RepeatListenerTests.java,org.springframework.batch.repeat.listener.RepeatListenerTests$Anonymous9,anonymous,1,1,0,1,1,1,0,1,0,0.0,NaN,NaN,1,0,1,0,0,0,1,0,0,0,0,0,0,0,0,0,0,0,0,5,0,0,0,0,0,1,0,0,0,0,0,0,0,0,4,-1,0
C:\Users\All Five Projects\spring-batch-main\spring-batch-core\src\test\java\org\springframework\batch\core\configuration\xml\DefaultUnknownJobParserTests.java,org.springframework.batch.core.configuration.xml.DefaultUnknownJobParserTests$UnknownListener,innerclass,4,4,0,4,1,1,0,1,0,0.0,NaN,NaN,1,0,1,0,0,0,1,0,0,0,0,0,0,0,0,0,0,0,0,6,1,0,0,0,0,0,0,0,0,0,0,0,0,0,8,9,0
C:\Users\All Five Projects\spring-batch-main\spring-batch-infrastructure\src\test\java\org\springframework\batch\item\database\JdbcPagingRestartIntegrationTests.java,org.springframework.batch.item.database.JdbcPagingRestartIntegrationTests,class,16,17,1,16,9,1,0,35,0,0.56666666,0.8,1.0,5,0,0,0,1,4,5,0,0,0,6,1,0,6,0,0,3,0,2,84,2,3,0,0,3,22,8,28,13,30,1,0,0,1,85,0,6
C:\Users\All Five Projects\spring-batch-main\spring-batch-infrastructure\src\test\java\org\springframework\batch\support\DatabaseTypeTestUtils.java,org.springframework.batch.support.DatabaseTypeTestUtils,class,2,5,3,2,7,1,0,16,15,0.0,0.0,0.0,6,6,6,0,0,0,6,0,0,0,0,0,0,0,0,0,0,0,3,36,6,0,1,0,0,0,0,5,0,5,1,0,0,0,31,1,0
C:\Users\All Five Projects\spring-batch-main\spring-batch-core\src\test\java\org\springframework\batch\core\converter\StringToLocalDateConverterTests.java,org.springframework.batch.core.converter.StringToLocalDateConverterTests,class,2,2,0,2,1,1,0,2,0,0.0,NaN,NaN,1,0,0,0,0,1,1,0,0,0,1,0,0,1,0,0,1,0,0,8,0,0,0,0,0,1,0,3,0,3,0,0,0,0,14,0,0
C:\Users\All Five Projects\spring-batch-main\spring-batch-core\src\test\java\org\springframework\batch\core\test\repository\JdbcJobRepositoryTests.java,org.springframework.batch.core.test.repository.JdbcJobRepositoryTests,class,12,13,1,12,11,1,0,32,0,0.5714286,1.0,1.0,7,0,0,2,0,5,5,0,0,0,7,0,0,7,0,0,4,0,9,101,2,1,2,1,2,26,19,26,8,27,2,0,0,1,75,0,2
C:\Users\All Five Projects\spring-batch-main\spring-batch-core\src\test\java\org\springframework\batch\core\configuration\support\JobRegistryIntegrationTests.java,org.springframework.batch.core.configuration.support.JobRegistryIntegrationTests,class,5,5,0,5,1,1,0,6,0,0.0,NaN,NaN,1,0,0,0,0,1,1,0,0,0,2,0,0,2,0,0,0,0,0,8,0,0,0,0,0,0,1,0,0,2,0,0,0,0,10,0,0
C:\Users\All Five Projects\spring-batch-main\spring-batch-infrastructure\src\main\java\org\springframework\batch\item\ReaderNotOpenException.java,org.springframework.batch.item.ReaderNotOpenException,class,1,1,0,1,2,5,0,0,1,0.0,0.0,0.0,2,0,2,0,0,0,2,0,0,0,0,0,0,0,0,0,0,0,0,8,0,0,0,0,0,0,0,0,0,0,0,0,0,0,29,1,0
C:\Users\All Five Projects\spring-batch-main\spring-batch-infrastructure\src\main\java\org\springframework\batch\item\support\AbstractItemStreamItemReader.java,org.springframework.batch.item.support.AbstractItemStreamItemReader,class,3,7,4,3,0,2,0,0,0,0.0,-1.0,-1.0,0,0,0,0,0,0,0,0,0,0,0,0,0,0,0,0,0,0,0,2,0,0,0,0,0,0,0,0,0,0,0,0,0,0,14,1025,0
C:\Users\All Five Projects\spring-batch-main\spring-batch-infrastructure\src\main\java\org\springframework\batch\repeat\policy\CountingCompletionPolicy.java,org.springframework.batch.repeat.policy.CountingCompletionPolicy,class,6,7,1,6,8,5,0,6,19,0.8571429,0.04761905,0.04761905,7,0,5,0,2,0,7,1,2,0,3,1,1,2,0,0,1,0,0,37,3,0,0,0,2,1,2,7,1,5,0,0,1,0,119,1025,0
C:\Users\All Five Projects\spring-batch-main\spring-batch-core\src\test\java\org\springframework\batch\core\configuration\support\GenericApplicationContextFactoryTests.java,org.springframework.batch.core.configuration.support.GenericApplicationContextFactoryTests$ChildContextConfiguration,innerclass,3,3,0,3,1,1,0,0,0,0.0,NaN,NaN,1,0,1,0,0,0,1,0,0,0,0,0,0,0,0,0,0,0,0,5,1,0,0,0,0,0,0,0,0,0,0,0,0,0,5,9,0
C:\Users\All Five Projects\spring-batch-main\spring-batch-samples\src\main\java\org\springframework\batch\samples\loom\JobConfigurationForAsynchronousItemProcessingWithVirtualThreads.java,org.springframework.batch.samples.loom.JobConfigurationForAsynchronousItemProcessingWithVirtualThreads,class,16,17,1,16,5,1,0,11,6,0.0,0.0,0.0,4,0,4,0,0,0,4,0,0,0,0,0,0,0,0,0,0,0,1,29,5,1,0,0,0,5,8,3,3,5,2,0,0,2,44,1,0
C:\Users\All Five Projects\spring-batch-main\spring-batch-test\src\test\java\org\springframework\batch\test\JobScopeTestExecutionListenerTests.java,org.springframework.batch.test.JobScopeTestExecutionListenerTests$MockTestContextManager,innerclass,3,3,0,3,2,2,0,2,1,0.0,NaN,NaN,2,0,1,1,0,0,1,0,0,0,0,0,0,0,0,0,0,0,0,9,1,0,0,0,0,0,0,0,0,0,0,0,0,0,12,26,0
C:\Users\All Five Projects\spring-batch-main\spring-batch-test\src\test\java\org\springframework\batch\test\JobScopeTestExecutionListenerTests.java,org.springframework.batch.test.JobScopeTestExecutionListenerTests$WithJobExecutionFactory,innerclass,3,3,0,3,1,1,0,5,0,0.0,NaN,NaN,1,0,1,0,0,0,1,0,0,0,0,0,0,0,0,0,0,0,1,7,1,0,0,0,0,6,2,1,0,1,0,0,0,0,8,10,0
C:\Users\All Five Projects\spring-batch-main\spring-batch-infrastructure\src\main\java\org\springframework\batch\item\data\builder\Neo4jItemReaderBuilder.java,org.springframework.batch.item.data.builder.Neo4jItemReaderBuilder,class,5,7,2,5,18,1,0,16,63,0.8516483,0.15384616,1.0,14,0,14,0,0,0,14,0,0,0,13,0,0,13,0,0,0,0,0,95,14,0,0,0,0,9,3,17,0,14,1,0,0,0,138,1,0
C:\Users\All Five Projects\spring-batch-main\spring-batch-core\src\main\java\org\springframework\batch\core\repository\JobInstanceAlreadyCompleteException.java,org.springframework.batch.core.repository.JobInstanceAlreadyCompleteException,class,1,3,2,1,2,4,0,0,1,0.0,0.0,0.0,2,0,2,0,0,0,2,0,0,0,0,0,0,0,0,0,0,0,0,8,0,0,0,0,0,0,0,0,0,0,0,0,0,0,32,1,0
C:\Users\All Five Projects\spring-batch-main\spring-batch-infrastructure\src\test\java\org\springframework\batch\item\json\JacksonJsonObjectMarshallerTests.java,org.springframework.batch.item.json.JacksonJsonObjectMarshallerTests$Foo,innerclass,0,0,0,0,5,1,0,0,0,0.4,0.6,1.0,5,0,5,0,0,0,5,0,0,0,2,0,0,2,0,0,0,0,0,20,2,0,0,0,0,0,0,4,0,2,0,0,0,0,7,9,0
C:\Users\All Five Projects\spring-batch-main\spring-batch-infrastructure\src\main\java\org\springframework\batch\item\file\mapping\PropertyMatches.java,org.springframework.batch.item.file.mapping.PropertyMatches,class,2,4,2,2,21,1,0,17,3,0.5714286,0.6666667,1.0,7,2,4,3,0,0,4,0,0,0,3,1,1,2,0,0,3,0,6,86,8,6,5,0,0,7,25,20,13,16,3,0,0,0,127,16,0
C:\Users\All Five Projects\spring-batch-main\spring-batch-samples\src\test\java\org\springframework\batch\samples\trade\TradeJobFunctionalTests.java,org.springframework.batch.samples.trade.TradeJobFunctionalTests,class,9,9,0,9,5,1,0,24,0,0.625,1.0,1.0,4,0,1,0,0,3,4,0,0,0,8,2,0,8,0,0,3,0,2,80,0,1,0,0,4,32,19,11,4,13,1,0,1,2,63,0,0
C:\Users\All Five Projects\spring-batch-main\spring-batch-core\src\main\java\org\springframework\batch\core\step\tasklet\TaskletStep.java,org.springframework.batch.core.step.tasklet.TaskletStep$Anonymous2,anonymous,7,7,0,7,3,1,0,6,0,0.0,NaN,NaN,1,0,1,0,0,0,1,0,0,0,0,0,0,0,0,0,0,0,0,16,1,0,1,1,0,0,0,2,0,2,1,0,0,0,18,-1,0
C:\Users\All Five Projects\spring-batch-main\spring-batch-core\src\main\java\org\springframework\batch\core\step\tasklet\TaskletStep.java,org.springframework.batch.core.step.tasklet.TaskletStep$Anonymous1,anonymous,0,0,0,0,1,1,0,0,0,0.0,NaN,NaN,1,0,1,0,0,0,1,0,0,0,0,0,0,0,0,0,0,0,0,5,1,0,0,0,0,0,0,0,0,0,0,0,0,0,5,-1,0
C:\Users\All Five Projects\spring-batch-main\spring-batch-core\src\test\java\org\springframework\batch\core\test\ldif\MyMapper.java,org.springframework.batch.core.test.ldif.MyMapper,class,3,3,0,3,1,1,0,0,0,0.0,NaN,NaN,1,0,1,0,0,0,1,0,0,0,0,0,0,0,0,0,0,0,0,5,1,0,0,0,0,0,0,0,0,0,0,0,0,0,37,1,0
C:\Users\All Five Projects\spring-batch-main\spring-batch-samples\src\main\java\org\springframework\batch\samples\domain\trade\internal\ItemTrackingTradeItemWriter.java,org.springframework.batch.samples.domain.trade.internal.ItemTrackingTradeItemWriter,class,5,6,1,5,7,1,0,7,0,0.5,0.5,1.0,4,0,4,0,0,0,4,0,0,0,3,0,0,3,0,0,1,0,0,27,1,1,1,0,0,2,1,4,1,4,2,0,0,0,35,1,0
C:\Users\All Five Projects\spring-batch-main\spring-batch-core\src\test\java\org\springframework\batch\core\listener\JobListenerFactoryBeanTests.java,org.springframework.batch.core.listener.JobListenerFactoryBeanTests,class,10,10,0,10,16,1,0,18,30,0.375,0.375,0.375,16,0,0,0,0,16,16,0,0,0,1,0,0,0,0,1,0,0,0,179,0,0,0,0,2,4,9,34,0,34,0,8,2,0,64,0,0
C:\Users\All Five Projects\spring-batch-main\spring-batch-infrastructure\src\main\java\org\springframework\batch\support\DefaultPropertyEditorRegistrar.java,org.springframework.batch.support.DefaultPropertyEditorRegistrar,class,2,2,0,2,7,1,0,11,0,0.0,1.0,1.0,2,0,2,0,0,0,2,0,0,0,1,0,0,1,0,0,0,0,0,28,0,2,1,0,0,2,0,5,1,4,2,0,0,0,74,1,0
C:\Users\All Five Projects\spring-batch-main\spring-batch-core\src\main\java\org\springframework\batch\core\observability\BatchJobObservation.java,org.springframework.batch.core.observability.BatchJobObservation$JobLowCardinalityTags,enum,0,0,0,0,0,1,0,0,0,0.0,-1.0,-1.0,0,0,0,0,0,0,0,0,0,0,0,0,0,0,0,0,0,0,0,13,0,0,0,0,0,0,0,0,0,0,0,2,0,0,22,0,0
C:\Users\All Five Projects\spring-batch-main\spring-batch-core\src\test\java\org\springframework\batch\core\step\item\BatchRetryTemplateTests.java,org.springframework.batch.core.step.item.BatchRetryTemplateTests$RecoverableException,innerclass,0,0,0,0,1,3,0,0,0,0.0,NaN,NaN,1,0,1,0,0,0,1,0,0,0,0,0,0,0,0,0,0,0,0,5,0,0,0,0,0,0,0,0,0,0,0,0,0,0,3,10,0
C:\Users\All Five Projects\spring-batch-main\spring-batch-infrastructure\src\main\java\org\springframework\batch\item\NonTransientResourceException.java,org.springframework.batch.item.NonTransientResourceException,class,1,3,2,1,2,5,1,0,1,0.0,0.0,0.0,2,0,2,0,0,0,2,0,0,0,0,0,0,0,0,0,0,0,0,8,0,0,0,0,0,0,0,0,0,0,0,0,0,0,36,1,0
C:\Users\All Five Projects\spring-batch-main\spring-batch-infrastructure\src\test\java\org\springframework\batch\item\redis\RedisItemWriterTests.java,org.springframework.batch.item.redis.RedisItemWriterTests,class,10,10,0,10,3,1,0,9,0,0.0,1.0,1.0,3,0,1,0,0,2,3,0,0,0,2,0,0,2,0,0,0,0,0,24,0,0,0,0,0,6,4,2,0,3,0,0,1,0,21,1,0
C:\Users\All Five Projects\spring-batch-main\spring-batch-core\src\test\java\org\springframework\batch\core\step\builder\StepBuilderTests.java,org.springframework.batch.core.step.builder.StepBuilderTests$AnnotationBasedStepExecutionListener,innerclass,12,12,0,12,11,1,0,1,35,0.8181819,0.18181819,1.0,11,0,11,0,0,0,11,0,0,0,10,10,0,0,0,10,0,0,0,55,1,0,0,0,0,1,20,20,0,10,0,0,0,0,17,9,0
C:\Users\All Five Projects\spring-batch-main\spring-batch-infrastructure\src\test\java\org\springframework\batch\item\support\ItemCountingItemStreamItemReaderTests.java,org.springframework.batch.item.support.ItemCountingItemStreamItemReaderTests$ItemCountingItemStreamItemReader,innerclass,2,2,0,2,4,2,0,4,3,0.6666667,0.0,0.0,3,0,0,0,3,0,3,0,0,0,3,0,0,3,0,0,1,0,1,17,2,0,0,0,0,3,0,5,0,3,1,0,0,0,16,10,0
C:\Users\All Five Projects\spring-batch-main\spring-batch-integration\src\test\java\org\springframework\batch\integration\async\AsyncItemProcessorTests.java,org.springframework.batch.integration.async.AsyncItemProcessorTests,class,5,5,0,5,8,1,0,13,0,0.125,1.0,1.0,4,0,0,0,0,4,4,0,0,0,2,0,0,2,0,0,1,0,0,34,1,2,2,0,0,6,2,8,3,9,1,0,0,3,30,0,0
C:\Users\All Five Projects\spring-batch-main\spring-batch-test\src\test\java\org\springframework\batch\test\JobLauncherTestUtilsTests.java,org.springframework.batch.test.JobLauncherTestUtilsTests,class,7,7,0,7,3,1,0,8,1,0.0,0.0,0.0,2,0,0,0,0,2,2,0,0,0,0,0,0,0,0,0,0,0,0,44,0,1,0,0,0,1,2,8,0,8,1,0,1,0,34,0,0
C:\Users\All Five Projects\spring-batch-main\spring-batch-core\src\test\java\org\springframework\batch\core\configuration\xml\StopRestartOnCompletedStepJobParserTests.java,org.springframework.batch.core.configuration.xml.StopRestartOnCompletedStepJobParserTests,class,6,7,1,6,2,2,0,12,1,0.0,NaN,NaN,2,0,0,1,0,1,1,0,0,0,0,0,0,0,0,0,0,0,0,17,0,0,0,0,0,3,0,2,0,2,0,0,0,0,27,0,0
C:\Users\All Five Projects\spring-batch-main\spring-batch-core\src\main\java\org\springframework\batch\core\partition\support\StepExecutionAggregator.java,org.springframework.batch.core.partition.support.StepExecutionAggregator,interface,1,6,5,1,1,1,0,0,0,0.0,NaN,NaN,1,0,0,0,0,1,1,0,0,0,0,0,0,0,0,0,0,0,0,3,0,0,0,0,0,0,0,0,0,0,0,0,0,0,31,1,0
C:\Users\All Five Projects\spring-batch-main\spring-batch-integration\src\test\java\org\springframework\batch\integration\partition\RemotePartitioningWorkerStepBuilderTests.java,org.springframework.batch.integration.partition.RemotePartitioningWorkerStepBuilderTests,class,7,7,0,7,7,1,0,10,0,0.47619048,1.0,1.0,7,0,0,0,0,7,7,0,0,0,3,0,0,3,0,0,0,0,0,41,0,0,0,0,0,14,0,15,0,18,0,0,0,7,44,0,0
C:\Users\All Five Projects\spring-batch-main\spring-batch-samples\src\main\java\org\springframework\batch\samples\football\Player.java,org.springframework.batch.samples.football.Player,class,0,4,4,0,13,1,0,0,42,0.7692308,0.23076923,1.0,13,0,13,0,0,0,13,0,0,0,6,0,0,6,0,0,0,0,0,47,7,0,0,0,0,7,0,6,1,6,0,0,0,0,20,1,0
C:\Users\All Five Projects\spring-batch-main\spring-batch-infrastructure\src\main\java\org\springframework\batch\support\transaction\ResourcelessTransactionManager.java,org.springframework.batch.support.transaction.ResourcelessTransactionManager$ResourcelessTransaction,innerclass,0,0,0,0,3,1,0,0,0,0.0,1.0,1.0,3,0,3,0,0,0,3,0,0,0,1,0,0,1,0,0,0,0,0,12,1,0,0,0,0,0,0,3,0,1,0,0,0,0,9,10,0
C:\Users\All Five Projects\spring-batch-main\spring-batch-infrastructure\src\test\java\org\springframework\batch\item\validator\SpringValidatorTests.java,org.springframework.batch.item.validator.SpringValidatorTests$TestBean,innerclass,0,0,0,0,5,1,0,0,6,0.6,0.2,0.3,5,0,5,0,0,0,5,0,0,0,2,0,0,2,0,0,0,0,0,21,3,0,0,0,0,2,0,2,0,2,0,0,0,0,9,10,0
C:\Users\All Five Projects\spring-batch-main\spring-batch-infrastructure\src\test\java\org\springframework\batch\item\file\transform\RegexLineTokenizerTests.java,org.springframework.batch.item.file.transform.RegexLineTokenizerTests,class,2,2,0,2,3,1,0,5,0,0.0,1.0,1.0,3,0,0,0,0,3,3,0,0,0,1,0,0,1,0,0,1,0,0,24,0,0,0,0,0,10,7,6,0,6,0,0,0,0,25,0,0
C:\Users\All Five Projects\spring-batch-main\spring-batch-core\src\main\java\org\springframework\batch\core\partition\support\Partitioner.java,org.springframework.batch.core.partition.support.Partitioner,interface,1,7,6,1,1,1,0,0,0,0.0,NaN,NaN,1,0,0,0,0,1,1,0,0,0,0,0,0,0,0,0,0,0,0,3,0,0,0,0,0,0,0,0,0,0,0,0,0,0,59,1,0
C:\Users\All Five Projects\spring-batch-main\spring-batch-core\src\main\java\org\springframework\batch\core\scope\context\StepSynchronizationManager.java,org.springframework.batch.core.scope.context.StepSynchronizationManager,class,4,9,5,4,4,1,0,4,0,0.0,1.0,1.0,4,4,4,0,0,0,4,0,0,0,1,1,0,1,0,0,1,0,0,23,2,0,0,0,0,0,0,1,0,1,0,1,0,0,103,1,0
C:\Users\All Five Projects\spring-batch-main\spring-batch-core\src\test\java\org\springframework\batch\core\listener\StepListenerFactoryBeanTests.java,org.springframework.batch.core.listener.StepListenerFactoryBeanTests$TestListener,innerclass,16,16,0,16,17,1,0,1,136,0.9411765,0.0,0.0,17,0,17,0,0,0,17,0,0,0,17,0,0,0,0,17,0,0,0,71,0,0,0,0,0,2,0,34,0,17,0,0,0,0,30,10,0
C:\Users\All Five Projects\spring-batch-main\spring-batch-core\src\test\java\org\springframework\batch\core\step\tasklet\ChunkOrientedStepIntegrationTests.java,org.springframework.batch.core.step.tasklet.ChunkOrientedStepIntegrationTests,class,22,23,1,22,3,1,0,23,1,0.4,1.0,1.0,3,0,0,1,0,2,2,0,0,0,5,0,0,5,0,0,0,0,2,43,1,0,0,0,0,9,2,6,1,9,0,2,0,1,56,0,0
C:\Users\All Five Projects\spring-batch-main\spring-batch-integration\src\test\java\org\springframework\batch\integration\async\PollingAsyncItemProcessorMessagingGatewayTests.java,org.springframework.batch.integration.async.PollingAsyncItemProcessorMessagingGatewayTests,class,10,10,0,10,4,1,0,11,1,0.5,0.0,0.0,2,0,0,0,0,2,2,0,0,0,2,0,0,2,0,0,1,0,0,29,1,2,0,0,0,3,3,4,1,5,1,0,1,0,30,0,0
C:\Users\All Five Projects\spring-batch-main\spring-batch-samples\src\main\java\org\springframework\batch\samples\skip\SkippableExceptionDuringWriteSample.java,org.springframework.batch.samples.skip.SkippableExceptionDuringWriteSample$Anonymous1,anonymous,2,2,0,2,1,1,0,2,0,0.0,NaN,NaN,1,0,1,0,0,0,1,0,0,0,0,0,0,0,0,0,0,0,0,7,1,0,0,0,0,1,0,1,1,1,0,0,0,0,3,-1,0
C:\Users\All Five Projects\spring-batch-main\spring-batch-core\src\test\java\org\springframework\batch\core\configuration\support\AutomaticJobRegistrarContextTests.java,org.springframework.batch.core.configuration.support.AutomaticJobRegistrarContextTests,class,5,5,0,5,1,1,0,7,0,0.0,NaN,NaN,1,0,0,0,0,1,1,0,0,0,1,0,0,1,0,0,0,0,0,10,0,0,0,0,0,3,1,2,0,3,0,0,0,0,17,0,0
C:\Users\All Five Projects\spring-batch-main\spring-batch-core\src\test\java\org\springframework\batch\core\configuration\xml\SplitInterruptedJobParserTests.java,org.springframework.batch.core.configuration.xml.SplitInterruptedJobParserTests,class,5,5,0,5,4,2,0,15,0,0.0,NaN,NaN,1,0,0,0,0,1,1,0,0,0,0,0,0,0,0,0,0,0,3,21,0,1,1,0,0,4,7,3,2,3,1,0,0,1,32,0,0
C:\Users\All Five Projects\spring-batch-main\spring-batch-core\src\main\java\org\springframework\batch\core\step\builder\PartitionStepBuilder.java,org.springframework.batch.core.step.builder.PartitionStepBuilder,class,13,15,2,13,26,2,0,20,77,0.80246913,0.24836601,0.78431374,18,0,9,0,9,0,18,0,0,0,9,1,0,9,0,0,1,0,0,123,17,0,5,2,0,4,1,19,2,14,4,0,0,0,186,1,1
C:\Users\All Five Projects\spring-batch-main\spring-batch-core\src\test\java\org\springframework\batch\core\configuration\xml\NamespacePrefixedJobParserTests.java,org.springframework.batch.core.configuration.xml.NamespacePrefixedJobParserTests,class,8,8,0,8,1,1,0,6,0,0.0,NaN,NaN,1,0,0,0,0,1,1,0,0,0,2,0,0,2,0,0,0,0,0,10,0,0,0,0,0,1,0,1,0,3,0,0,0,0,22,0,0
C:\Users\All Five Projects\spring-batch-main\spring-batch-core\src\test\java\org\springframework\batch\core\scope\StepScopePlaceholderIntegrationTests.java,org.springframework.batch.core.scope.StepScopePlaceholderIntegrationTests,class,14,15,1,14,12,1,0,14,52,0.87121207,0.054545455,0.07272727,12,0,1,1,0,10,11,0,0,0,11,0,0,11,0,0,0,0,0,69,0,0,0,0,0,29,4,6,0,13,0,0,0,0,47,1,0
C:\Users\All Five Projects\spring-batch-main\spring-batch-core\src\main\java\org\springframework\batch\core\configuration\support\MapJobRegistry.java,org.springframework.batch.core.configuration.support.MapJobRegistry,class,6,11,5,6,6,1,0,8,0,0.0,1.0,1.0,4,0,4,0,0,0,4,0,0,0,1,0,0,1,0,0,1,0,1,28,2,0,2,0,0,7,0,4,2,4,1,0,0,0,46,1,0
C:\Users\All Five Projects\spring-batch-main\spring-batch-core\src\test\java\org\springframework\batch\core\step\item\FaultTolerantStepFactoryBeanTests.java,org.springframework.batch.core.step.item.FaultTolerantStepFactoryBeanTests$ItemProcessListenerStub,innerclass,4,4,0,4,5,1,0,0,4,0.5,0.16666667,0.16666667,4,0,4,0,0,0,4,0,0,0,1,0,0,1,0,0,0,0,0,15,1,0,1,0,0,0,0,2,0,1,1,0,0,0,18,10,0
C:\Users\All Five Projects\spring-batch-main\spring-batch-core\src\main\java\org\springframework\batch\core\repository\dao\AbstractJdbcBatchMetadataDao.java,org.springframework.batch.core.repository.dao.AbstractJdbcBatchMetadataDao,class,2,9,7,2,9,1,4,2,14,0.8125,0.25,0.25,8,0,5,0,3,0,8,0,0,0,6,3,3,3,0,0,3,0,0,32,4,0,1,0,0,3,2,8,0,6,0,0,0,0,82,1025,0
C:\Users\All Five Projects\spring-batch-main\spring-batch-core\src\test\java\org\springframework\batch\core\test\step\FaultTolerantStepIntegrationTests.java,org.springframework.batch.core.test.step.FaultTolerantStepIntegrationTests,class,23,24,1,23,14,1,0,34,0,0.5555555,0.8095238,1.0,9,0,0,2,0,7,7,0,0,0,6,2,0,6,0,0,2,0,3,127,3,1,0,0,0,8,44,28,2,34,2,2,1,4,77,0,0
C:\Users\All Five Projects\spring-batch-main\spring-batch-infrastructure\src\main\java\org\springframework\batch\item\support\ListItemWriter.java,org.springframework.batch.item.support.ListItemWriter,class,3,3,0,3,2,1,0,2,0,0.0,1.0,1.0,2,0,2,0,0,0,2,0,0,0,1,0,0,1,0,0,1,0,0,9,1,0,0,0,0,0,0,1,0,1,0,0,0,0,25,1,0
C:\Users\All Five Projects\spring-batch-main\spring-batch-core\src\test\java\org\springframework\batch\core\configuration\xml\OneStepJobParserTests.java,org.springframework.batch.core.configuration.xml.OneStepJobParserTests,class,8,8,0,8,1,1,0,8,0,0.0,NaN,NaN,1,0,0,0,0,1,1,0,0,0,2,0,0,2,0,0,0,0,0,11,0,0,0,0,0,1,1,1,0,3,0,0,0,0,17,0,0
C:\Users\All Five Projects\spring-batch-main\spring-batch-infrastructure\src\test\java\org\springframework\batch\item\support\builder\SynchronizedItemWriterBuilderTests.java,org.springframework.batch.item.support.builder.SynchronizedItemWriterBuilderTests,class,7,7,0,7,2,1,0,6,0,0.0,1.0,1.0,2,0,0,0,0,2,2,0,0,0,1,0,0,1,0,0,0,0,0,12,0,0,0,0,0,2,0,3,0,4,0,0,0,1,24,1,0
C:\Users\All Five Projects\spring-batch-main\spring-batch-core\src\test\java\org\springframework\batch\core\configuration\annotation\JobLoaderConfigurationTests.java,org.springframework.batch.core.configuration.annotation.JobLoaderConfigurationTests,class,13,14,1,13,4,1,0,14,3,0.0,0.0,0.0,3,0,0,1,0,2,2,0,0,0,0,0,0,0,0,0,0,0,2,71,0,0,1,0,1,3,7,7,2,6,0,0,4,0,33,0,0
C:\Users\All Five Projects\spring-batch-main\spring-batch-samples\src\main\java\org\springframework\batch\samples\football\internal\PlayerFieldSetMapper.java,org.springframework.batch.samples.football.internal.PlayerFieldSetMapper,class,3,4,1,3,2,1,0,8,0,0.0,NaN,NaN,1,0,1,0,0,0,1,0,0,0,0,0,0,0,0,0,0,0,0,15,2,0,1,0,0,6,0,1,0,1,1,0,0,0,8,1,0
C:\Users\All Five Projects\spring-batch-main\spring-batch-core\src\main\java\org\springframework\batch\core\step\item\SkipOverflowException.java,org.springframework.batch.core.step.item.SkipOverflowException,class,1,2,1,1,1,6,0,0,0,0.0,NaN,NaN,1,0,1,0,0,0,1,0,0,0,0,0,0,0,0,0,0,0,0,5,0,0,0,0,0,0,0,0,0,0,0,0,0,0,12,1,0
C:\Users\All Five Projects\spring-batch-main\spring-batch-infrastructure\src\main\java\org\springframework\batch\item\queue\BlockingQueueItemWriter.java,org.springframework.batch.item.queue.BlockingQueueItemWriter,class,3,4,1,3,3,1,0,1,0,0.0,1.0,1.0,2,0,2,0,0,0,2,0,0,0,1,0,0,1,0,0,1,0,0,11,0,1,0,0,0,0,0,1,0,1,1,0,0,0,24,1,0
C:\Users\All Five Projects\spring-batch-main\spring-batch-core\src\main\java\org\springframework\batch\core\configuration\xml\JobExecutionListenerParser.java,org.springframework.batch.core.configuration.xml.JobExecutionListenerParser,class,5,7,2,5,2,2,0,1,1,0.0,0.0,0.0,2,0,0,0,2,0,2,0,0,0,0,0,0,0,0,0,0,0,1,8,2,0,0,0,0,0,0,0,0,0,0,0,0,0,22,1,0
C:\Users\All Five Projects\spring-batch-main\spring-batch-core\src\test\java\org\springframework\batch\core\step\NonAbstractStepTests.java,org.springframework.batch.core.step.NonAbstractStepTests$EventTrackingListener,innerclass,5,5,0,5,4,1,0,7,4,0.5,0.0,0.0,4,0,3,1,0,0,3,0,0,0,1,0,0,1,0,0,1,0,0,20,2,0,0,0,0,8,0,1,2,1,0,0,0,0,26,2,0
C:\Users\All Five Projects\spring-batch-main\spring-batch-core\src\main\java\org\springframework\batch\core\listener\CompositeItemProcessListener.java,org.springframework.batch.core.listener.CompositeItemProcessListener,class,5,7,2,5,8,1,0,9,0,0.0,1.0,1.0,5,0,5,0,0,0,5,0,0,0,1,0,0,1,0,0,1,0,0,27,0,3,0,0,0,0,0,7,0,7,1,0,0,0,51,1,0
C:\Users\All Five Projects\spring-batch-main\spring-batch-infrastructure\src\test\java\org\springframework\batch\item\file\builder\FlatFileItemWriterBuilderTests.java,org.springframework.batch.item.file.builder.FlatFileItemWriterBuilderTests,class,16,17,1,16,21,1,0,40,190,0.95,0.0,0.0,20,0,1,2,0,17,18,0,0,0,1,0,0,1,0,0,0,0,15,194,1,0,1,0,0,163,32,50,0,68,1,0,3,18,84,0,0
C:\Users\All Five Projects\spring-batch-main\spring-batch-infrastructure\src\test\java\org\springframework\batch\item\support\CompositeItemStreamTests.java,org.springframework.batch.item.support.CompositeItemStreamTests,class,5,5,0,5,8,1,0,13,0,0.14285715,1.0,1.0,7,0,0,0,0,7,7,0,0,0,2,0,0,2,0,0,2,0,0,88,0,0,0,1,0,2,9,8,0,8,1,5,0,0,37,0,0
C:\Users\All Five Projects\spring-batch-main\spring-batch-core\src\main\java\org\springframework\batch\core\job\flow\support\state\FlowState.java,org.springframework.batch.core.job.flow.support.state.FlowState,class,6,8,2,6,4,2,0,3,0,0.25,0.5,0.5,4,0,4,0,0,0,4,0,0,0,1,0,0,1,0,0,1,0,1,16,3,0,0,0,0,0,0,1,0,1,0,0,0,0,27,1,0
C:\Users\All Five Projects\spring-batch-main\spring-batch-infrastructure\src\test\java\org\springframework\batch\item\kafka\KafkaItemWriterTests.java,org.springframework.batch.item.kafka.KafkaItemWriterTests,class,10,10,0,10,5,1,0,23,0,0.3,1.0,1.0,5,0,0,0,0,5,5,0,0,0,4,0,0,4,0,0,0,0,0,62,0,0,0,0,0,11,11,10,0,10,0,1,1,3,49,0,0
C:\Users\All Five Projects\spring-batch-main\spring-batch-integration\src\main\java\org\springframework\batch\integration\chunk\ChunkMessageChannelItemWriter.java,org.springframework.batch.integration.chunk.ChunkMessageChannelItemWriter,class,22,26,4,22,38,1,0,46,9,0.80714285,0.37362638,0.85714287,14,1,11,0,3,0,14,0,0,0,10,4,0,1,7,2,6,0,1,205,8,4,4,2,1,31,4,24,14,21,2,0,1,0,219,1,10
C:\Users\All Five Projects\spring-batch-main\spring-batch-core\src\test\java\org\springframework\batch\core\job\SimpleStepHandlerTests.java,org.springframework.batch.core.job.SimpleStepHandlerTests$StubStep,innerclass,2,2,0,2,2,2,0,3,1,0.0,NaN,NaN,2,0,1,1,0,0,1,0,0,0,0,0,0,0,0,0,0,0,0,10,0,0,0,0,0,0,0,0,0,0,0,0,0,0,10,2,0
C:\Users\All Five Projects\spring-batch-main\spring-batch-infrastructure\src\test\java\org\springframework\batch\item\xml\EventHelper.java,org.springframework.batch.item.xml.EventHelper,class,0,3,3,0,3,1,0,3,3,0.0,0.0,0.0,3,2,2,1,0,0,2,0,0,0,0,0,0,0,0,0,0,0,0,10,2,0,0,0,2,0,0,0,0,0,0,0,0,0,24,1,0
C:\Users\All Five Projects\spring-batch-main\spring-batch-infrastructure\src\test\java\org\springframework\batch\item\file\builder\FlatFileItemWriterBuilderTests.java,org.springframework.batch.item.file.builder.FlatFileItemWriterBuilderTests$1Person,innerclass,0,0,0,0,0,1,0,0,0,NaN,-1.0,-1.0,0,0,0,0,0,0,0,0,0,0,2,0,0,0,0,2,0,0,0,4,0,0,0,0,0,0,0,0,0,2,0,0,0,0,3,0,0
C:\Users\All Five Projects\spring-batch-main\spring-batch-infrastructure\src\test\java\org\springframework\batch\item\json\JsonItemReaderCommonTests.java,org.springframework.batch.item.json.JsonItemReaderCommonTests,class,8,11,3,8,3,2,2,5,3,0.6666667,0.0,0.0,3,0,0,0,3,0,3,1,0,0,1,1,0,1,0,0,1,0,0,16,1,0,0,0,0,9,0,5,1,5,0,0,0,0,29,1024,0
C:\Users\All Five Projects\spring-batch-main\spring-batch-integration\src\test\java\org\springframework\batch\integration\partition\VanillaIntegrationTests.java,org.springframework.batch.integration.partition.VanillaIntegrationTests,class,9,9,0,9,2,1,0,10,0,0.33333334,1.0,1.0,2,0,0,0,0,2,2,0,0,0,3,0,0,3,0,0,0,0,0,18,0,0,0,0,0,0,8,4,2,7,0,0,0,0,23,0,0
C:\Users\All Five Projects\spring-batch-main\spring-batch-core\src\test\java\org\springframework\batch\core\test\repository\MySQLJobRepositoryIntegrationTests.java,org.springframework.batch.core.test.repository.MySQLJobRepositoryIntegrationTests$TestConfiguration,innerclass,10,10,0,10,3,1,0,10,3,0.0,0.0,0.0,3,0,3,0,0,0,3,0,0,0,0,0,0,0,0,0,0,0,0,16,3,0,0,0,0,2,0,1,0,3,0,0,0,1,19,8,0
C:\Users\All Five Projects\spring-batch-main\spring-batch-core\src\test\java\org\springframework\batch\core\test\football\internal\JdbcPlayerDao.java,org.springframework.batch.core.test.football.internal.JdbcPlayerDao,class,4,4,0,4,2,1,0,1,0,0.25,1.0,1.0,2,0,2,0,0,0,2,0,0,0,2,1,1,1,0,0,1,0,0,10,0,0,0,0,0,2,0,2,1,2,0,0,0,0,33,1,0
C:\Users\All Five Projects\spring-batch-main\spring-batch-samples\src\test\java\org\springframework\batch\samples\file\multilineaggregate\MultilineAggregateJobFunctionalTests.java,org.springframework.batch.samples.file.multilineaggregate.MultilineAggregateJobFunctionalTests,class,6,6,0,6,1,1,0,6,0,0.0,NaN,NaN,1,0,0,0,0,1,1,0,0,0,3,1,0,3,0,0,2,0,1,9,0,0,0,0,0,7,0,2,1,3,0,0,0,0,41,0,0
C:\Users\All Five Projects\spring-batch-main\spring-batch-core\src\test\java\org\springframework\batch\core\configuration\xml\TestCustomStatusListener.java,org.springframework.batch.core.configuration.xml.TestCustomStatusListener,class,5,5,0,5,2,2,0,2,1,0.0,0.0,0.0,2,0,2,0,0,0,2,0,0,0,0,0,0,0,0,0,0,0,0,8,1,0,0,0,0,1,0,1,0,0,0,0,0,0,14,1,0
C:\Users\All Five Projects\spring-batch-main\spring-batch-core\src\test\java\org\springframework\batch\core\SpringBeanJobTests.java,org.springframework.batch.core.SpringBeanJobTests,class,7,7,0,7,3,1,0,12,3,0.0,0.0,0.0,3,0,0,0,0,3,3,0,0,0,0,0,0,0,0,0,0,0,0,42,0,0,0,0,0,20,0,8,0,8,0,0,0,0,26,0,0
C:\Users\All Five Projects\spring-batch-main\spring-batch-core\src\test\java\org\springframework\batch\core\step\job\DefaultJobParametersExtractorTests.java,org.springframework.batch.core.step.job.DefaultJobParametersExtractorTests,class,6,6,0,6,8,1,0,21,0,0.0,0.53571427,0.53571427,8,0,1,0,0,7,8,0,0,0,2,0,0,2,0,0,2,0,0,63,0,0,0,0,0,47,8,18,0,18,0,0,0,0,40,0,0
C:\Users\All Five Projects\spring-batch-main\spring-batch-samples\src\main\java\org\springframework\batch\samples\football\PlayerDao.java,org.springframework.batch.samples.football.PlayerDao,interface,1,3,2,1,1,1,0,0,0,0.0,NaN,NaN,1,0,0,0,0,1,1,0,0,0,0,0,0,0,0,0,0,0,0,3,0,0,0,0,0,0,0,0,0,0,0,0,0,0,9,1,0
C:\Users\All Five Projects\spring-batch-main\spring-batch-infrastructure\src\main\java\org\springframework\batch\support\ReflectionUtils.java,org.springframework.batch.support.ReflectionUtils,class,0,0,0,0,3,1,0,6,1,0.0,NaN,NaN,2,1,1,1,0,0,1,0,0,0,0,0,0,0,0,0,0,0,2,7,1,0,1,0,0,0,0,0,0,1,0,0,0,1,45,1025,0
C:\Users\All Five Projects\spring-batch-main\spring-batch-core\src\main\java\org\springframework\batch\core\launch\support\CommandLineJobRunner.java,org.springframework.batch.core.launch.support.CommandLineJobRunner,class,25,26,1,25,67,1,0,63,102,0.86470586,0.15151516,0.46969697,17,3,11,5,0,1,12,0,0,0,10,4,0,9,1,0,2,0,7,1,16,8,17,5,0,26,9,60,6,44,5,0,0,0,0,1,5
C:\Users\All Five Projects\spring-batch-main\spring-batch-infrastructure\src\main\java\org\springframework\batch\item\util\FileUtils.java,org.springframework.batch.item.util.FileUtils,class,2,5,3,2,18,1,0,10,3,0.0,0.0,0.0,3,2,2,1,0,0,2,0,0,0,0,0,0,0,0,0,0,0,3,62,3,0,2,3,0,12,0,0,6,0,5,0,0,0,91,1025,0
C:\Users\All Five Projects\spring-batch-main\spring-batch-test\src\main\java\org\springframework\batch\test\JobScopeTestExecutionListener.java,org.springframework.batch.test.JobScopeTestExecutionListener,class,8,10,2,8,9,1,0,16,0,0.25,0.5,0.5,4,0,3,0,1,0,4,0,0,0,1,1,0,1,0,0,1,0,0,59,2,0,2,1,0,3,0,6,2,6,2,0,1,0,124,1,0
C:\Users\All Five Projects\spring-batch-main\spring-batch-core\src\test\java\org\springframework\batch\core\step\item\SkippableRuntimeException.java,org.springframework.batch.core.step.item.SkippableRuntimeException,class,0,8,8,0,1,4,1,0,0,0.0,NaN,NaN,1,0,1,0,0,0,1,0,0,0,0,0,0,0,0,0,0,0,0,5,0,0,0,0,0,1,0,0,0,0,0,0,0,0,6,1,0
C:\Users\All Five Projects\spring-batch-main\spring-batch-integration\src\test\java\org\springframework\batch\integration\chunk\ChunkRequestTests.java,org.springframework.batch.integration.chunk.ChunkRequestTests,class,2,2,0,2,5,1,0,11,0,0.0,1.0,1.0,5,0,0,0,0,5,5,0,0,0,1,0,0,1,0,0,1,0,0,21,0,0,0,0,0,3,6,2,0,2,0,0,0,0,37,0,0
C:\Users\All Five Projects\spring-batch-main\spring-batch-core\src\test\java\org\springframework\batch\core\test\repository\SybaseJobRepositoryIntegrationTests.java,org.springframework.batch.core.test.repository.SybaseJobRepositoryIntegrationTests,class,12,12,0,12,2,1,0,7,1,0.5,0.0,0.0,2,0,0,0,0,2,2,0,0,0,3,0,0,3,0,0,0,0,0,33,0,0,0,0,0,2,0,3,0,6,0,0,1,0,85,0,0
C:\Users\All Five Projects\spring-batch-main\spring-batch-core\src\main\java\org\springframework\batch\core\observability\BatchJobContext.java,org.springframework.batch.core.observability.BatchJobContext,class,3,8,5,3,3,2,0,0,1,0.33333334,0.33333334,0.33333334,3,0,3,0,0,0,3,0,0,0,1,0,0,1,0,0,1,0,0,12,2,0,0,0,0,0,0,1,0,1,0,0,0,0,11,1,0
C:\Users\All Five Projects\spring-batch-main\spring-batch-core\src\test\java\org\springframework\batch\core\test\repository\PostgreSQLJobRepositoryIntegrationTests.java,org.springframework.batch.core.test.repository.PostgreSQLJobRepositoryIntegrationTests$TestConfiguration,innerclass,10,10,0,10,3,1,0,9,3,0.0,0.0,0.0,3,0,3,0,0,0,3,0,0,0,0,0,0,0,0,0,0,0,0,15,3,0,0,0,0,2,0,1,0,3,0,0,0,1,20,8,0
C:\Users\All Five Projects\spring-batch-main\spring-batch-infrastructure\src\main\java\org\springframework\batch\item\ItemReaderException.java,org.springframework.batch.item.ItemReaderException,class,0,5,5,0,2,4,5,0,1,0.0,0.0,0.0,2,0,2,0,0,0,2,0,0,0,0,0,0,0,0,0,0,0,0,8,0,0,0,0,0,0,0,0,0,0,0,0,0,0,28,1025,0
C:\Users\All Five Projects\spring-batch-main\spring-batch-core\src\test\java\org\springframework\batch\core\step\item\SimpleStepFactoryBeanTests.java,org.springframework.batch.core.step.item.SimpleStepFactoryBeanTests,class,32,33,1,32,17,3,0,48,0,0.6458333,0.45714286,0.52380955,16,0,0,1,0,15,15,0,0,0,6,0,0,6,0,0,4,0,9,333,1,1,0,0,1,73,21,62,6,62,1,2,6,3,102,0,0
C:\Users\All Five Projects\spring-batch-main\spring-batch-core\src\test\java\org\springframework\batch\core\step\job\JobStepTests.java,org.springframework.batch.core.step.job.JobStepTests$Anonymous1,anonymous,1,1,0,1,1,1,0,3,0,0.0,NaN,NaN,1,0,1,0,0,0,1,0,0,0,0,0,0,0,0,0,0,0,1,6,0,0,0,0,0,0,0,0,0,0,0,0,0,0,6,-1,0
C:\Users\All Five Projects\spring-batch-main\spring-batch-core\src\test\java\org\springframework\batch\core\step\job\JobStepTests.java,org.springframework.batch.core.step.job.JobStepTests$Anonymous2,anonymous,1,1,0,1,1,1,0,3,0,0.0,NaN,NaN,1,0,1,0,0,0,1,0,0,0,0,0,0,0,0,0,0,0,1,6,0,0,0,0,0,0,0,0,0,0,0,0,0,0,6,-1,0
C:\Users\All Five Projects\spring-batch-main\spring-batch-core\src\test\java\org\springframework\batch\core\step\job\JobStepTests.java,org.springframework.batch.core.step.job.JobStepTests$Anonymous3,anonymous,1,1,0,1,1,1,0,0,0,0.0,NaN,NaN,1,0,1,0,0,0,1,0,0,0,0,0,0,0,0,0,0,0,0,5,0,0,0,0,0,1,0,0,0,0,0,0,0,0,7,-1,0
C:\Users\All Five Projects\spring-batch-main\spring-batch-core\src\test\java\org\springframework\batch\core\step\job\JobStepTests.java,org.springframework.batch.core.step.job.JobStepTests$Anonymous4,anonymous,1,1,0,1,2,1,0,8,1,0.0,0.0,0.0,2,0,2,0,0,0,2,0,0,0,0,0,0,0,0,0,0,0,1,12,1,0,0,0,0,1,1,0,0,0,0,0,0,0,12,-1,0
C:\Users\All Five Projects\spring-batch-main\spring-batch-core\src\test\java\org\springframework\batch\core\test\football\internal\GameFieldSetMapper.java,org.springframework.batch.core.test.football.internal.GameFieldSetMapper,class,3,3,0,3,2,1,0,17,0,0.0,NaN,NaN,1,0,1,0,0,0,1,0,0,0,0,0,0,0,0,0,0,0,0,24,2,0,1,0,0,15,1,1,0,1,1,0,0,0,8,1,0
C:\Users\All Five Projects\spring-batch-main\spring-batch-samples\src\main\java\org\springframework\batch\samples\mongodb\MongoDBConfiguration.java,org.springframework.batch.samples.mongodb.MongoDBConfiguration,class,15,16,1,15,6,1,0,7,15,0.8333333,0.0,0.0,6,0,6,0,0,0,6,0,0,0,3,0,0,3,0,0,0,0,0,35,6,0,0,0,0,10,0,5,1,8,0,0,0,0,31,1,0
C:\Users\All Five Projects\spring-batch-main\spring-batch-core\src\test\java\org\springframework\batch\core\step\job\JobStepTests.java,org.springframework.batch.core.step.job.JobStepTests$Anonymous5,anonymous,1,1,0,1,2,1,0,8,1,0.0,0.0,0.0,2,0,2,0,0,0,2,0,0,0,0,0,0,0,0,0,0,0,1,11,1,0,0,0,0,0,1,0,0,0,0,0,0,0,9,-1,0
C:\Users\All Five Projects\spring-batch-main\spring-batch-core\src\test\java\org\springframework\batch\core\step\job\JobStepTests.java,org.springframework.batch.core.step.job.JobStepTests$Anonymous6,anonymous,2,2,0,2,1,1,0,4,0,0.0,NaN,NaN,1,0,1,0,0,0,1,0,0,0,0,0,0,0,0,0,0,0,1,7,0,0,0,0,0,1,0,0,0,0,0,0,0,0,8,-1,0
C:\Users\All Five Projects\spring-batch-main\spring-batch-infrastructure\src\main\java\org\springframework\batch\item\support\AbstractFileItemWriter.java,org.springframework.batch.item.support.AbstractFileItemWriter,class,15,21,6,15,40,3,0,36,113,0.90740746,0.10294118,0.40441176,18,0,15,1,2,0,17,1,0,0,18,6,3,10,5,0,6,0,2,314,1,0,8,7,0,19,2,32,4,22,4,0,1,0,257,1025,1
C:\Users\All Five Projects\spring-batch-main\spring-batch-core\src\main\java\org\springframework\batch\core\repository\dao\Jackson2ExecutionContextStringSerializer.java,org.springframework.batch.core.repository.dao.Jackson2ExecutionContextStringSerializer$TrustedTypeIdResolver,innerclass,7,7,0,7,14,1,0,17,0,0.6296297,1.0,1.0,9,0,7,1,0,1,8,0,0,0,3,1,0,3,0,0,3,0,2,50,9,0,3,0,0,53,0,9,1,9,1,0,0,0,101,8,0
C:\Users\All Five Projects\spring-batch-main\spring-batch-infrastructure\src\test\java\org\springframework\batch\item\data\builder\MongoItemWriterBuilderTests.java,org.springframework.batch.item.data.builder.MongoItemWriterBuilderTests$Item,innerclass,0,0,0,0,2,1,0,0,1,0.5,0.0,0.0,2,0,2,0,0,0,2,0,0,0,2,0,0,0,0,2,0,0,0,10,0,0,0,0,0,0,0,2,0,2,0,0,0,0,4,8,0
C:\Users\All Five Projects\spring-batch-main\spring-batch-integration\src\main\java\org\springframework\batch\integration\config\xml\RemoteChunkingManagerParser.java,org.springframework.batch.integration.config.xml.RemoteChunkingManagerParser,class,8,9,1,8,1,2,0,8,0,0.0,NaN,NaN,1,0,1,0,0,0,1,0,0,0,8,8,0,8,0,0,8,0,0,26,1,0,0,0,0,12,0,15,1,15,0,0,0,0,67,1,0
C:\Users\All Five Projects\spring-batch-main\spring-batch-infrastructure\src\test\java\org\springframework\batch\item\database\JdbcBatchItemWriterNamedParameterTests.java,org.springframework.batch.item.database.JdbcBatchItemWriterNamedParameterTests$Foo,innerclass,0,0,0,0,5,1,0,0,0,0.4,0.6,1.0,5,0,5,0,0,0,5,0,0,0,2,0,0,2,0,0,0,0,0,20,2,0,0,0,0,1,1,4,0,2,0,0,0,0,10,10,0
C:\Users\All Five Projects\spring-batch-main\spring-batch-infrastructure\src\test\java\org\springframework\batch\item\json\JsonItemReaderTests.java,org.springframework.batch.item.json.JsonItemReaderTests,class,13,13,0,13,4,3,0,10,0,0.125,1.0,1.0,4,0,0,0,0,4,4,0,0,0,2,0,0,2,0,0,0,0,0,58,0,0,0,0,0,6,0,8,0,6,0,0,2,4,39,0,0
C:\Users\All Five Projects\spring-batch-main\spring-batch-infrastructure\src\test\java\org\springframework\batch\item\database\JdbcPagingItemReaderAsyncTests.java,org.springframework.batch.item.database.JdbcPagingItemReaderAsyncTests,class,13,14,1,13,14,1,0,39,2,0.6666667,0.5,0.5,5,0,0,1,1,3,4,0,0,0,6,4,0,6,0,0,4,0,3,92,3,5,3,1,0,13,15,27,5,28,4,0,0,2,89,0,3
C:\Users\All Five Projects\spring-batch-main\spring-batch-core\src\test\java\org\springframework\batch\core\configuration\xml\DuplicateTransitionJobParserTests.java,org.springframework.batch.core.configuration.xml.DuplicateTransitionJobParserTests,class,3,3,0,3,2,1,0,3,1,0.0,0.0,0.0,2,0,0,0,0,2,2,0,0,0,0,0,0,0,0,0,0,0,0,8,0,0,0,0,0,2,0,0,0,0,0,0,0,2,23,0,0
C:\Users\All Five Projects\spring-batch-main\spring-batch-core\src\main\java\org\springframework\batch\core\scope\context\JobScopeManager.java,org.springframework.batch.core.scope.context.JobScopeManager,class,5,5,0,5,1,1,0,3,0,0.0,NaN,NaN,1,0,1,0,0,0,1,0,0,0,0,0,0,0,0,0,0,0,2,11,0,0,0,1,0,1,0,0,0,0,1,0,0,0,31,1,0
C:\Users\All Five Projects\spring-batch-main\spring-batch-core\src\main\java\org\springframework\batch\core\StepExecutionListener.java,org.springframework.batch.core.StepExecutionListener,interface,4,30,26,4,2,1,0,0,1,0.0,0.0,0.0,2,0,0,0,0,2,2,0,0,0,0,0,0,0,0,0,0,0,0,7,1,0,0,0,0,0,0,0,0,0,0,0,0,0,65,1,0
C:\Users\All Five Projects\spring-batch-main\spring-batch-core\src\test\java\org\springframework\batch\core\configuration\DuplicateJobExceptionTests.java,org.springframework.batch.core.configuration.DuplicateJobExceptionTests,class,2,2,0,2,2,3,0,0,1,0.0,0.0,0.0,2,0,2,0,0,0,2,0,0,0,0,0,0,0,0,0,0,0,0,8,2,0,0,0,0,0,0,0,0,0,0,0,0,0,11,1,0
C:\Users\All Five Projects\spring-batch-main\spring-batch-infrastructure\src\main\java\org\springframework\batch\item\ItemStreamWriter.java,org.springframework.batch.item.ItemStreamWriter,interface,3,8,5,3,0,1,0,0,0,0.0,-1.0,-1.0,0,0,0,0,0,0,0,0,0,0,0,0,0,0,0,0,0,0,0,2,0,0,0,0,0,0,0,0,0,0,0,0,0,0,9,1,0
C:\Users\All Five Projects\spring-batch-main\spring-batch-infrastructure\src\test\java\org\springframework\batch\item\support\builder\CompositeItemProcessorBuilderTests.java,org.springframework.batch.item.support.builder.CompositeItemProcessorBuilderTests,class,9,10,1,9,5,1,0,11,4,0.4666667,0.5,0.5,5,0,0,1,0,4,4,0,0,0,3,0,0,3,0,0,0,0,0,37,0,0,0,0,0,3,0,10,0,12,0,0,0,0,46,0,0
C:\Users\All Five Projects\spring-batch-main\spring-batch-infrastructure\src\main\java\org\springframework\batch\item\support\ClassifierCompositeItemWriter.java,org.springframework.batch.item.support.ClassifierCompositeItemWriter,class,5,7,2,5,5,1,0,8,0,0.0,1.0,1.0,2,0,2,0,0,0,2,0,0,0,1,0,0,1,0,0,0,0,0,20,0,2,0,0,0,1,0,4,0,3,2,0,0,0,51,1,0
C:\Users\All Five Projects\spring-batch-main\spring-batch-samples\src\test\java\org\springframework\batch\samples\beanwrapper\BeanWrapperMapperSampleJobFunctionalTests.java,org.springframework.batch.samples.beanwrapper.BeanWrapperMapperSampleJobFunctionalTests,class,5,5,0,5,1,1,0,3,0,0.0,NaN,NaN,1,0,0,0,0,1,1,0,0,0,1,0,0,1,0,0,0,0,0,7,0,0,0,0,0,2,0,1,0,2,0,0,0,0,25,0,0
C:\Users\All Five Projects\spring-batch-main\spring-batch-infrastructure\src\main\java\org\springframework\batch\item\validator\ValidatingItemProcessor.java,org.springframework.batch.item.validator.ValidatingItemProcessor,class,6,8,2,6,9,1,0,2,1,0.5,0.46666667,0.6666667,6,0,6,0,0,0,6,0,0,0,2,0,0,2,0,0,0,0,0,32,2,0,1,1,0,1,0,4,0,2,2,0,0,0,75,1,0
C:\Users\All Five Projects\spring-batch-main\spring-batch-core\src\test\java\org\springframework\batch\core\repository\dao\JdbcJobInstanceDaoTests.java,org.springframework.batch.core.repository.dao.JdbcJobInstanceDaoTests,class,14,14,0,14,9,2,0,25,13,0.6666667,0.0952381,0.14285715,7,0,1,0,1,5,7,0,0,0,3,0,0,3,0,0,0,0,3,52,1,2,0,0,0,21,9,13,2,14,1,0,0,0,47,1,0
C:\Users\All Five Projects\spring-batch-main\spring-batch-test\src\test\java\org\springframework\batch\test\StepScopeTestExecutionListenerTests.java,org.springframework.batch.test.StepScopeTestExecutionListenerTests$WithStepExecutionFactory,innerclass,4,4,0,4,1,1,0,6,0,0.0,NaN,NaN,1,0,1,0,0,0,1,0,0,0,0,0,0,0,0,0,0,0,1,8,1,0,0,0,0,7,2,2,0,2,0,0,0,0,10,10,0
C:\Users\All Five Projects\spring-batch-main\spring-batch-infrastructure\src\test\java\org\springframework\batch\item\data\RepositoryItemReaderTests.java,org.springframework.batch.item.data.RepositoryItemReaderTests$TestItem,innerclass,0,0,0,0,2,1,0,0,0,0.0,1.0,1.0,2,0,1,0,0,1,2,0,0,0,1,0,0,1,0,0,1,0,0,9,1,0,0,0,0,1,0,1,1,1,0,0,0,0,8,10,0
C:\Users\All Five Projects\spring-batch-main\spring-batch-samples\src\main\java\org\springframework\batch\samples\support\SummaryFooterCallback.java,org.springframework.batch.samples.support.SummaryFooterCallback,class,3,3,0,3,2,1,0,2,0,0.0,1.0,1.0,2,0,2,0,0,0,2,0,0,0,1,0,0,1,0,0,0,0,0,9,0,0,0,0,0,1,0,1,1,1,0,0,0,0,25,1,0
C:\Users\All Five Projects\spring-batch-main\spring-batch-core\src\main\java\org\springframework\batch\core\configuration\support\DefaultBatchConfiguration.java,org.springframework.batch.core.configuration.support.DefaultBatchConfiguration,class,48,53,5,48,37,1,6,73,345,0.8888889,0.008547009,0.008547009,27,0,10,0,17,0,27,0,0,0,1,0,0,0,1,0,0,0,0,187,26,0,0,6,0,19,0,10,4,10,2,0,0,0,275,1,0
C:\Users\All Five Projects\spring-batch-main\spring-batch-core\src\test\java\org\springframework\batch\core\repository\dao\JdbcJobDaoTests.java,org.springframework.batch.core.repository.dao.JdbcJobDaoTests,class,7,7,0,7,3,2,0,14,1,0.5,0.0,0.0,2,0,0,0,0,2,2,0,0,0,1,1,1,0,0,0,1,0,0,16,0,0,0,0,3,4,6,2,0,2,0,0,0,0,47,1,0
C:\Users\All Five Projects\spring-batch-main\spring-batch-core\src\test\java\org\springframework\batch\core\configuration\xml\DecisionJobParserTests.java,org.springframework.batch.core.configuration.xml.DecisionJobParserTests,class,9,9,0,9,1,1,0,8,0,0.0,NaN,NaN,1,0,0,0,0,1,1,0,0,0,2,0,0,2,0,0,0,0,0,16,0,0,0,0,0,1,1,1,0,3,0,0,1,0,17,0,0
C:\Users\All Five Projects\spring-batch-main\spring-batch-samples\src\main\java\org\springframework\batch\samples\domain\trade\internal\TradeRowMapper.java,org.springframework.batch.samples.domain.trade.internal.TradeRowMapper,class,2,2,0,2,1,1,0,9,0,0.0,NaN,NaN,1,0,1,0,0,0,1,0,0,0,6,6,6,0,0,0,6,0,0,17,1,0,0,0,0,0,6,7,0,7,0,0,0,0,28,1,0
C:\Users\All Five Projects\spring-batch-main\spring-batch-test\src\test\java\org\springframework\batch\test\common\LogAdvice.java,org.springframework.batch.test.common.LogAdvice,class,3,4,1,3,3,1,0,11,0,0.0,1.0,1.0,2,0,2,0,0,0,2,0,0,0,1,1,0,1,0,0,1,0,0,16,0,1,0,0,0,5,0,3,2,3,1,0,0,0,37,1,2
C:\Users\All Five Projects\spring-batch-main\spring-batch-infrastructure\src\test\java\org\springframework\batch\item\jms\builder\JmsItemReaderBuilderTests.java,org.springframework.batch.item.jms.builder.JmsItemReaderBuilderTests,class,7,7,0,7,6,1,0,14,9,0.5,0.2,0.2,6,0,0,0,0,6,6,0,0,0,1,0,0,1,0,0,0,0,0,34,0,0,0,0,0,4,1,11,0,11,0,0,0,1,39,0,0
C:\Users\All Five Projects\spring-batch-main\spring-batch-core\src\test\java\org\springframework\batch\core\repository\support\ResourcelessJobRepositoryTests.java,org.springframework.batch.core.repository.support.ResourcelessJobRepositoryTests,class,5,5,0,5,4,1,0,11,0,0.0,1.0,1.0,4,0,0,0,0,4,4,0,0,0,1,0,0,1,0,0,1,0,0,33,0,0,0,0,0,4,5,10,0,10,0,0,0,0,23,0,0
C:\Users\All Five Projects\spring-batch-main\spring-batch-infrastructure\src\test\java\org\springframework\batch\item\database\support\DerbyPagingQueryProviderTests.java,org.springframework.batch.item.database.support.DerbyPagingQueryProviderTests,class,3,3,0,3,7,2,0,4,21,0.0,0.0,0.0,7,0,0,0,0,7,7,0,0,0,0,0,0,0,0,0,0,0,0,33,2,0,0,0,0,8,0,9,0,8,0,0,0,0,61,0,0
C:\Users\All Five Projects\spring-batch-main\spring-batch-core\src\test\java\org\springframework\batch\core\repository\support\SimpleJobRepositoryProxyTests.java,org.springframework.batch.core.repository.support.SimpleJobRepositoryProxyTests,class,11,11,0,11,2,1,0,6,0,0.0,1.0,1.0,2,0,0,0,0,2,2,0,0,0,3,0,0,3,0,0,1,0,0,22,0,0,0,0,0,1,0,2,0,4,0,0,1,1,41,0,0
C:\Users\All Five Projects\spring-batch-main\spring-batch-samples\src\main\java\org\springframework\batch\samples\common\ProcessIndicatorItemWrapper.java,org.springframework.batch.samples.common.ProcessIndicatorItemWrapper,class,1,3,2,1,3,1,0,0,0,0.33333334,0.6666667,1.0,3,0,3,0,0,0,3,0,0,0,2,0,0,2,0,0,2,0,0,14,2,0,0,0,0,0,0,2,0,2,0,0,0,0,53,1,0
C:\Users\All Five Projects\spring-batch-main\spring-batch-core\src\test\java\org\springframework\batch\core\configuration\xml\JobParserExceptionTests.java,org.springframework.batch.core.configuration.xml.JobParserExceptionTests,class,5,5,0,5,4,1,0,8,6,0.0,0.0,0.0,4,0,0,0,0,4,4,0,0,0,0,0,0,0,0,0,0,0,0,20,0,0,0,0,0,10,0,6,2,6,0,0,0,4,47,0,0
C:\Users\All Five Projects\spring-batch-main\spring-batch-infrastructure\src\test\java\org\springframework\batch\item\file\transform\DefaultFieldSetFactoryTests.java,org.springframework.batch.item.file.transform.DefaultFieldSetFactoryTests,class,3,3,0,3,4,1,0,9,0,0.0,1.0,1.0,4,0,0,0,0,4,4,0,0,0,1,0,0,1,0,0,1,0,1,22,0,0,0,0,0,14,5,6,0,6,0,0,0,0,22,0,0
C:\Users\All Five Projects\spring-batch-main\spring-batch-infrastructure\src\main\java\org\springframework\batch\repeat\RepeatException.java,org.springframework.batch.repeat.RepeatException,class,1,7,6,1,2,2,2,0,1,0.0,0.0,0.0,2,0,2,0,0,0,2,0,0,0,0,0,0,0,0,0,0,0,0,8,0,0,0,0,0,0,0,0,0,0,0,0,0,0,7,1,0
C:\Users\All Five Projects\spring-batch-main\spring-batch-core\src\main\java\org\springframework\batch\core\converter\StringToLocalDateTimeConverter.java,org.springframework.batch.core.converter.StringToLocalDateTimeConverter,class,2,8,6,2,1,2,0,1,0,0.0,NaN,NaN,1,0,1,0,0,0,1,0,0,0,0,0,0,0,0,0,0,0,1,5,1,0,0,0,0,0,0,0,0,0,0,0,0,0,21,1,0
C:\Users\All Five Projects\spring-batch-main\spring-batch-infrastructure\src\main\java\org\springframework\batch\item\queue\builder\BlockingQueueItemReaderBuilder.java,org.springframework.batch.item.queue.builder.BlockingQueueItemReaderBuilder,class,3,4,1,3,4,1,0,2,0,0.33333334,0.6666667,1.0,3,0,3,0,0,0,3,0,0,0,3,0,0,3,0,0,0,0,0,20,3,0,1,0,0,1,1,6,0,4,0,0,0,0,33,1,0
C:\Users\All Five Projects\spring-batch-main\spring-batch-infrastructure\src\test\java\org\springframework\batch\repeat\support\SimpleRepeatTemplateTests.java,org.springframework.batch.repeat.support.SimpleRepeatTemplateTests$1TestException,innerclass,0,0,0,0,1,3,0,0,0,0.0,NaN,NaN,1,0,0,0,0,1,1,0,0,0,0,0,0,0,0,0,0,0,0,5,0,0,0,0,0,0,0,0,0,0,0,0,0,0,3,0,0
C:\Users\All Five Projects\spring-batch-main\spring-batch-core\src\test\java\org\springframework\batch\core\job\flow\support\state\SplitStateTests.java,org.springframework.batch.core.job.flow.support.state.SplitStateTests,class,7,7,0,7,2,1,0,9,0,0.0,1.0,1.0,2,0,0,0,0,2,2,0,0,0,1,0,0,1,0,0,1,0,1,25,0,0,0,0,0,6,0,10,0,10,0,0,0,0,31,0,0
C:\Users\All Five Projects\spring-batch-main\spring-batch-infrastructure\src\test\java\org\springframework\batch\item\data\MongoItemWriterTests.java,org.springframework.batch.item.data.MongoItemWriterTests,class,24,24,0,24,30,1,0,35,0,0.34399998,0.94666666,1.0,25,0,0,0,0,25,25,0,0,0,5,0,0,4,0,1,1,0,1,274,9,3,1,1,0,57,25,43,0,53,3,0,1,21,95,0,0
C:\Users\All Five Projects\spring-batch-main\spring-batch-samples\src\main\java\org\springframework\batch\samples\domain\trade\CustomerCreditDao.java,org.springframework.batch.samples.domain.trade.CustomerCreditDao,interface,1,4,3,1,1,1,0,0,0,0.0,NaN,NaN,1,0,0,0,0,1,1,0,0,0,0,0,0,0,0,0,0,0,0,3,0,0,0,0,0,0,0,0,0,0,0,0,0,0,13,1,0
C:\Users\All Five Projects\spring-batch-main\spring-batch-core\src\main\java\org\springframework\batch\core\repository\persistence\converter\JobExecutionConverter.java,org.springframework.batch.core.repository.persistence.converter.JobExecutionConverter,class,12,14,2,12,2,1,0,59,0,0.0,1.0,1.0,2,0,2,0,0,0,2,0,0,0,2,0,0,2,0,0,2,0,0,36,2,0,0,0,0,0,0,7,0,12,0,0,0,3,22,1,0
C:\Users\All Five Projects\spring-batch-main\spring-batch-infrastructure\src\test\java\org\springframework\batch\item\data\MongoPagingItemReaderTests.java,org.springframework.batch.item.data.MongoPagingItemReaderTests,class,10,10,0,10,17,1,0,46,0,0.3137255,1.0,1.0,17,0,0,0,0,17,17,0,0,0,3,0,0,3,0,0,0,0,3,214,0,0,0,0,0,40,34,21,0,21,1,0,0,13,79,0,0
C:\Users\All Five Projects\spring-batch-main\spring-batch-infrastructure\src\main\java\org\springframework\batch\item\file\transform\ConversionException.java,org.springframework.batch.item.file.transform.ConversionException,class,0,0,0,0,1,4,0,0,0,0.0,NaN,NaN,1,0,1,0,0,0,1,0,0,0,0,0,0,0,0,0,0,0,0,5,0,0,0,0,0,0,0,0,0,0,0,0,0,0,11,1,0
C:\Users\All Five Projects\spring-batch-main\spring-batch-core\src\test\java\org\springframework\batch\core\step\tasklet\StepExecutorInterruptionTests.java,org.springframework.batch.core.step.tasklet.StepExecutorInterruptionTests$Anonymous2,anonymous,1,1,0,1,1,1,0,0,0,0.0,NaN,NaN,1,0,0,0,1,0,1,0,0,0,0,0,0,0,0,0,0,0,0,13,1,0,0,0,0,1,1,0,0,0,0,1,0,0,2,-1,0
C:\Users\All Five Projects\spring-batch-main\spring-batch-core\src\test\java\org\springframework\batch\core\step\tasklet\StepExecutorInterruptionTests.java,org.springframework.batch.core.step.tasklet.StepExecutorInterruptionTests$Anonymous1,anonymous,3,3,0,3,3,1,0,0,0,0.0,NaN,NaN,1,0,1,0,0,0,1,0,0,0,0,0,0,0,0,0,0,0,0,14,2,1,1,0,0,0,4,3,1,2,1,0,0,0,6,-1,0
C:\Users\All Five Projects\spring-batch-main\spring-batch-core\src\test\java\org\springframework\batch\core\step\tasklet\StepExecutorInterruptionTests.java,org.springframework.batch.core.step.tasklet.StepExecutorInterruptionTests$Anonymous7,anonymous,4,4,0,4,1,1,0,0,0,0.0,NaN,NaN,1,0,1,0,0,0,1,0,0,0,0,0,0,0,0,0,0,0,0,5,0,0,0,0,0,1,0,0,0,0,0,0,0,0,4,-1,0
C:\Users\All Five Projects\spring-batch-main\spring-batch-infrastructure\src\main\java\org\springframework\batch\item\ItemStreamSupport.java,org.springframework.batch.item.ItemStreamSupport,class,3,25,22,3,4,1,2,4,0,0.25,0.5,0.5,4,0,3,0,1,0,4,0,0,0,1,0,0,1,0,0,1,0,0,15,2,0,0,0,0,0,0,1,0,1,0,0,0,0,42,1025,0
C:\Users\All Five Projects\spring-batch-main\spring-batch-core\src\test\java\org\springframework\batch\core\step\tasklet\StepExecutorInterruptionTests.java,org.springframework.batch.core.step.tasklet.StepExecutorInterruptionTests$Anonymous5,anonymous,1,1,0,1,1,1,0,0,0,0.0,NaN,NaN,1,0,0,0,1,0,1,0,0,0,0,0,0,0,0,0,0,0,0,14,1,0,0,0,0,1,1,0,0,0,0,1,0,0,2,-1,0
C:\Users\All Five Projects\spring-batch-main\spring-batch-core\src\test\java\org\springframework\batch\core\step\tasklet\StepExecutorInterruptionTests.java,org.springframework.batch.core.step.tasklet.StepExecutorInterruptionTests$Anonymous4,anonymous,3,3,0,3,1,1,0,0,0,0.0,NaN,NaN,1,0,1,0,0,0,1,0,0,0,0,0,0,0,0,0,0,0,0,5,1,0,0,0,0,0,0,0,0,0,0,0,0,0,4,-1,0
C:\Users\All Five Projects\spring-batch-main\spring-batch-infrastructure\src\main\java\org\springframework\batch\item\file\BufferedReaderFactory.java,org.springframework.batch.item.file.BufferedReaderFactory,interface,1,5,4,1,1,1,0,0,0,0.0,NaN,NaN,1,0,0,0,0,1,1,0,0,0,0,0,0,0,0,0,0,0,0,3,0,0,0,0,0,0,0,0,0,0,0,0,0,0,47,1,0
C:\Users\All Five Projects\spring-batch-main\spring-batch-samples\src\main\java\org\springframework\batch\samples\jpa\JpaRepositoryJobConfiguration.java,org.springframework.batch.samples.jpa.JpaRepositoryJobConfiguration,class,26,27,1,26,6,1,0,20,15,0.0,0.0,0.0,6,0,6,0,0,0,6,0,0,0,0,0,0,0,0,0,0,0,2,28,6,0,0,0,0,10,2,2,0,2,0,0,0,0,63,1,0
C:\Users\All Five Projects\spring-batch-main\spring-batch-integration\src\main\java\org\springframework\batch\integration\partition\BeanFactoryStepLocator.java,org.springframework.batch.integration.partition.BeanFactoryStepLocator,class,5,7,2,5,3,1,0,4,0,0.0,1.0,1.0,3,0,3,0,0,0,3,0,0,0,1,0,0,1,0,0,0,0,1,13,2,0,0,0,1,1,0,1,0,1,0,0,0,0,45,1,0
C:\Users\All Five Projects\spring-batch-main\spring-batch-core\src\test\java\org\springframework\batch\core\configuration\xml\BeanDefinitionOverrideTests.java,org.springframework.batch.core.configuration.xml.BeanDefinitionOverrideTests,class,2,2,0,2,2,1,0,3,1,0.0,0.0,0.0,2,0,0,0,0,2,2,0,0,0,0,0,0,0,0,0,0,0,0,13,0,0,0,0,0,2,0,2,0,2,0,0,0,0,27,0,0
C:\Users\All Five Projects\spring-batch-main\spring-batch-infrastructure\src\test\java\org\springframework\batch\item\file\mapping\PatternMatchingCompositeLineMapperTests.java,org.springframework.batch.item.file.mapping.PatternMatchingCompositeLineMapperTests,class,8,8,0,8,3,1,0,9,0,0.0,1.0,1.0,3,0,0,0,0,3,3,0,0,0,1,0,0,1,0,0,1,0,2,30,0,0,0,0,0,20,12,7,0,14,0,0,0,9,33,0,0
C:\Users\All Five Projects\spring-batch-main\spring-batch-core\src\test\java\org\springframework\batch\core\step\item\ChunkOrientedTaskletTests.java,org.springframework.batch.core.step.item.ChunkOrientedTaskletTests$Anonymous3,anonymous,2,2,0,2,2,1,0,3,1,0.0,0.0,0.0,2,0,2,0,0,0,2,0,0,0,0,0,0,0,0,0,0,0,0,11,1,0,0,0,0,1,0,1,0,1,0,0,0,0,8,-1,0
C:\Users\All Five Projects\spring-batch-main\spring-batch-core\src\test\java\org\springframework\batch\core\test\step\FaultTolerantStepFactoryBeanIntegrationTests.java,org.springframework.batch.core.test.step.FaultTolerantStepFactoryBeanIntegrationTests,class,24,24,0,24,5,1,0,36,0,0.33333334,1.0,1.0,3,0,0,0,0,3,3,0,0,0,8,1,0,8,0,0,2,0,4,99,0,1,0,1,0,20,11,13,1,16,2,0,2,0,77,0,1
C:\Users\All Five Projects\spring-batch-main\spring-batch-core\src\test\java\org\springframework\batch\core\step\item\ChunkOrientedTaskletTests.java,org.springframework.batch.core.step.item.ChunkOrientedTaskletTests$Anonymous2,anonymous,3,3,0,3,2,1,0,0,1,0.0,0.0,0.0,2,0,2,0,0,0,2,0,0,0,0,0,0,0,0,0,0,0,0,7,0,0,0,0,0,1,0,0,0,0,0,0,0,0,9,-1,0
C:\Users\All Five Projects\spring-batch-main\spring-batch-core\src\test\java\org\springframework\batch\core\step\item\ChunkOrientedTaskletTests.java,org.springframework.batch.core.step.item.ChunkOrientedTaskletTests$Anonymous1,anonymous,2,2,0,2,2,1,0,2,1,0.0,0.0,0.0,2,0,2,0,0,0,2,0,0,0,0,0,0,0,0,0,0,0,0,10,1,0,0,0,0,1,0,1,0,1,0,0,0,0,8,-1,0
C:\Users\All Five Projects\spring-batch-main\spring-batch-infrastructure\src\test\java\org\springframework\batch\item\database\JpaPagingItemReaderIntegrationTests.java,org.springframework.batch.item.database.JpaPagingItemReaderIntegrationTests,class,7,7,0,7,1,2,0,11,0,0.0,NaN,NaN,1,0,0,0,1,0,1,0,0,0,0,0,0,0,0,0,0,0,1,19,1,0,0,0,0,4,1,4,0,4,0,0,0,0,39,1,0
C:\Users\All Five Projects\spring-batch-main\spring-batch-infrastructure\src\main\java\org\springframework\batch\repeat\interceptor\RepeatOperationsInterceptor.java,org.springframework.batch.repeat.interceptor.RepeatOperationsInterceptor$RepeatOperationsInterceptorException,innerclass,1,1,0,1,1,3,0,0,0,0.0,NaN,NaN,1,0,1,0,0,0,1,0,0,0,0,0,0,0,0,0,0,0,0,5,0,0,0,0,0,0,0,0,0,0,0,0,0,0,26,10,0
C:\Users\All Five Projects\spring-batch-main\spring-batch-core\src\main\java\org\springframework\batch\core\observability\BatchMetrics.java,org.springframework.batch.core.observability.BatchMetrics,class,11,15,4,11,18,1,0,20,30,0.8888889,0.10714286,0.10714286,9,8,8,1,0,0,8,0,0,0,3,3,3,0,0,0,3,0,4,54,10,0,7,0,0,8,4,8,6,8,1,0,0,0,120,17,0
C:\Users\All Five Projects\spring-batch-main\spring-batch-infrastructure\src\main\java\org\springframework\batch\item\file\mapping\BeanWrapperFieldSetMapper.java,org.springframework.batch.item.file.mapping.BeanWrapperFieldSetMapper,class,17,19,2,17,42,2,0,47,80,0.8359375,0.12727273,0.38181818,16,0,9,5,2,0,11,0,0,0,8,0,0,8,0,0,1,0,1,190,11,2,15,2,0,12,10,40,4,30,3,0,1,0,311,1,0
C:\Users\All Five Projects\spring-batch-main\spring-batch-core\src\main\java\org\springframework\batch\core\step\item\BatchRetryTemplate.java,org.springframework.batch.core.step.item.BatchRetryTemplate$InnerRetryTemplate,innerclass,9,9,0,9,15,2,0,10,10,0.0,0.0,0.0,5,0,0,0,5,0,5,0,0,0,0,0,0,0,0,0,0,0,0,63,4,5,2,1,0,0,0,19,0,17,2,0,0,0,32,10,0
C:\Users\All Five Projects\spring-batch-main\spring-batch-core\src\main\java\org\springframework\batch\core\configuration\support\ApplicationContextFactory.java,org.springframework.batch.core.configuration.support.ApplicationContextFactory,interface,1,12,11,1,1,1,0,0,0,0.0,NaN,NaN,1,0,0,0,0,1,1,0,0,0,0,0,0,0,0,0,0,0,0,3,0,0,0,0,0,0,0,0,0,0,0,0,0,0,17,1,0
C:\Users\All Five Projects\spring-batch-main\spring-batch-infrastructure\src\test\java\org\springframework\batch\support\ReflectionUtilsTests.java,org.springframework.batch.support.ReflectionUtilsTests$AnnotatedClass,innerclass,1,1,0,1,2,1,0,0,1,0.0,0.0,0.0,2,0,2,0,0,0,2,0,0,0,0,0,0,0,0,0,0,0,0,7,1,0,0,0,0,1,0,0,0,0,0,0,0,0,6,9,0
C:\Users\All Five Projects\spring-batch-main\spring-batch-infrastructure\src\test\java\org\springframework\batch\item\database\support\DefaultDataFieldMaxValueIncrementerFactoryTests.java,org.springframework.batch.item.database.support.DefaultDataFieldMaxValueIncrementerFactoryTests,class,15,15,0,15,17,1,0,7,0,0.0,1.0,1.0,17,0,0,0,0,17,17,0,0,0,1,0,0,1,0,0,0,0,0,67,0,0,0,0,0,41,0,2,0,2,0,0,0,2,58,0,0
C:\Users\All Five Projects\spring-batch-main\spring-batch-samples\src\main\java\org\springframework\batch\samples\jdbc\JdbcReaderBatchWriterSampleJob.java,org.springframework.batch.samples.jdbc.JdbcReaderBatchWriterSampleJob,class,16,18,2,16,2,1,2,10,1,0.0,0.0,0.0,2,0,2,0,0,0,2,0,0,0,0,0,0,0,0,0,0,0,0,9,2,0,0,0,0,3,1,1,0,1,0,0,0,0,38,1,0
C:\Users\All Five Projects\spring-batch-main\spring-batch-infrastructure\src\test\java\org\springframework\batch\item\data\builder\Neo4jItemWriterBuilderTests.java,org.springframework.batch.item.data.builder.Neo4jItemWriterBuilderTests,class,9,9,0,9,3,1,0,14,1,0.33333334,0.33333334,0.33333334,3,0,0,0,0,3,3,0,0,0,2,0,0,2,0,0,0,0,0,32,0,0,0,0,0,14,0,5,0,7,0,0,0,1,28,0,0
C:\Users\All Five Projects\spring-batch-main\spring-batch-infrastructure\src\main\java\org\springframework\batch\item\database\Order.java,org.springframework.batch.item.database.Order,enum,0,14,14,0,0,1,0,0,0,0.0,-1.0,-1.0,0,0,0,0,0,0,0,0,0,0,0,0,0,0,0,0,0,0,0,1,0,0,0,0,0,0,0,0,0,0,0,0,0,0,22,1,0
C:\Users\All Five Projects\spring-batch-main\spring-batch-infrastructure\src\test\java\org\springframework\batch\item\kafka\builder\KafkaItemWriterBuilderTests.java,org.springframework.batch.item.kafka.builder.KafkaItemWriterBuilderTests$KafkaItemKeyMapper,innerclass,1,1,0,1,1,1,0,0,0,0.0,NaN,NaN,1,0,1,0,0,0,1,0,0,0,0,0,0,0,0,0,0,0,0,5,1,0,0,0,0,0,0,0,0,0,0,0,0,0,6,8,0
C:\Users\All Five Projects\spring-batch-main\spring-batch-integration\src\test\java\org\springframework\batch\integration\launch\JobLaunchingGatewayTests.java,org.springframework.batch.integration.launch.JobLaunchingGatewayTests,class,10,10,0,10,1,1,0,12,0,0.0,NaN,NaN,1,0,0,0,0,1,1,0,0,0,0,0,0,0,0,0,0,0,0,10,0,0,0,0,0,3,0,4,0,4,0,0,0,1,26,0,0
C:\Users\All Five Projects\spring-batch-main\spring-batch-core\src\test\java\org\springframework\batch\core\configuration\support\DefaultJobLoaderTests.java,org.springframework.batch.core.configuration.support.DefaultJobLoaderTests$BasicStubJob,innerclass,5,5,0,5,5,1,0,0,10,0.0,0.0,0.0,5,0,5,0,0,0,5,0,0,0,0,0,0,0,0,0,0,0,0,16,4,0,0,0,0,1,0,0,0,0,0,0,0,0,15,9,0
C:\Users\All Five Projects\spring-batch-main\spring-batch-core\src\main\java\org\springframework\batch\core\partition\support\DefaultStepExecutionAggregator.java,org.springframework.batch.core.partition.support.DefaultStepExecutionAggregator,class,3,5,2,3,3,1,0,23,0,0.0,NaN,NaN,1,0,1,0,0,0,1,0,0,0,0,0,0,0,0,0,0,0,1,21,1,1,1,0,0,1,0,1,8,1,1,0,0,0,44,1,0
C:\Users\All Five Projects\spring-batch-main\spring-batch-core\src\test\java\org\springframework\batch\core\job\flow\FlowJobTests.java,org.springframework.batch.core.job.flow.FlowJobTests$StubStep,innerclass,2,2,0,2,2,2,0,3,1,0.0,NaN,NaN,2,0,1,1,0,0,1,0,0,0,0,0,0,0,0,0,0,0,0,10,0,0,0,0,0,0,0,0,0,0,0,0,0,0,12,2,0
C:\Users\All Five Projects\spring-batch-main\spring-batch-infrastructure\src\main\java\org\springframework\batch\repeat\exception\LogOrRethrowExceptionHandler.java,org.springframework.batch.repeat.exception.LogOrRethrowExceptionHandler,class,7,9,2,7,7,1,0,7,0,0.25,1.0,1.0,2,0,2,0,0,0,2,0,0,0,2,0,0,1,1,0,1,0,0,27,0,0,0,0,0,3,0,4,0,3,1,0,1,0,78,1,3
C:\Users\All Five Projects\spring-batch-main\spring-batch-samples\src\main\java\org\springframework\batch\samples\amqp\AmqpJobConfiguration.java,org.springframework.batch.samples.amqp.AmqpJobConfiguration,class,18,20,2,18,4,1,0,9,6,0.0,0.0,0.0,4,0,4,0,0,0,4,0,0,0,0,0,0,0,0,0,0,0,0,16,4,0,0,0,0,2,1,2,0,2,0,0,0,0,48,1,0
C:\Users\All Five Projects\spring-batch-main\spring-batch-infrastructure\src\test\java\org\springframework\batch\item\database\JpaPagingItemReaderNativeQueryIntegrationTests.java,org.springframework.batch.item.database.JpaPagingItemReaderNativeQueryIntegrationTests,class,9,9,0,9,1,2,0,9,0,0.0,NaN,NaN,1,0,0,0,1,0,1,0,0,0,1,0,0,1,0,0,0,0,1,40,1,0,0,0,0,2,2,3,0,4,0,0,1,0,39,1,0
C:\Users\All Five Projects\spring-batch-main\spring-batch-core\src\main\java\org\springframework\batch\core\step\item\DefaultItemFailureHandler.java,org.springframework.batch.core.step.item.DefaultItemFailureHandler,class,4,5,1,4,4,2,0,2,0,0.0,1.0,1.0,2,0,2,0,0,0,2,0,0,0,1,1,0,0,1,0,1,0,0,19,0,0,0,2,0,7,0,1,3,1,1,0,0,0,49,1,4
C:\Users\All Five Projects\spring-batch-main\spring-batch-core\src\test\java\org\springframework\batch\core\partition\support\TaskExecutorPartitionHandlerTests.java,org.springframework.batch.core.partition.support.TaskExecutorPartitionHandlerTests,class,10,10,0,10,7,1,0,15,0,0.4,1.0,1.0,6,0,0,0,0,6,6,0,0,0,5,0,0,5,0,0,3,0,0,66,0,0,0,0,0,7,8,12,2,11,2,2,0,2,41,0,0
C:\Users\All Five Projects\spring-batch-main\spring-batch-infrastructure\src\main\java\org\springframework\batch\item\xml\builder\StaxEventItemWriterBuilder.java,org.springframework.batch.item.xml.builder.StaxEventItemWriterBuilder,class,7,8,1,7,17,1,0,16,88,0.87083334,0.13333334,1.0,16,0,16,0,0,0,16,0,0,0,15,0,0,15,0,0,0,0,0,100,16,0,0,0,0,2,0,25,0,16,1,0,0,0,134,1,0
C:\Users\All Five Projects\spring-batch-main\spring-batch-core\src\test\java\org\springframework\batch\core\step\builder\AbstractTaskletStepBuilderTests.java,org.springframework.batch.core.step.builder.AbstractTaskletStepBuilderTests,class,10,10,0,10,2,1,0,10,0,0.0,1.0,1.0,2,0,0,0,0,2,2,0,0,0,7,0,0,7,0,0,7,0,0,19,0,0,0,0,0,4,1,11,0,11,0,0,0,0,51,1,0
C:\Users\All Five Projects\spring-batch-main\spring-batch-core\src\test\java\org\springframework\batch\core\configuration\xml\StepWithFaultTolerantProcessTaskJobParserTests.java,org.springframework.batch.core.configuration.xml.StepWithFaultTolerantProcessTaskJobParserTests,class,19,19,0,19,1,1,0,14,0,0.0,NaN,NaN,1,0,0,0,0,1,1,0,0,0,8,0,0,8,0,0,0,0,0,44,0,0,0,0,3,26,9,10,0,18,0,0,0,0,52,0,0
C:\Users\All Five Projects\spring-batch-main\spring-batch-infrastructure\src\main\java\org\springframework\batch\item\mail\builder\SimpleMailMessageItemWriterBuilder.java,org.springframework.batch.item.mail.builder.SimpleMailMessageItemWriterBuilder,class,5,6,1,5,4,1,0,3,0,0.33333334,0.6666667,1.0,3,0,3,0,0,0,3,0,0,0,2,0,0,2,0,0,0,0,0,21,3,0,1,0,0,1,0,4,0,3,1,0,0,0,45,1,0
C:\Users\All Five Projects\spring-batch-main\spring-batch-infrastructure\src\test\java\org\springframework\batch\item\file\builder\FlatFileItemReaderBuilderTests.java,org.springframework.batch.item.file.builder.FlatFileItemReaderBuilderTests$1Person,innerclass,0,0,0,0,0,1,0,0,0,NaN,-1.0,-1.0,0,0,0,0,0,0,0,0,0,0,2,0,0,0,0,2,0,0,0,4,0,0,0,0,0,0,0,0,0,2,0,0,0,0,3,0,0
C:\Users\All Five Projects\spring-batch-main\spring-batch-infrastructure\src\test\java\org\springframework\batch\item\file\mapping\BeanWrapperFieldSetMapperConcurrentTests.java,org.springframework.batch.item.file.mapping.BeanWrapperFieldSetMapperConcurrentTests,class,4,4,0,4,4,1,0,12,0,0.0,NaN,NaN,1,0,0,0,0,1,1,0,0,0,0,0,0,0,0,0,0,0,1,42,1,3,0,0,0,4,5,9,0,9,3,0,1,1,30,0,0
C:\Users\All Five Projects\spring-batch-main\spring-batch-infrastructure\src\main\java\org\springframework\batch\item\amqp\builder\AmqpItemReaderBuilder.java,org.springframework.batch.item.amqp.builder.AmqpItemReaderBuilder,class,4,6,2,4,4,1,0,2,0,0.33333334,0.6666667,1.0,3,0,3,0,0,0,3,0,0,0,2,0,0,2,0,0,0,0,0,20,3,0,1,0,0,1,0,3,0,3,1,0,0,0,36,1,0
C:\Users\All Five Projects\spring-batch-main\spring-batch-infrastructure\src\main\java\org\springframework\batch\item\ItemCountAware.java,org.springframework.batch.item.ItemCountAware,interface,0,1,1,0,1,1,0,0,0,0.0,NaN,NaN,1,0,0,0,0,1,1,0,0,0,0,0,0,0,0,0,0,0,0,3,0,0,0,0,0,0,0,0,0,0,0,0,0,0,32,1,0
C:\Users\All Five Projects\spring-batch-main\spring-batch-core\src\test\java\org\springframework\batch\core\scope\context\JobContextTests.java,org.springframework.batch.core.scope.context.JobContextTests,class,9,9,0,9,15,1,0,27,0,0.4888889,0.8666667,0.8666667,15,0,0,0,0,15,15,0,0,0,3,0,0,3,0,0,0,0,1,86,0,0,0,0,0,36,8,12,0,8,1,0,0,6,49,0,0
C:\Users\All Five Projects\spring-batch-main\spring-batch-infrastructure\src\main\java\org\springframework\batch\item\ExecutionContext.java,org.springframework.batch.item.ExecutionContext,class,3,45,42,3,45,1,0,32,250,0.703125,0.26451612,0.32903227,32,0,31,1,0,0,31,0,0,0,2,0,0,2,0,0,1,0,2,144,32,0,8,0,2,12,0,11,3,7,1,0,0,0,176,1,0
C:\Users\All Five Projects\spring-batch-main\spring-batch-core\src\test\java\org\springframework\batch\core\configuration\xml\DummyRetryListener.java,org.springframework.batch.core.configuration.xml.DummyRetryListener,class,3,5,2,3,1,1,0,0,0,0.0,NaN,NaN,1,0,1,0,0,0,1,0,0,0,0,0,0,0,0,0,0,0,0,5,1,0,0,0,0,0,0,0,0,0,0,0,0,0,10,1,0
C:\Users\All Five Projects\spring-batch-main\spring-batch-infrastructure\src\test\java\org\springframework\batch\item\support\CompositeItemProcessorTests.java,org.springframework.batch.item.support.CompositeItemProcessorTests,class,4,4,0,4,5,1,0,11,0,0.2,0.6,0.6,5,0,0,0,0,5,5,0,0,0,3,0,0,3,0,0,1,0,2,40,0,0,0,0,0,6,2,10,0,10,0,0,0,0,68,0,0
C:\Users\All Five Projects\spring-batch-main\spring-batch-infrastructure\src\test\java\org\springframework\batch\item\database\JdbcBatchItemWriterClassicTests.java,org.springframework.batch.item.database.JdbcBatchItemWriterClassicTests,class,7,7,0,7,6,1,0,24,0,0.20833334,1.0,1.0,6,0,0,0,0,6,6,0,0,0,4,0,0,3,1,0,0,0,0,89,0,0,0,0,0,23,10,15,1,22,1,1,0,7,65,0,0
C:\Users\All Five Projects\spring-batch-main\spring-batch-infrastructure\src\test\java\org\springframework\batch\item\xml\TransactionalStaxEventItemWriterTests.java,org.springframework.batch.item.xml.TransactionalStaxEventItemWriterTests,class,16,17,1,16,13,1,0,30,0,0.52380955,1.0,1.0,6,0,0,2,0,4,4,0,0,0,7,1,0,7,0,0,4,0,1,145,5,0,0,7,2,28,4,14,6,21,2,1,1,9,80,0,0
C:\Users\All Five Projects\spring-batch-main\spring-batch-infrastructure\src\test\java\org\springframework\batch\retry\jms\SynchronousTests.java,org.springframework.batch.retry.jms.SynchronousTests,class,18,19,1,18,18,1,0,23,0,0.33999997,0.9285714,1.0,10,0,2,2,0,6,8,0,0,0,5,0,0,4,0,1,0,0,0,162,11,2,6,1,0,39,12,34,0,46,4,0,0,12,75,1,0
C:\Users\All Five Projects\spring-batch-main\spring-batch-core\src\test\java\org\springframework\batch\core\configuration\annotation\StepScopeConfigurationTests.java,org.springframework.batch.core.configuration.annotation.StepScopeConfigurationTests$TaskletSupport,innerclass,5,5,0,5,1,1,0,0,0,0.0,NaN,NaN,1,0,1,0,0,0,1,0,0,0,0,0,0,0,0,0,0,0,0,5,1,0,0,0,0,0,0,0,0,0,0,0,0,0,11,9,0
C:\Users\All Five Projects\spring-batch-main\spring-batch-core\src\test\java\org\springframework\batch\core\repository\dao\AbstractStepExecutionDaoTests.java,org.springframework.batch.core.repository.dao.AbstractStepExecutionDaoTests,class,14,16,2,14,22,2,1,59,0,0.64912283,0.78431374,0.78431374,19,0,0,1,2,16,18,2,0,0,6,0,0,0,6,0,0,0,9,175,0,2,0,0,0,11,23,28,2,27,1,0,0,4,112,1025,0
C:\Users\All Five Projects\spring-batch-main\spring-batch-test\src\test\java\org\springframework\batch\test\JobScopeTestExecutionListenerIntegrationTests.java,org.springframework.batch.test.JobScopeTestExecutionListenerIntegrationTests,class,11,11,0,11,2,1,0,8,0,0.25,1.0,1.0,2,0,0,0,0,2,2,0,0,0,2,0,0,2,0,0,0,0,1,16,1,0,0,0,0,4,0,1,0,3,0,0,0,0,28,0,0
C:\Users\All Five Projects\spring-batch-main\spring-batch-core\src\test\java\org\springframework\batch\core\repository\support\JobRepositoryFactoryBeanTests.java,org.springframework.batch.core.repository.support.JobRepositoryFactoryBeanTests$StubIncrementer,innerclass,1,1,0,1,3,1,0,0,3,0.0,0.0,0.0,3,0,3,0,0,0,3,0,0,0,0,0,0,0,0,0,0,0,0,11,3,0,0,0,0,0,2,0,0,0,0,0,0,0,13,10,0
C:\Users\All Five Projects\spring-batch-main\spring-batch-integration\src\test\java\org\springframework\batch\integration\partition\StepExecutionRequestTests.java,org.springframework.batch.integration.partition.StepExecutionRequestTests,class,3,3,0,3,2,1,0,8,0,0.0,1.0,1.0,2,0,0,0,0,2,2,0,0,0,2,1,0,2,0,0,2,0,0,16,0,0,0,0,0,3,4,5,0,5,0,0,0,0,38,0,0
C:\Users\All Five Projects\spring-batch-main\spring-batch-infrastructure\src\main\java\org\springframework\batch\repeat\RepeatStatus.java,org.springframework.batch.repeat.RepeatStatus,enum,1,20,19,1,8,1,0,0,0,0.25,0.8333333,1.0,4,1,3,0,0,1,4,0,0,0,1,0,0,1,0,0,1,0,0,16,3,0,1,0,0,0,0,1,0,1,0,0,0,0,35,1,0
C:\Users\All Five Projects\spring-batch-main\spring-batch-infrastructure\src\test\java\org\springframework\batch\item\file\mapping\PassThroughLineMapperTests.java,org.springframework.batch.item.file.mapping.PassThroughLineMapperTests,class,2,2,0,2,1,1,0,2,0,0.0,NaN,NaN,1,0,0,0,0,1,1,0,0,0,1,0,0,1,0,0,1,0,0,6,0,0,0,0,0,2,1,1,0,1,0,0,0,0,11,0,0
C:\Users\All Five Projects\spring-batch-main\spring-batch-core\src\test\java\org\springframework\batch\core\step\skip\ReprocessExceptionTests.java,org.springframework.batch.core.step.skip.ReprocessExceptionTests$PersonItemWriter,innerclass,3,3,0,3,3,1,0,2,0,0.0,NaN,NaN,1,0,1,0,0,0,1,0,0,0,0,0,0,0,0,0,0,0,0,9,0,1,0,0,0,2,0,0,0,0,2,0,0,0,11,9,0
C:\Users\All Five Projects\spring-batch-main\spring-batch-samples\src\main\java\org\springframework\batch\samples\mail\TestMailErrorHandler.java,org.springframework.batch.samples.mail.TestMailErrorHandler,class,4,6,2,4,3,1,0,4,0,0.33333334,1.0,1.0,3,0,3,0,0,0,3,0,0,0,2,1,0,2,0,0,2,0,0,14,1,0,0,0,0,1,0,2,1,2,0,0,0,0,47,1,1
C:\Users\All Five Projects\spring-batch-main\spring-batch-core\src\main\java\org\springframework\batch\core\job\flow\JobExecutionDecider.java,org.springframework.batch.core.job.flow.JobExecutionDecider,interface,4,11,7,4,1,1,0,0,0,0.0,NaN,NaN,1,0,0,0,0,1,1,0,0,0,0,0,0,0,0,0,0,0,0,3,0,0,0,0,0,0,0,0,0,0,0,0,0,0,64,1,0
C:\Users\All Five Projects\spring-batch-main\spring-batch-core\src\main\java\org\springframework\batch\core\repository\dao\NoSuchObjectException.java,org.springframework.batch.core.repository.dao.NoSuchObjectException,class,0,1,1,0,1,4,0,0,0,1.0,NaN,NaN,1,0,1,0,0,0,1,0,0,0,1,1,0,1,0,0,1,0,0,6,0,0,0,0,0,0,1,1,0,1,0,0,0,0,37,1,0
C:\Users\All Five Projects\spring-batch-main\spring-batch-core\src\test\java\org\springframework\batch\core\job\SimpleJobTests.java,org.springframework.batch.core.job.SimpleJobTests,class,26,27,1,26,28,2,0,84,0,0.6296296,0.91333336,0.92,27,0,0,2,0,25,25,0,0,0,11,0,0,11,0,0,2,0,6,363,0,0,1,0,0,48,55,52,2,41,1,3,1,3,127,0,0
C:\Users\All Five Projects\spring-batch-main\spring-batch-samples\src\main\java\org\springframework\batch\samples\skip\SkippableExceptionDuringReadSample.java,org.springframework.batch.samples.skip.SkippableExceptionDuringReadSample$Anonymous1,anonymous,3,3,0,3,3,1,0,3,0,0.0,NaN,NaN,1,0,1,0,0,0,1,0,0,0,0,0,0,0,0,0,0,0,0,11,1,0,1,0,0,3,1,1,2,1,1,0,0,0,11,-1,0
C:\Users\All Five Projects\spring-batch-main\spring-batch-core\src\main\java\org\springframework\batch\core\scope\context\JobSynchronizationManager.java,org.springframework.batch.core.scope.context.JobSynchronizationManager,class,4,7,3,4,4,1,0,4,0,0.0,1.0,1.0,4,4,4,0,0,0,4,0,0,0,1,1,0,1,0,0,1,0,0,23,2,0,0,0,0,0,0,1,0,1,0,1,0,0,105,1,0
C:\Users\All Five Projects\spring-batch-main\spring-batch-core\src\main\java\org\springframework\batch\core\UnexpectedJobExecutionException.java,org.springframework.batch.core.UnexpectedJobExecutionException,class,0,5,5,0,2,4,4,0,1,1.0,0.0,0.0,2,0,2,0,0,0,2,0,0,0,1,1,0,1,0,0,1,0,0,9,0,0,0,0,0,0,1,1,0,1,0,0,0,0,40,1,0
C:\Users\All Five Projects\spring-batch-main\spring-batch-infrastructure\src\main\java\org\springframework\batch\item\file\separator\SimpleRecordSeparatorPolicy.java,org.springframework.batch.item.file.separator.SimpleRecordSeparatorPolicy,class,1,4,3,1,3,1,2,0,3,0.0,0.0,0.0,3,0,3,0,0,0,3,0,0,0,0,0,0,0,0,0,0,0,0,11,3,0,0,0,0,0,0,0,0,0,0,0,0,0,26,1,0
C:\Users\All Five Projects\spring-batch-main\spring-batch-integration\src\test\java\org\springframework\batch\integration\partition\BeanFactoryStepLocatorTests.java,org.springframework.batch.integration.partition.BeanFactoryStepLocatorTests,class,5,5,0,5,2,1,0,7,0,0.0,1.0,1.0,2,0,0,0,0,2,2,0,0,0,2,0,0,2,0,0,2,0,0,29,0,0,0,0,0,7,1,2,0,2,0,0,1,0,17,0,0
C:\Users\All Five Projects\spring-batch-main\spring-batch-infrastructure\src\main\java\org\springframework\batch\repeat\policy\CompositeCompletionPolicy.java,org.springframework.batch.repeat.policy.CompositeCompletionPolicy,class,5,5,0,5,11,3,0,8,0,0.0,1.0,1.0,5,0,5,0,0,0,5,0,0,0,1,0,0,0,0,1,0,0,1,50,5,4,0,0,7,0,4,12,0,11,2,0,1,0,60,1,0
C:\Users\All Five Projects\spring-batch-main\spring-batch-core\src\test\java\org\springframework\batch\core\configuration\annotation\StepScopeConfigurationTests.java,org.springframework.batch.core.configuration.annotation.StepScopeConfigurationTests$SimpleCallable,innerclass,0,0,0,0,2,1,0,0,0,0.0,NaN,NaN,2,0,1,1,0,0,1,0,0,0,1,0,0,1,0,0,1,0,0,9,1,0,0,0,0,0,0,1,0,1,0,0,0,0,5,9,0
C:\Users\All Five Projects\spring-batch-main\spring-batch-infrastructure\src\main\java\org\springframework\batch\repeat\support\ResultHolderResultQueue.java,org.springframework.batch.repeat.support.ResultHolderResultQueue,class,5,8,3,5,13,1,0,13,0,0.5357143,0.73333335,1.0,7,0,6,1,0,0,6,0,0,0,4,0,0,4,0,0,3,0,0,79,5,1,1,0,0,3,2,6,0,5,2,0,1,0,96,1,0
C:\Users\All Five Projects\spring-batch-main\spring-batch-core\src\test\java\org\springframework\batch\core\step\skip\SkipListenerFailedExceptionTests.java,org.springframework.batch.core.step.skip.SkipListenerFailedExceptionTests,class,2,2,0,2,1,2,0,0,0,0.0,NaN,NaN,1,0,1,0,0,0,1,0,0,0,0,0,0,0,0,0,0,0,0,5,1,0,0,0,0,0,0,0,0,0,0,0,0,0,13,1,0
C:\Users\All Five Projects\spring-batch-main\spring-batch-test\src\main\java\org\springframework\batch\test\JobScopeTestUtils.java,org.springframework.batch.test.JobScopeTestUtils,class,2,2,0,2,2,1,0,3,1,0.0,NaN,NaN,2,1,1,1,0,0,1,0,0,0,0,0,0,0,0,0,0,0,0,13,1,0,0,1,0,0,0,0,0,0,1,0,0,0,46,1025,0
C:\Users\All Five Projects\spring-batch-main\spring-batch-infrastructure\src\main\java\org\springframework\batch\item\file\SimpleBinaryBufferedReaderFactory.java,org.springframework.batch.item.file.SimpleBinaryBufferedReaderFactory$BinaryBufferedReader,innerclass,1,1,0,1,12,3,0,14,1,0.5,NaN,NaN,3,0,1,2,0,0,1,0,0,0,2,0,0,2,0,0,2,0,0,53,7,2,4,1,0,0,8,7,0,6,2,0,0,0,61,26,0
C:\Users\All Five Projects\spring-batch-main\spring-batch-infrastructure\src\test\java\org\springframework\batch\item\file\transform\CommonLineTokenizerTests.java,org.springframework.batch.item.file.transform.CommonLineTokenizerTests,class,2,2,0,2,1,1,0,5,0,0.0,NaN,NaN,1,0,0,0,0,1,1,0,0,0,0,0,0,0,0,0,0,0,0,17,0,0,0,0,0,2,1,1,0,1,0,1,0,0,28,0,0
C:\Users\All Five Projects\spring-batch-main\spring-batch-infrastructure\src\main\java\org\springframework\batch\item\database\JpaPagingItemReader.java,org.springframework.batch.item.database.JpaPagingItemReader,class,10,19,9,10,23,3,0,32,30,0.78125006,0.21818182,0.8181818,12,0,8,1,3,0,11,0,0,0,8,0,0,8,0,0,1,0,0,95,2,2,8,0,0,4,0,14,1,11,2,0,0,0,219,1,0
C:\Users\All Five Projects\spring-batch-main\spring-batch-core\src\test\java\org\springframework\batch\core\job\DefaultJobParametersValidatorTests.java,org.springframework.batch.core.job.DefaultJobParametersValidatorTests,class,5,5,0,5,8,1,0,8,0,0.0,1.0,1.0,8,0,0,0,0,8,8,0,0,0,1,0,0,1,0,0,1,0,0,36,0,0,0,0,0,24,1,2,0,2,0,0,0,3,28,0,0
C:\Users\All Five Projects\spring-batch-main\spring-batch-core\src\test\java\org\springframework\batch\core\job\flow\FlowJobFailureTests.java,org.springframework.batch.core.job.flow.FlowJobFailureTests,class,15,15,0,15,3,1,0,17,0,0.0,1.0,1.0,3,0,0,0,0,3,3,0,0,0,2,0,0,2,0,0,1,0,0,48,0,0,0,0,0,16,0,11,0,11,0,1,0,0,53,0,0
C:\Users\All Five Projects\spring-batch-main\spring-batch-infrastructure\src\main\java\org\springframework\batch\item\ResourceAware.java,org.springframework.batch.item.ResourceAware,interface,1,2,1,1,1,1,0,0,0,0.0,NaN,NaN,1,0,0,0,0,1,1,0,0,0,0,0,0,0,0,0,0,0,0,3,0,0,0,0,0,0,0,0,0,0,0,0,0,0,34,1,0
C:\Users\All Five Projects\spring-batch-main\spring-batch-infrastructure\src\test\java\org\springframework\batch\item\database\support\Db2PagingQueryProviderTests.java,org.springframework.batch.item.database.support.Db2PagingQueryProviderTests,class,3,3,0,3,7,2,0,4,21,0.0,0.0,0.0,7,0,0,0,0,7,7,0,0,0,0,0,0,0,0,0,0,0,0,33,2,0,0,0,0,8,0,9,0,8,0,0,0,0,59,0,0
C:\Users\All Five Projects\spring-batch-main\spring-batch-core\src\test\java\org\springframework\batch\core\step\item\ScriptItemProcessorTests.java,org.springframework.batch.core.step.item.ScriptItemProcessorTests,class,7,7,0,7,1,1,0,1,0,0.0,NaN,NaN,1,0,0,0,0,1,1,0,0,0,2,0,0,2,0,0,0,0,0,16,0,0,0,0,0,0,0,0,0,2,0,0,1,0,19,0,0
C:\Users\All Five Projects\spring-batch-main\spring-batch-infrastructure\src\test\java\org\springframework\batch\item\file\mapping\BeanWrapperFieldSetMapperTests.java,org.springframework.batch.item.file.mapping.BeanWrapperFieldSetMapperTests,class,23,23,0,23,30,1,0,57,435,0.96666664,0.0,0.0,30,0,0,0,0,30,30,0,0,0,2,1,0,2,0,0,2,0,12,501,0,0,0,0,0,182,46,109,1,109,0,3,7,4,127,0,0
C:\Users\All Five Projects\spring-batch-main\spring-batch-core\src\test\java\org\springframework\batch\core\configuration\xml\SplitNestedJobParserTests.java,org.springframework.batch.core.configuration.xml.SplitNestedJobParserTests,class,8,8,0,8,1,1,0,6,0,0.0,NaN,NaN,1,0,0,0,0,1,1,0,0,0,2,0,0,2,0,0,0,0,0,10,0,0,0,0,0,1,0,1,0,3,0,0,0,0,17,0,0
C:\Users\All Five Projects\spring-batch-main\spring-batch-core\src\main\java\org\springframework\batch\core\ItemWriteListener.java,org.springframework.batch.core.ItemWriteListener,interface,2,7,5,2,3,1,0,0,3,0.0,0.0,0.0,3,0,0,0,0,3,3,0,0,0,0,0,0,0,0,0,0,0,0,8,0,0,0,0,0,0,0,0,0,0,0,0,0,0,91,1,0
C:\Users\All Five Projects\spring-batch-main\spring-batch-samples\src\main\java\org\springframework\batch\samples\domain\trade\internal\CustomerCreditItemWriter.java,org.springframework.batch.samples.domain.trade.internal.CustomerCreditItemWriter,class,3,3,0,3,3,1,0,1,0,0.0,1.0,1.0,2,0,2,0,0,0,2,0,0,0,1,0,0,1,0,0,0,0,0,11,0,1,0,0,0,0,0,1,0,1,1,0,0,0,24,1,0
C:\Users\All Five Projects\spring-batch-main\spring-batch-core\src\test\java\org\springframework\batch\core\launch\NoSuchJobExceptionTests.java,org.springframework.batch.core.launch.NoSuchJobExceptionTests,class,2,2,0,2,2,3,0,0,1,0.0,0.0,0.0,2,0,2,0,0,0,2,0,0,0,0,0,0,0,0,0,0,0,0,8,2,0,0,0,0,0,0,0,0,0,0,0,0,0,12,1,0
C:\Users\All Five Projects\spring-batch-main\spring-batch-core\src\main\java\org\springframework\batch\core\step\item\ChunkOrientedTasklet.java,org.springframework.batch.core.step.item.ChunkOrientedTasklet,class,11,15,4,11,7,1,0,13,0,0.46666664,0.6666667,1.0,3,0,3,0,0,0,3,0,0,0,5,2,0,5,0,0,4,0,0,35,2,0,1,0,0,4,0,8,1,6,2,0,0,0,76,1,2
C:\Users\All Five Projects\spring-batch-main\spring-batch-core\src\test\java\org\springframework\batch\core\test\repository\OracleJobRepositoryIntegrationTests.java,org.springframework.batch.core.test.repository.OracleJobRepositoryIntegrationTests,class,16,16,0,16,2,1,0,8,1,0.7,0.0,0.0,2,0,0,0,0,2,2,0,0,0,5,2,1,4,0,0,1,0,0,35,0,0,0,0,0,3,0,5,0,8,0,0,1,0,78,0,0
C:\Users\All Five Projects\spring-batch-main\spring-batch-infrastructure\src\main\java\org\springframework\batch\item\amqp\AmqpItemReader.java,org.springframework.batch.item.amqp.AmqpItemReader,class,5,7,2,5,7,1,0,6,0,0.33333334,0.6666667,1.0,3,0,3,0,0,0,3,0,0,0,2,0,0,2,0,0,1,0,0,22,2,0,3,0,0,5,0,3,1,3,1,0,0,0,57,1,0
C:\Users\All Five Projects\spring-batch-main\spring-batch-infrastructure\src\test\java\org\springframework\batch\item\support\CompositeItemReaderTests.java,org.springframework.batch.item.support.CompositeItemReaderTests,class,5,5,0,5,6,1,0,13,10,0.0,0.0,0.0,5,0,0,0,0,5,5,0,0,0,0,0,0,0,0,0,0,0,5,61,0,0,0,1,0,6,6,17,0,17,1,0,0,0,36,1,0
C:\Users\All Five Projects\spring-batch-main\spring-batch-core\src\test\java\org\springframework\batch\core\repository\dao\Jackson2ExecutionContextStringSerializerTests.java,org.springframework.batch.core.repository.dao.Jackson2ExecutionContextStringSerializerTests$UnmappedInternationalNumber,innerclass,1,1,0,1,0,2,0,0,0,NaN,-1.0,-1.0,0,0,0,0,0,0,0,0,0,0,1,0,1,0,0,0,0,0,0,3,0,0,0,0,0,0,0,0,0,1,0,0,0,0,6,9,0
C:\Users\All Five Projects\spring-batch-main\spring-batch-infrastructure\src\main\java\org\springframework\batch\item\support\CompositeItemWriter.java,org.springframework.batch.item.support.CompositeItemWriter,class,9,12,3,9,23,1,0,13,0,0.4,0.6888889,0.8,10,0,10,0,0,0,10,0,0,0,2,0,0,2,0,0,0,0,2,60,0,4,1,1,6,3,0,6,0,5,3,0,0,0,104,1,0
C:\Users\All Five Projects\spring-batch-main\spring-batch-infrastructure\src\test\java\org\springframework\batch\item\file\builder\MultiResourceItemReaderBuilderTests.java,org.springframework.batch.item.file.builder.MultiResourceItemReaderBuilderTests,class,10,10,0,10,4,2,0,18,6,0.0,0.0,0.0,4,0,0,0,2,2,4,0,0,0,0,0,0,0,0,0,0,0,0,35,3,0,0,0,0,9,1,10,0,14,1,0,0,4,46,0,0
C:\Users\All Five Projects\spring-batch-main\spring-batch-infrastructure\src\test\java\org\springframework\batch\item\kafka\KafkaItemWriterTests.java,org.springframework.batch.item.kafka.KafkaItemWriterTests$Anonymous1,anonymous,1,1,0,1,1,1,0,1,0,0.0,NaN,NaN,1,0,0,0,1,0,1,0,0,0,0,0,0,0,0,0,0,0,0,5,0,0,0,0,0,0,0,0,0,0,0,0,0,0,4,-1,0
C:\Users\All Five Projects\spring-batch-main\spring-batch-core\src\main\java\org\springframework\batch\core\SkipListener.java,org.springframework.batch.core.SkipListener,interface,3,9,6,3,3,1,0,0,3,0.0,0.0,0.0,3,0,0,0,0,3,3,0,0,0,0,0,0,0,0,0,0,0,0,8,0,0,0,0,0,0,0,0,0,0,0,0,0,0,86,1,0
C:\Users\All Five Projects\spring-batch-main\spring-batch-core\src\test\java\org\springframework\batch\core\configuration\xml\SplitJobParserTests.java,org.springframework.batch.core.configuration.xml.SplitJobParserTests,class,9,9,0,9,1,1,0,11,0,0.0,NaN,NaN,1,0,0,0,0,1,1,0,0,0,2,0,0,2,0,0,0,0,1,14,0,0,0,0,1,2,1,2,0,4,0,0,0,0,19,0,0
C:\Users\All Five Projects\spring-batch-main\spring-batch-core\src\main\java\org\springframework\batch\core\listener\CompositeStepExecutionListener.java,org.springframework.batch.core.listener.CompositeStepExecutionListener,class,5,8,3,5,6,1,0,12,0,0.0,1.0,1.0,4,0,4,0,0,0,4,0,0,0,1,0,0,1,0,0,1,0,1,23,1,2,0,0,0,0,0,6,0,6,1,0,0,0,49,1,0
C:\Users\All Five Projects\spring-batch-main\spring-batch-core\src\test\java\org\springframework\batch\core\step\item\FaultTolerantStepFactoryBeanTests.java,org.springframework.batch.core.step.item.FaultTolerantStepFactoryBeanTests$NonExistentException,innerclass,0,0,0,0,0,3,0,0,0,0.0,-1.0,-1.0,0,0,0,0,0,0,0,0,0,0,0,0,0,0,0,0,0,0,0,2,0,0,0,0,0,0,0,0,0,0,0,0,0,0,3,9,0
C:\Users\All Five Projects\spring-batch-main\spring-batch-infrastructure\src\test\java\org\springframework\batch\item\ExecutionContextTests.java,org.springframework.batch.item.ExecutionContextTests,class,5,5,0,5,18,1,0,27,0,0.0,0.6862745,0.6862745,18,0,0,0,0,18,18,0,0,0,1,0,0,1,0,0,1,0,2,157,0,0,0,0,1,78,26,20,0,19,0,0,1,2,82,0,0
C:\Users\All Five Projects\spring-batch-main\spring-batch-core\src\main\java\org\springframework\batch\core\configuration\xml\SimpleFlowFactoryBean.java,org.springframework.batch.core.configuration.xml.SimpleFlowFactoryBean,class,10,12,2,10,17,2,0,17,35,0.7636364,0.19444445,0.41666666,11,0,8,2,1,0,9,0,0,0,5,0,0,5,0,0,0,0,1,83,9,1,2,0,2,3,0,11,3,10,1,0,1,0,122,1,0
C:\Users\All Five Projects\spring-batch-main\spring-batch-core\src\test\java\org\springframework\batch\core\launch\support\CommandLineJobRunnerTests.java,org.springframework.batch.core.launch.support.CommandLineJobRunnerTests$StubJobExplorer,innerclass,9,9,0,9,25,1,0,9,72,0.8461539,0.015151516,0.015151516,13,0,12,1,0,0,12,0,0,0,3,3,0,0,0,3,0,0,8,87,15,1,10,0,0,1,9,6,1,6,2,0,0,0,37,9,0
C:\Users\All Five Projects\spring-batch-main\spring-batch-core\src\test\java\org\springframework\batch\core\step\builder\RegisterMultiListenerTests.java,org.springframework.batch.core.step.builder.RegisterMultiListenerTests,class,18,19,1,18,5,6,0,7,0,0.3125,1.0,1.0,4,0,0,1,0,3,3,0,0,0,4,0,0,4,0,0,0,0,0,136,0,0,1,0,0,0,8,6,0,6,1,0,6,0,53,0,0
C:\Users\All Five Projects\spring-batch-main\spring-batch-infrastructure\src\test\java\org\springframework\batch\item\xml\Jaxb2NamespaceUnmarshallingTests.java,org.springframework.batch.item.xml.Jaxb2NamespaceUnmarshallingTests,class,12,13,1,12,7,1,0,22,9,0.72222215,0.2,0.2,6,0,0,0,2,4,6,0,0,0,3,1,0,3,0,0,3,0,0,55,1,1,1,0,1,18,8,10,1,10,1,0,0,0,66,0,0
C:\Users\All Five Projects\spring-batch-main\spring-batch-samples\src\main\java\org\springframework\batch\samples\file\patternmatching\internal\mapper\HeaderFieldSetMapper.java,org.springframework.batch.samples.file.patternmatching.internal.mapper.HeaderFieldSetMapper,class,3,3,0,3,1,1,0,4,0,0.0,NaN,NaN,1,0,1,0,0,0,1,0,0,0,2,2,2,0,0,0,2,0,0,10,1,0,0,0,0,2,0,3,0,3,0,0,0,0,21,1,0
C:\Users\All Five Projects\spring-batch-main\spring-batch-core\src\test\java\org\springframework\batch\core\launch\TaskExecutorJobLauncherTests.java,org.springframework.batch.core.launch.TaskExecutorJobLauncherTests$Anonymous1,anonymous,1,1,0,1,1,1,0,1,0,0.0,NaN,NaN,1,0,1,0,0,0,1,0,0,0,0,0,0,0,0,0,0,0,0,5,0,0,0,0,0,0,0,0,0,0,0,0,0,0,4,-1,0
C:\Users\All Five Projects\spring-batch-main\spring-batch-infrastructure\src\test\java\org\springframework\batch\support\transaction\ResourcelessTransactionManagerTests.java,org.springframework.batch.support.transaction.ResourcelessTransactionManagerTests$Anonymous4,anonymous,1,1,0,1,1,1,0,0,0,0.0,NaN,NaN,1,0,1,0,0,0,1,0,0,0,0,0,0,0,0,0,0,0,0,6,0,0,0,0,0,0,0,1,0,0,0,0,0,0,6,-1,0
C:\Users\All Five Projects\spring-batch-main\spring-batch-infrastructure\src\test\java\org\springframework\batch\support\transaction\ResourcelessTransactionManagerTests.java,org.springframework.batch.support.transaction.ResourcelessTransactionManagerTests$Anonymous5,anonymous,1,1,0,1,1,1,0,0,0,0.0,NaN,NaN,1,0,1,0,0,0,1,0,0,0,0,0,0,0,0,0,0,0,0,5,0,0,0,0,0,0,0,1,0,0,0,0,0,0,5,-1,0
C:\Users\All Five Projects\spring-batch-main\spring-batch-core\src\test\java\org\springframework\batch\core\launch\TaskExecutorJobLauncherTests.java,org.springframework.batch.core.launch.TaskExecutorJobLauncherTests$Anonymous3,anonymous,1,1,0,1,2,1,0,1,1,0.0,0.0,0.0,2,0,2,0,0,0,2,0,0,0,0,0,0,0,0,0,0,0,0,8,1,0,0,0,0,0,0,0,0,0,0,0,0,0,7,-1,0
C:\Users\All Five Projects\spring-batch-main\spring-batch-core\src\test\java\org\springframework\batch\core\scope\StepScopeIntegrationTests.java,org.springframework.batch.core.scope.StepScopeIntegrationTests,class,11,11,0,11,12,1,0,14,17,0.8095238,0.0952381,0.14285715,7,0,0,0,0,7,7,0,0,0,6,1,0,6,0,0,1,0,15,61,0,0,0,0,2,30,17,9,0,14,0,0,0,0,48,0,0
C:\Users\All Five Projects\spring-batch-main\spring-batch-infrastructure\src\test\java\org\springframework\batch\support\transaction\ResourcelessTransactionManagerTests.java,org.springframework.batch.support.transaction.ResourcelessTransactionManagerTests$Anonymous2,anonymous,1,1,0,1,1,1,0,0,0,0.0,NaN,NaN,1,0,1,0,0,0,1,0,0,0,0,0,0,0,0,0,0,0,0,5,0,0,0,0,0,0,0,1,0,0,0,0,0,0,5,-1,0
C:\Users\All Five Projects\spring-batch-main\spring-batch-core\src\test\java\org\springframework\batch\core\launch\TaskExecutorJobLauncherTests.java,org.springframework.batch.core.launch.TaskExecutorJobLauncherTests$Anonymous2,anonymous,1,1,0,1,2,1,0,1,1,0.0,0.0,0.0,2,0,2,0,0,0,2,0,0,0,0,0,0,0,0,0,0,0,0,8,1,0,0,0,0,0,0,0,0,0,0,0,0,0,7,-1,0
C:\Users\All Five Projects\spring-batch-main\spring-batch-infrastructure\src\main\java\org\springframework\batch\item\file\SimpleResourceSuffixCreator.java,org.springframework.batch.item.file.SimpleResourceSuffixCreator,class,1,3,2,1,1,1,0,0,0,0.0,NaN,NaN,1,0,1,0,0,0,1,0,0,0,0,0,0,0,0,0,0,0,0,5,1,0,0,0,0,1,0,0,1,0,0,0,0,0,17,1,0
C:\Users\All Five Projects\spring-batch-main\spring-batch-infrastructure\src\test\java\org\springframework\batch\support\transaction\ResourcelessTransactionManagerTests.java,org.springframework.batch.support.transaction.ResourcelessTransactionManagerTests$Anonymous3,anonymous,1,1,0,1,1,1,0,0,0,0.0,NaN,NaN,1,0,1,0,0,0,1,0,0,0,0,0,0,0,0,0,0,0,0,6,0,0,0,0,0,0,0,1,0,0,0,0,0,0,6,-1,0
C:\Users\All Five Projects\spring-batch-main\spring-batch-core\src\main\java\org\springframework\batch\core\Job.java,org.springframework.batch.core.Job,interface,5,30,25,5,5,1,0,0,10,0.0,0.0,0.0,5,0,0,0,0,5,5,0,0,0,0,0,0,0,0,0,0,0,0,13,3,0,0,0,0,0,0,0,0,0,0,0,0,0,98,1,0
C:\Users\All Five Projects\spring-batch-main\spring-batch-infrastructure\src\test\java\org\springframework\batch\repeat\support\AbstractTradeBatchTests.java,org.springframework.batch.repeat.support.AbstractTradeBatchTests$TradeMapper,innerclass,3,3,0,3,1,1,0,0,0,0.0,NaN,NaN,1,0,1,0,0,0,1,0,0,0,0,0,0,0,0,0,0,0,0,5,1,0,0,0,0,0,0,0,0,0,0,0,0,0,6,12,0
C:\Users\All Five Projects\spring-batch-main\spring-batch-infrastructure\src\test\java\org\springframework\batch\support\transaction\ResourcelessTransactionManagerTests.java,org.springframework.batch.support.transaction.ResourcelessTransactionManagerTests$Anonymous6,anonymous,1,1,0,1,1,1,0,0,0,0.0,NaN,NaN,1,0,1,0,0,0,1,0,0,0,0,0,0,0,0,0,0,0,0,6,0,0,0,0,0,0,0,1,0,0,0,0,0,0,6,-1,0
C:\Users\All Five Projects\spring-batch-main\spring-batch-infrastructure\src\test\java\org\springframework\batch\support\transaction\ResourcelessTransactionManagerTests.java,org.springframework.batch.support.transaction.ResourcelessTransactionManagerTests$Anonymous7,anonymous,1,1,0,1,1,1,0,0,0,0.0,NaN,NaN,1,0,1,0,0,0,1,0,0,0,0,0,0,0,0,0,0,0,0,6,0,0,0,0,0,0,0,1,0,0,0,0,0,0,6,-1,0
C:\Users\All Five Projects\spring-batch-main\spring-batch-infrastructure\src\main\java\org\springframework\batch\item\support\AbstractItemStreamItemWriter.java,org.springframework.batch.item.support.AbstractItemStreamItemWriter,class,3,6,3,3,0,2,0,0,0,0.0,-1.0,-1.0,0,0,0,0,0,0,0,0,0,0,0,0,0,0,0,0,0,0,0,2,0,0,0,0,0,0,0,0,0,0,0,0,0,0,14,1025,0
C:\Users\All Five Projects\spring-batch-main\spring-batch-core\src\test\java\org\springframework\batch\core\launch\TaskExecutorJobLauncherTests.java,org.springframework.batch.core.launch.TaskExecutorJobLauncherTests$Anonymous5,anonymous,1,1,0,1,1,1,0,1,0,0.0,NaN,NaN,1,0,1,0,0,0,1,0,0,0,0,0,0,0,0,0,0,0,0,6,0,0,0,0,0,1,0,0,0,0,0,0,0,0,5,-1,0
C:\Users\All Five Projects\spring-batch-main\spring-batch-core\src\test\java\org\springframework\batch\core\launch\TaskExecutorJobLauncherTests.java,org.springframework.batch.core.launch.TaskExecutorJobLauncherTests$Anonymous4,anonymous,1,1,0,1,1,1,0,1,0,0.0,NaN,NaN,1,0,1,0,0,0,1,0,0,0,0,0,0,0,0,0,0,0,0,6,0,0,0,0,0,1,0,0,0,0,0,0,0,0,6,-1,0
C:\Users\All Five Projects\spring-batch-main\spring-batch-infrastructure\src\test\java\org\springframework\batch\support\transaction\ResourcelessTransactionManagerTests.java,org.springframework.batch.support.transaction.ResourcelessTransactionManagerTests$Anonymous1,anonymous,1,1,0,1,1,1,0,0,0,0.0,NaN,NaN,1,0,1,0,0,0,1,0,0,0,0,0,0,0,0,0,0,0,0,5,0,0,0,0,0,0,0,1,0,0,0,0,0,0,5,-1,0
C:\Users\All Five Projects\spring-batch-main\spring-batch-core\src\main\java\org\springframework\batch\core\scope\context\JobSynchronizationManager.java,org.springframework.batch.core.scope.context.JobSynchronizationManager$Anonymous1,anonymous,2,2,0,2,2,1,0,1,1,0.0,0.0,0.0,2,0,0,0,2,0,2,0,0,0,0,0,0,0,0,0,0,0,0,8,1,0,0,0,0,0,0,0,0,0,0,0,0,0,8,-1,0
C:\Users\All Five Projects\spring-batch-main\spring-batch-core\src\main\java\org\springframework\batch\core\repository\dao\JdbcStepExecutionDao.java,org.springframework.batch.core.repository.dao.JdbcStepExecutionDao$Anonymous1,anonymous,2,2,0,2,7,1,0,4,1,0.0,0.0,0.0,2,0,2,0,0,0,2,0,0,0,0,0,0,0,0,0,0,0,0,1,1,1,0,0,0,1,3,5,1,5,2,0,0,0,0,-1,0
C:\Users\All Five Projects\spring-batch-main\spring-batch-infrastructure\src\main\java\org\springframework\batch\item\file\MultiResourceItemReader.java,org.springframework.batch.item.file.MultiResourceItemReader,class,12,17,5,12,23,3,0,20,8,0.72222227,0.33333334,0.8,12,0,10,2,0,0,10,0,0,0,9,2,0,9,0,0,2,0,2,108,6,1,4,0,1,5,7,21,0,11,2,1,0,0,137,1,1
C:\Users\All Five Projects\spring-batch-main\spring-batch-core\src\test\java\org\springframework\batch\core\configuration\xml\StepNameTests.java,org.springframework.batch.core.configuration.xml.StepNameTests,class,12,13,1,12,9,1,0,20,3,0.0,0.0,0.0,3,1,0,1,0,2,2,0,0,0,0,0,0,0,0,0,0,0,0,41,4,3,1,1,0,8,0,10,4,10,2,0,0,0,45,0,0
C:\Users\All Five Projects\spring-batch-main\spring-batch-infrastructure\src\test\java\org\springframework\batch\item\mail\SimpleMailMessageItemWriterTests.java,org.springframework.batch.item.mail.SimpleMailMessageItemWriterTests,class,7,7,0,7,7,1,0,17,0,0.0,1.0,1.0,4,0,0,0,0,4,4,0,0,0,2,0,0,2,0,0,2,0,2,48,0,0,3,0,0,6,0,12,0,14,1,0,0,2,40,0,0
C:\Users\All Five Projects\spring-batch-main\spring-batch-core\src\test\java\org\springframework\batch\core\launch\support\SimpleJobOperatorTests.java,org.springframework.batch.core.launch.support.SimpleJobOperatorTests$MockJob,innerclass,4,4,0,4,3,2,0,1,3,0.6666667,0.0,0.0,3,0,2,0,1,0,3,0,0,0,1,0,0,1,0,0,0,0,1,11,2,0,0,0,0,1,0,0,0,1,0,0,0,0,15,8,0
C:\Users\All Five Projects\spring-batch-main\spring-batch-infrastructure\src\main\java\org\springframework\batch\repeat\interceptor\RepeatOperationsInterceptor.java,org.springframework.batch.repeat.interceptor.RepeatOperationsInterceptor$ResultHolder,innerclass,1,1,0,1,5,1,0,1,0,0.25,0.8333333,1.0,4,0,4,0,0,0,4,0,0,0,2,0,0,2,0,0,0,0,0,20,3,0,0,0,0,0,0,4,0,2,1,0,0,0,30,10,0
C:\Users\All Five Projects\spring-batch-main\spring-batch-infrastructure\src\main\java\org\springframework\batch\support\SystemPropertyInitializer.java,org.springframework.batch.support.SystemPropertyInitializer,class,1,2,1,1,5,1,0,4,0,0.44444445,0.6666667,1.0,3,0,3,0,0,0,3,0,0,0,3,1,1,2,0,0,1,0,3,15,0,0,2,0,0,3,0,4,1,3,0,0,0,0,64,1,0
C:\Users\All Five Projects\spring-batch-main\spring-batch-core\src\test\java\org\springframework\batch\core\step\builder\StepBuilderTests.java,org.springframework.batch.core.step.builder.StepBuilderTests$Anonymous1,anonymous,0,0,0,0,0,1,0,0,0,0.0,-1.0,-1.0,0,0,0,0,0,0,0,0,0,0,0,0,0,0,0,0,0,0,0,2,0,0,0,0,0,0,0,0,0,0,0,0,0,0,0,-1,0
C:\Users\All Five Projects\spring-batch-main\spring-batch-infrastructure\src\test\java\org\springframework\batch\item\database\JdbcPagingItemReaderNamedParameterTests.java,org.springframework.batch.item.database.JdbcPagingItemReaderNamedParameterTests,class,8,8,0,8,2,2,0,18,1,0.0,0.0,0.0,2,0,0,0,2,0,2,0,0,0,0,0,0,0,0,0,0,0,1,30,3,0,0,0,0,8,5,4,0,6,1,0,0,1,51,0,0
C:\Users\All Five Projects\spring-batch-main\spring-batch-core\src\test\java\org\springframework\batch\core\step\builder\StepBuilderTests.java,org.springframework.batch.core.step.builder.StepBuilderTests$Anonymous2,anonymous,0,0,0,0,0,1,0,0,0,0.0,-1.0,-1.0,0,0,0,0,0,0,0,0,0,0,0,0,0,0,0,0,0,0,0,2,0,0,0,0,0,0,0,0,0,0,0,0,0,0,0,-1,0
C:\Users\All Five Projects\spring-batch-main\spring-batch-core\src\main\java\org\springframework\batch\core\listener\CompositeChunkListener.java,org.springframework.batch.core.listener.CompositeChunkListener,class,4,7,3,4,11,1,0,11,0,0.125,0.75,0.75,8,0,8,0,0,0,8,0,0,0,1,0,0,1,0,0,1,0,1,35,0,3,0,0,0,0,0,7,0,7,1,0,0,0,44,1,0
C:\Users\All Five Projects\spring-batch-main\spring-batch-infrastructure\src\test\java\org\springframework\batch\item\file\AbstractMultiResourceItemWriterTests.java,org.springframework.batch.item.file.AbstractMultiResourceItemWriterTests,class,7,9,2,7,5,1,2,11,1,0.6666667,0.33333334,0.33333334,3,0,0,0,3,0,3,0,0,0,4,0,0,0,4,0,0,0,1,34,1,1,1,1,0,0,1,7,0,7,3,0,0,0,35,0,0
C:\Users\All Five Projects\spring-batch-main\spring-batch-core\src\main\java\org\springframework\batch\core\configuration\xml\StepParserStepFactoryBean.java,org.springframework.batch.core.configuration.xml.StepParserStepFactoryBean,class,49,56,7,49,153,1,0,71,2480,0.9599777,0.0639839,0.88973844,76,0,50,5,21,0,71,0,0,0,48,1,0,48,0,0,7,0,0,491,35,12,38,0,2,19,5,70,3,61,3,1,0,0,425,1,0
C:\Users\All Five Projects\spring-batch-main\spring-batch-core\src\main\java\org\springframework\batch\core\configuration\support\ClasspathXmlApplicationContextsFactoryBean.java,org.springframework.batch.core.configuration.support.ClasspathXmlApplicationContextsFactoryBean,class,7,7,0,7,12,1,0,8,18,0.75,0.17857143,0.53571427,8,0,8,0,0,0,8,0,0,0,5,0,0,5,0,0,0,0,1,47,4,1,3,0,0,0,1,9,0,7,2,0,0,0,125,1,0
C:\Users\All Five Projects\spring-batch-main\spring-batch-core\src\test\java\org\springframework\batch\core\step\builder\RegisterMultiListenerTests.java,org.springframework.batch.core.step.builder.RegisterMultiListenerTests$MultiListener,innerclass,10,10,0,10,12,1,0,0,46,0.5833333,0.0,0.0,12,0,11,1,0,0,11,0,0,0,1,0,0,1,0,0,1,0,0,34,1,0,0,0,0,0,0,1,0,1,0,0,0,0,27,10,0
C:\Users\All Five Projects\spring-batch-main\spring-batch-infrastructure\src\test\java\org\springframework\batch\container\jms\BatchMessageListenerContainerTests.java,org.springframework.batch.container.jms.BatchMessageListenerContainerTests,class,15,16,1,15,13,1,0,29,0,0.0,1.0,1.0,8,0,0,3,0,5,5,0,0,0,1,0,0,0,0,1,0,0,0,109,3,0,0,1,0,10,12,30,0,28,2,1,0,3,77,0,0
C:\Users\All Five Projects\spring-batch-main\spring-batch-samples\src\main\java\org\springframework\batch\samples\football\internal\PlayerSummaryMapper.java,org.springframework.batch.samples.football.internal.PlayerSummaryMapper,class,2,3,1,2,1,1,0,14,0,0.0,NaN,NaN,1,0,1,0,0,0,1,0,0,0,0,0,0,0,0,0,0,0,0,18,1,0,0,0,0,0,12,1,0,1,0,0,0,0,22,1,0
C:\Users\All Five Projects\spring-batch-main\spring-batch-core\src\test\java\org\springframework\batch\core\scope\AsyncStepScopeIntegrationTests.java,org.springframework.batch.core.scope.AsyncStepScopeIntegrationTests,class,17,17,0,17,10,1,0,15,3,0.6,0.4,0.4,6,0,1,0,0,5,6,0,0,0,5,0,0,5,0,0,2,0,0,83,2,4,0,2,0,17,11,23,6,24,3,0,0,2,51,1,2
C:\Users\All Five Projects\spring-batch-main\spring-batch-infrastructure\src\main\java\org\springframework\batch\item\support\ListItemReader.java,org.springframework.batch.item.support.ListItemReader,class,3,4,1,3,4,1,0,3,0,0.0,1.0,1.0,2,0,2,0,0,0,2,0,0,0,1,0,0,1,0,0,1,0,0,17,2,0,0,0,0,0,1,2,0,1,1,0,0,0,26,1,0
C:\Users\All Five Projects\spring-batch-main\spring-batch-infrastructure\src\test\java\org\springframework\batch\item\database\StoredProcedureItemReaderCommonTests.java,org.springframework.batch.item.database.StoredProcedureItemReaderCommonTests,class,12,13,1,12,5,2,0,16,10,0.0,0.0,0.0,5,0,0,0,3,2,5,0,0,0,0,0,0,0,0,0,0,0,0,44,1,0,0,0,1,6,4,5,0,3,1,0,0,1,58,0,0
C:\Users\All Five Projects\spring-batch-main\spring-batch-infrastructure\src\test\java\org\springframework\batch\item\data\builder\RepositoryItemWriterBuilderTests.java,org.springframework.batch.item.data.builder.RepositoryItemWriterBuilderTests$TestRepository,interface,1,1,0,1,1,1,0,0,0,0.0,NaN,NaN,1,0,0,0,0,1,1,0,0,0,0,0,0,0,0,0,0,0,0,3,0,0,0,0,0,0,0,0,0,0,0,0,0,0,5,1,0
C:\Users\All Five Projects\spring-batch-main\spring-batch-core\src\main\java\org\springframework\batch\core\listener\AbstractListenerFactoryBean.java,org.springframework.batch.core.listener.AbstractListenerFactoryBean,class,12,21,9,12,39,1,0,39,37,0.8,0.08888889,0.13333334,10,1,6,0,4,0,10,3,0,0,3,1,0,3,0,0,1,0,1,119,10,4,14,0,2,3,2,20,0,14,3,0,0,0,155,1025,1
C:\Users\All Five Projects\spring-batch-main\spring-batch-core\src\test\java\org\springframework\batch\core\repository\support\SimpleJobRepositoryIntegrationTests.java,org.springframework.batch.core.repository.support.SimpleJobRepositoryIntegrationTests,class,14,14,0,14,9,1,0,37,0,0.037037037,1.0,1.0,9,0,0,0,0,9,9,0,0,0,3,0,0,3,0,0,2,0,12,121,0,0,0,0,0,17,13,32,0,32,0,0,0,4,81,0,0
C:\Users\All Five Projects\spring-batch-main\spring-batch-samples\src\test\java\org\springframework\batch\samples\partition\remote\RemotePartitioningJobWithMessageAggregationFunctionalTests.java,org.springframework.batch.samples.partition.remote.RemotePartitioningJobWithMessageAggregationFunctionalTests,class,4,4,0,4,1,2,0,0,0,0.0,NaN,NaN,1,0,0,0,1,0,1,0,0,0,0,0,0,0,0,0,0,0,0,5,1,0,0,0,0,0,0,0,0,0,0,0,0,0,29,0,0
C:\Users\All Five Projects\spring-batch-main\spring-batch-core\src\test\java\org\springframework\batch\core\configuration\xml\StepParserStepFactoryBeanTests.java,org.springframework.batch.core.configuration.xml.StepParserStepFactoryBeanTests$Anonymous10,anonymous,0,0,0,0,0,1,0,0,0,0.0,-1.0,-1.0,0,0,0,0,0,0,0,0,0,0,0,0,0,0,0,0,0,0,0,2,0,0,0,0,0,0,0,0,0,0,0,0,0,0,0,-1,0
C:\Users\All Five Projects\spring-batch-main\spring-batch-core\src\test\java\org\springframework\batch\core\converter\LocalTimeToStringConverterTests.java,org.springframework.batch.core.converter.LocalTimeToStringConverterTests,class,2,2,0,2,1,1,0,2,0,0.0,NaN,NaN,1,0,0,0,0,1,1,0,0,0,1,0,0,1,0,0,1,0,0,8,0,0,0,0,0,1,0,3,0,3,0,0,0,0,15,0,0
C:\Users\All Five Projects\spring-batch-main\spring-batch-core\src\test\java\org\springframework\batch\core\configuration\xml\AutoRegisteringJobScopeTests.java,org.springframework.batch.core.configuration.xml.AutoRegisteringJobScopeTests,class,4,4,0,4,2,1,0,3,1,0.0,0.0,0.0,2,0,0,0,0,2,2,0,0,0,0,0,0,0,0,0,0,0,0,12,0,0,0,0,0,4,2,4,0,4,0,0,0,0,30,0,0
C:\Users\All Five Projects\spring-batch-main\spring-batch-infrastructure\src\main\java\org\springframework\batch\item\data\MongoPagingItemReader.java,org.springframework.batch.item.data.MongoPagingItemReader,class,7,10,3,7,14,4,0,15,91,0.0,0.0,0.0,14,0,11,0,3,0,14,0,0,0,0,0,0,0,0,0,0,0,0,44,3,0,0,0,0,0,0,0,0,0,0,0,0,0,124,1,0
C:\Users\All Five Projects\spring-batch-main\spring-batch-core\src\test\java\org\springframework\batch\core\configuration\annotation\JobBuilderConfigurationTests.java,org.springframework.batch.core.configuration.annotation.JobBuilderConfigurationTests$BeansConfigurer,innerclass,15,15,0,15,2,1,0,4,1,0.5,0.0,0.0,2,0,1,0,1,0,2,0,0,0,1,0,0,1,0,0,0,0,0,15,2,0,0,0,0,2,0,1,0,2,0,1,0,0,17,9,0
C:\Users\All Five Projects\spring-batch-main\spring-batch-core\src\test\java\org\springframework\batch\core\test\ldif\builder\MappingLdifReaderBuilderTests.java,org.springframework.batch.core.test.ldif.builder.MappingLdifReaderBuilderTests$LdifConfiguration,innerclass,1,1,0,1,0,1,0,0,0,0.0,-1.0,-1.0,0,0,0,0,0,0,0,0,0,0,0,0,0,0,0,0,0,0,0,2,0,0,0,0,0,0,0,0,0,0,0,0,0,0,2,9,0
C:\Users\All Five Projects\spring-batch-main\spring-batch-infrastructure\src\test\java\org\springframework\batch\item\data\builder\RepositoryItemWriterBuilderTests.java,org.springframework.batch.item.data.builder.RepositoryItemWriterBuilderTests,class,9,9,0,9,5,1,0,12,0,0.2,0.6,0.6,5,0,0,0,0,5,5,0,0,0,1,0,0,1,0,0,0,0,0,36,0,0,0,0,0,13,0,11,0,12,0,0,1,0,36,0,0
C:\Users\All Five Projects\spring-batch-main\spring-batch-infrastructure\src\main\java\org\springframework\batch\item\database\builder\JdbcCursorItemReaderBuilder.java,org.springframework.batch.item.database.builder.JdbcCursorItemReaderBuilder,class,11,13,2,11,24,1,0,19,149,0.8806819,0.13419913,1.0,22,0,22,0,0,0,22,0,0,0,16,0,0,16,0,0,0,0,0,131,22,0,0,0,0,5,0,29,0,17,1,0,0,0,195,1,0
C:\Users\All Five Projects\spring-batch-main\spring-batch-core\src\main\java\org\springframework\batch\core\converter\JsonJobParametersConverter.java,org.springframework.batch.core.converter.JsonJobParametersConverter,class,6,6,0,6,10,2,0,14,4,0.4,0.3,0.3,5,0,3,0,2,0,5,0,0,0,1,0,0,1,0,0,1,0,3,41,2,0,2,2,0,4,0,11,2,9,2,0,0,0,99,1,0
C:\Users\All Five Projects\spring-batch-main\spring-batch-core\src\test\java\org\springframework\batch\core\configuration\xml\PartitionStepWithFlowParserTests.java,org.springframework.batch.core.configuration.xml.PartitionStepWithFlowParserTests,class,13,14,1,13,4,1,0,16,1,0.5833333,1.0,1.0,3,0,0,1,0,2,2,0,0,0,4,0,0,4,0,0,1,0,2,37,1,1,0,0,0,5,2,4,0,7,1,0,1,0,38,0,0
C:\Users\All Five Projects\spring-batch-main\spring-batch-samples\src\test\java\org\springframework\batch\samples\headerfooter\HeaderFooterSampleFunctionalTests.java,org.springframework.batch.samples.headerfooter.HeaderFooterSampleFunctionalTests,class,6,6,0,6,2,1,0,7,0,0.0,NaN,NaN,1,0,0,0,0,1,1,0,0,0,3,0,0,3,0,0,0,0,1,21,0,1,1,0,1,6,2,5,1,8,1,0,0,0,40,0,0
C:\Users\All Five Projects\spring-batch-main\spring-batch-infrastructure\src\test\java\org\springframework\batch\item\database\builder\JpaCursorItemReaderBuilderTests.java,org.springframework.batch.item.database.builder.JpaCursorItemReaderBuilderTests,class,13,13,0,13,12,1,0,28,0,0.42857143,0.7619048,1.0,7,0,0,0,0,7,7,0,0,0,2,0,0,2,0,0,0,0,0,115,0,4,4,0,1,15,14,26,0,22,1,0,1,0,68,0,0
C:\Users\All Five Projects\spring-batch-main\spring-batch-core\src\main\java\org\springframework\batch\core\job\builder\JobBuilderException.java,org.springframework.batch.core.job.builder.JobBuilderException,class,0,1,1,0,1,4,0,0,0,0.0,NaN,NaN,1,0,1,0,0,0,1,0,0,0,0,0,0,0,0,0,0,0,0,5,0,0,0,0,0,0,0,0,0,0,0,0,0,0,10,1,0
C:\Users\All Five Projects\spring-batch-main\spring-batch-infrastructure\src\main\java\org\springframework\batch\item\file\transform\RecursiveCollectionLineAggregator.java,org.springframework.batch.item.file.transform.RecursiveCollectionLineAggregator,class,3,4,1,3,4,1,0,8,0,0.33333334,0.6666667,1.0,3,0,3,0,0,0,3,0,0,0,2,0,0,2,0,0,0,0,1,18,1,1,0,0,0,1,0,5,1,3,1,0,0,0,56,1,0
C:\Users\All Five Projects\spring-batch-main\spring-batch-core\src\main\java\org\springframework\batch\core\job\flow\support\state\EndState.java,org.springframework.batch.core.job.flow.support.state.EndState,class,5,7,2,5,15,2,0,9,0,0.5,0.6666667,1.0,10,0,6,0,4,0,10,0,0,0,3,0,0,3,0,0,3,0,0,55,8,0,2,0,0,2,0,4,1,4,4,0,0,0,63,1,0
C:\Users\All Five Projects\spring-batch-main\spring-batch-core\src\main\java\org\springframework\batch\core\configuration\JobFactory.java,org.springframework.batch.core.configuration.JobFactory,interface,1,7,6,1,2,1,0,0,1,0.0,0.0,0.0,2,0,0,0,0,2,2,0,0,0,0,0,0,0,0,0,0,0,0,4,0,0,0,0,0,0,0,0,0,0,0,0,0,0,18,1,0
C:\Users\All Five Projects\spring-batch-main\spring-batch-core\src\test\java\org\springframework\batch\core\configuration\xml\TwoStepJobParserTests.java,org.springframework.batch.core.configuration.xml.TwoStepJobParserTests,class,7,7,0,7,1,1,0,8,0,0.0,NaN,NaN,1,0,0,0,0,1,1,0,0,0,2,0,0,2,0,0,0,0,0,11,0,0,0,0,0,0,1,1,0,3,0,0,0,0,17,0,0
C:\Users\All Five Projects\spring-batch-main\spring-batch-core\src\test\java\org\springframework\batch\core\configuration\xml\InterruptibleTasklet.java,org.springframework.batch.core.configuration.xml.InterruptibleTasklet,class,5,5,0,5,2,2,0,2,0,0.0,NaN,NaN,1,0,1,0,0,0,1,0,0,0,1,0,0,1,0,0,0,0,1,11,1,0,0,0,0,0,1,2,0,1,1,0,0,0,32,1,0
C:\Users\All Five Projects\spring-batch-main\spring-batch-infrastructure\src\test\java\org\springframework\batch\item\file\MultiResourceItemReaderXmlTests.java,org.springframework.batch.item.file.MultiResourceItemReaderXmlTests$Anonymous1,anonymous,2,2,0,2,3,1,0,10,1,0.0,0.0,0.0,2,0,2,0,0,0,2,0,0,0,0,0,0,0,0,0,0,0,2,20,2,0,0,1,0,0,0,4,0,4,1,0,0,0,26,-1,0
C:\Users\All Five Projects\spring-batch-main\spring-batch-core\src\main\java\org\springframework\batch\core\step\builder\StepBuilder.java,org.springframework.batch.core.step.builder.StepBuilder,class,18,36,18,18,13,2,0,10,78,0.0,0.0,0.0,13,0,12,0,1,0,13,0,0,0,0,0,0,0,0,0,0,0,0,41,11,0,0,0,0,4,0,0,0,0,0,0,0,0,123,1,0
C:\Users\All Five Projects\spring-batch-main\spring-batch-core\src\main\java\org\springframework\batch\core\repository\ExecutionContextSerializer.java,org.springframework.batch.core.repository.ExecutionContextSerializer,interface,2,8,6,2,0,1,0,0,0,0.0,-1.0,-1.0,0,0,0,0,0,0,0,0,0,0,0,0,0,0,0,0,0,0,0,2,0,0,0,0,0,0,0,0,0,0,0,0,0,0,29,1,0
C:\Users\All Five Projects\spring-batch-main\spring-batch-core\src\test\java\org\springframework\batch\core\step\tasklet\MethodInvokingTaskletAdapterTests.java,org.springframework.batch.core.step.tasklet.MethodInvokingTaskletAdapterTests$TestTasklet,innerclass,4,4,0,4,15,1,0,0,0,0.26666668,0.7809524,0.8666667,15,0,15,0,0,0,15,0,0,0,2,0,0,2,0,0,0,0,0,67,13,0,0,0,0,2,0,20,0,2,0,0,0,0,28,9,0
C:\Users\All Five Projects\spring-batch-main\spring-batch-infrastructure\src\main\java\org\springframework\batch\item\xml\stax\UnopenedElementClosingEventWriter.java,org.springframework.batch.item.xml.stax.UnopenedElementClosingEventWriter,class,2,5,3,2,8,2,0,15,0,0.16666667,1.0,1.0,3,0,2,1,0,0,2,0,0,0,2,0,0,2,0,0,2,0,0,37,3,0,0,1,0,5,0,4,3,4,2,0,0,0,53,1,0
C:\Users\All Five Projects\spring-batch-main\spring-batch-core\src\test\java\org\springframework\batch\core\scope\JobScopeDestructionCallbackIntegrationTests.java,org.springframework.batch.core.scope.JobScopeDestructionCallbackIntegrationTests,class,9,9,0,9,6,1,0,8,9,0.75,0.2,0.2,6,0,0,0,0,6,6,0,0,0,4,0,0,4,0,0,0,0,0,42,0,0,0,0,0,13,16,2,0,5,0,0,0,0,30,0,0
C:\Users\All Five Projects\spring-batch-main\spring-batch-infrastructure\src\test\java\org\springframework\batch\item\data\RepositoryItemReaderTests.java,org.springframework.batch.item.data.RepositoryItemReaderTests$TestRepository,interface,3,3,0,3,1,1,0,0,0,0.0,NaN,NaN,1,0,0,0,0,1,1,0,0,0,0,0,0,0,0,0,0,0,0,3,0,0,0,0,0,0,0,0,0,0,0,0,0,0,7,1,0
C:\Users\All Five Projects\spring-batch-main\spring-batch-infrastructure\src\main\java\org\springframework\batch\item\redis\RedisItemReader.java,org.springframework.batch.item.redis.RedisItemReader,class,7,8,1,7,5,1,0,7,0,0.33333334,0.8333333,1.0,4,0,4,0,0,0,4,0,0,0,3,0,0,3,0,0,2,0,0,26,2,0,0,0,0,2,0,4,0,4,1,0,0,0,54,1,0
C:\Users\All Five Projects\spring-batch-main\spring-batch-infrastructure\src\test\java\org\springframework\batch\item\database\CompositeKeyFooDao.java,org.springframework.batch.item.database.CompositeKeyFooDao,class,4,4,0,4,2,2,0,11,1,0.0,0.0,0.0,2,0,2,0,0,0,2,0,0,0,0,0,0,0,0,0,0,0,0,18,2,0,0,0,0,1,4,4,0,6,1,0,0,1,37,1,0
C:\Users\All Five Projects\spring-batch-main\spring-batch-infrastructure\src\main\java\org\springframework\batch\repeat\context\RepeatContextSupport.java,org.springframework.batch.repeat.context.RepeatContextSupport,class,3,13,10,3,15,2,8,9,35,0.8,0.11111111,0.11111111,10,0,10,0,0,0,10,0,0,2,5,0,0,5,0,0,2,0,0,62,5,2,1,1,0,0,1,7,0,9,4,0,0,1,55,1,0
C:\Users\All Five Projects\spring-batch-main\spring-batch-infrastructure\src\test\java\org\springframework\batch\item\xml\StaxEventItemReaderTests.java,org.springframework.batch.item.xml.StaxEventItemReaderTests$ItemCountAwareMockFragmentUnmarshaller,innerclass,2,2,0,2,2,2,0,1,0,0.0,NaN,NaN,1,0,1,0,0,0,1,0,0,0,0,0,0,0,0,0,0,0,0,11,2,0,1,0,0,1,0,1,0,1,1,0,0,0,15,10,0
C:\Users\All Five Projects\spring-batch-main\spring-batch-core\src\test\java\org\springframework\batch\core\test\step\FaultTolerantStepIntegrationTests.java,org.springframework.batch.core.test.step.FaultTolerantStepIntegrationTests$SkipIllegalArgumentExceptionSkipPolicy,innerclass,1,1,0,1,1,1,0,0,0,0.0,NaN,NaN,1,0,1,0,0,0,1,0,0,0,0,0,0,0,0,0,0,0,0,5,1,0,0,0,0,0,0,0,0,0,0,0,0,0,12,10,0
C:\Users\All Five Projects\spring-batch-main\spring-batch-test\src\main\java\org\springframework\batch\test\ExecutionContextTestUtils.java,org.springframework.batch.test.ExecutionContextTestUtils,class,4,4,0,4,7,1,0,6,6,0.0,0.0,0.0,4,3,3,1,0,0,3,0,0,0,0,0,0,0,0,0,0,0,0,26,3,1,1,0,0,5,0,5,1,4,2,0,0,0,38,1025,0
C:\Users\All Five Projects\spring-batch-main\spring-batch-core\src\main\java\org\springframework\batch\core\JobParameter.java,org.springframework.batch.core.JobParameter,class,3,24,21,3,11,1,0,3,0,0.41666666,0.75,1.0,8,0,8,0,0,0,8,0,0,0,3,0,0,3,0,0,3,0,0,39,8,0,2,0,1,6,2,3,4,3,1,0,0,0,59,1,0
C:\Users\All Five Projects\spring-batch-main\spring-batch-core\src\test\java\org\springframework\batch\core\configuration\xml\TaskletStepAllowStartIfCompleteTests.java,org.springframework.batch.core.configuration.xml.TaskletStepAllowStartIfCompleteTests,class,11,11,0,11,2,1,0,11,1,0.5,0.0,0.0,2,0,0,0,0,2,2,0,0,0,3,0,0,1,0,2,0,0,0,19,0,0,0,0,0,4,1,5,0,7,0,0,0,0,26,0,0
C:\Users\All Five Projects\spring-batch-main\spring-batch-core\src\main\java\org\springframework\batch\core\launch\JobExecutionNotStoppedException.java,org.springframework.batch.core.launch.JobExecutionNotStoppedException,class,1,2,1,1,1,4,0,0,0,0.0,NaN,NaN,1,0,1,0,0,0,1,0,0,0,0,0,0,0,0,0,0,0,0,5,0,0,0,0,0,0,0,0,0,0,0,0,0,0,30,1,0
C:\Users\All Five Projects\spring-batch-main\spring-batch-core\src\test\java\org\springframework\batch\core\configuration\xml\DefaultUnknownJobParserTests.java,org.springframework.batch.core.configuration.xml.DefaultUnknownJobParserTests,class,6,6,0,6,1,2,0,10,0,0.0,NaN,NaN,1,0,0,0,0,1,1,0,0,0,0,0,0,0,0,0,0,0,0,22,0,0,0,0,0,3,1,3,0,3,0,0,1,0,23,0,0
C:\Users\All Five Projects\spring-batch-main\spring-batch-core\src\test\java\org\springframework\batch\core\partition\support\TaskExecutorPartitionHandlerTests.java,org.springframework.batch.core.partition.support.TaskExecutorPartitionHandlerTests$Anonymous2,anonymous,1,1,0,1,1,1,0,2,0,0.0,NaN,NaN,1,0,1,0,0,0,1,0,0,0,0,0,0,0,0,0,0,0,0,6,0,0,0,0,0,0,0,0,0,0,0,0,0,0,8,-1,0
C:\Users\All Five Projects\spring-batch-main\spring-batch-infrastructure\src\test\java\org\springframework\batch\repeat\policy\TimeoutCompletionPolicyTests.java,org.springframework.batch.repeat.policy.TimeoutCompletionPolicyTests,class,4,4,0,4,4,1,0,6,6,0.0,0.0,0.0,4,0,0,0,0,4,4,0,0,0,0,0,0,0,0,0,0,0,2,28,0,0,0,0,0,0,4,8,0,8,0,0,0,0,26,0,0
C:\Users\All Five Projects\spring-batch-main\spring-batch-samples\src\main\java\org\springframework\batch\samples\file\patternmatching\internal\validator\OrderValidator.java,org.springframework.batch.samples.file.patternmatching.internal.validator.OrderValidator,class,9,10,1,9,71,1,0,59,36,0.8888889,0.0,0.0,9,0,2,0,7,0,10,0,0,0,9,9,0,9,0,0,9,0,0,188,1,1,8,1,18,73,34,33,8,23,3,0,0,0,72,1,0
C:\Users\All Five Projects\spring-batch-main\spring-batch-core\src\test\java\org\springframework\batch\core\partition\support\TaskExecutorPartitionHandlerTests.java,org.springframework.batch.core.partition.support.TaskExecutorPartitionHandlerTests$Anonymous1,anonymous,1,1,0,1,3,1,0,4,1,0.0,0.0,0.0,2,0,2,0,0,0,2,0,0,0,0,0,0,0,0,0,0,0,0,12,2,1,0,0,0,1,1,2,1,2,1,0,0,0,11,-1,0
C:\Users\All Five Projects\spring-batch-main\spring-batch-core\src\test\java\org\springframework\batch\core\configuration\xml\TaskletParserBeanPropertiesTests.java,org.springframework.batch.core.configuration.xml.TaskletParserBeanPropertiesTests,class,12,12,0,12,4,1,0,12,0,0.5,1.0,1.0,4,0,0,0,0,4,4,0,0,0,6,0,0,6,0,0,0,0,0,48,0,0,0,0,2,14,0,12,0,17,0,0,0,0,37,0,0
C:\Users\All Five Projects\spring-batch-main\spring-batch-core\src\main\java\org\springframework\batch\core\launch\support\ExitCodeMapper.java,org.springframework.batch.core.launch.support.ExitCodeMapper,interface,0,2,2,0,1,1,0,0,0,1.0,NaN,NaN,1,0,0,0,0,1,1,0,0,0,5,0,0,0,0,5,0,0,0,8,0,0,0,0,0,2,3,5,0,5,0,0,0,0,70,1,0
C:\Users\All Five Projects\spring-batch-main\spring-batch-core\src\test\java\org\springframework\batch\core\step\item\SimpleChunkProcessorTests.java,org.springframework.batch.core.step.item.SimpleChunkProcessorTests,class,11,11,0,11,3,1,0,12,0,0.33333334,0.6666667,1.0,3,0,0,0,0,3,3,0,0,0,3,0,0,3,0,0,3,0,2,43,0,0,0,0,0,11,3,6,0,6,0,2,0,0,25,0,0
C:\Users\All Five Projects\spring-batch-main\spring-batch-infrastructure\src\main\java\org\springframework\batch\item\database\orm\AbstractJpaQueryProvider.java,org.springframework.batch.item.database.orm.AbstractJpaQueryProvider,class,3,5,2,3,2,1,2,0,0,0.0,1.0,1.0,2,0,1,0,1,0,2,0,0,0,1,0,0,1,0,0,0,0,0,9,1,0,0,0,0,0,0,1,0,1,0,0,0,0,47,1025,0
C:\Users\All Five Projects\spring-batch-main\spring-batch-infrastructure\src\main\java\org\springframework\batch\repeat\exception\ExceptionHandler.java,org.springframework.batch.repeat.exception.ExceptionHandler,interface,1,8,7,1,1,1,0,0,0,0.0,NaN,NaN,1,0,0,0,0,1,1,0,0,0,0,0,0,0,0,0,0,0,0,3,0,0,0,0,0,0,0,0,0,0,0,0,0,0,70,1,0
C:\Users\All Five Projects\spring-batch-main\spring-batch-infrastructure\src\test\java\org\springframework\batch\item\ItemRecoveryHandlerTests.java,org.springframework.batch.item.ItemRecoveryHandlerTests,class,3,3,0,3,1,1,0,2,0,0.0,NaN,NaN,1,0,0,0,0,1,1,0,0,0,1,0,0,1,0,0,1,0,0,6,0,0,0,0,0,1,0,1,0,3,0,0,0,2,12,0,0
C:\Users\All Five Projects\spring-batch-main\spring-batch-samples\src\main\java\org\springframework\batch\samples\loop\GeneratingTradeResettingListener.java,org.springframework.batch.samples.loop.GeneratingTradeResettingListener,class,6,6,0,6,4,1,0,2,0,0.0,1.0,1.0,3,0,3,0,0,0,3,0,0,0,1,0,0,1,0,0,0,0,0,13,1,0,1,0,0,1,0,1,0,1,0,0,0,0,34,1,0
C:\Users\All Five Projects\spring-batch-main\spring-batch-infrastructure\src\test\java\org\springframework\batch\item\database\support\SqlitePagingQueryProviderIntegrationTests.java,org.springframework.batch.item.database.support.SqlitePagingQueryProviderIntegrationTests,class,6,6,0,6,1,2,0,0,0,1.0,NaN,NaN,1,0,0,0,0,1,1,0,0,0,1,1,0,1,0,0,0,0,0,13,0,0,0,0,0,1,0,0,0,1,0,0,1,0,29,0,0
C:\Users\All Five Projects\spring-batch-main\spring-batch-core\src\main\java\org\springframework\batch\core\repository\dao\JobExecutionDao.java,org.springframework.batch.core.repository.dao.JobExecutionDao,interface,3,19,16,3,9,1,0,0,36,0.0,0.0,0.0,9,0,0,0,0,9,9,0,0,0,0,0,0,0,0,0,0,0,0,15,0,0,0,0,0,0,0,0,0,0,0,0,0,0,105,1,0
C:\Users\All Five Projects\spring-batch-main\spring-batch-core\src\test\java\org\springframework\batch\core\PooledEmbeddedDataSource.java,org.springframework.batch.core.PooledEmbeddedDataSource,class,2,2,0,2,11,1,0,8,0,0.18181819,0.6545454,0.6545454,11,0,11,0,0,0,11,0,0,0,1,0,0,1,0,0,1,0,1,35,7,0,0,0,0,0,0,1,0,1,0,0,0,0,67,1,0
C:\Users\All Five Projects\spring-batch-main\spring-batch-core\src\main\java\org\springframework\batch\core\configuration\support\ApplicationContextJobFactory.java,org.springframework.batch.core.configuration.support.ApplicationContextJobFactory,class,4,4,0,4,3,1,0,3,0,0.0,1.0,1.0,3,0,3,0,0,0,3,0,1,0,1,0,0,1,0,0,1,0,0,13,2,0,0,0,0,0,0,2,0,2,0,0,0,0,51,1,0
C:\Users\All Five Projects\spring-batch-main\spring-batch-infrastructure\src\test\java\org\springframework\batch\item\database\AbstractPagingItemReaderParameterTests.java,org.springframework.batch.item.database.AbstractPagingItemReaderParameterTests,class,9,14,5,9,7,1,4,11,0,0.5714286,0.71428573,0.71428573,7,0,0,0,2,5,7,1,0,0,3,0,0,0,3,0,0,0,0,46,1,0,0,0,4,2,9,12,2,13,0,0,0,0,42,1024,0
C:\Users\All Five Projects\spring-batch-main\spring-batch-infrastructure\src\test\java\org\springframework\batch\item\file\builder\FlatFileItemWriterBuilderTests.java,org.springframework.batch.item.file.builder.FlatFileItemWriterBuilderTests$2Person,innerclass,0,0,0,0,0,1,0,0,0,NaN,-1.0,-1.0,0,0,0,0,0,0,0,0,0,0,2,0,0,0,0,2,0,0,0,4,0,0,0,0,0,0,0,0,0,2,0,0,0,0,3,0,0
C:\Users\All Five Projects\spring-batch-main\spring-batch-core\src\main\java\org\springframework\batch\core\converter\JobParametersConverter.java,org.springframework.batch.core.converter.JobParametersConverter,interface,2,8,6,2,2,1,0,0,1,0.0,0.0,0.0,2,0,0,0,0,2,2,0,0,0,0,0,0,0,0,0,0,0,0,4,0,0,0,0,0,0,0,0,0,0,0,0,0,0,55,1,0
C:\Users\All Five Projects\spring-batch-main\spring-batch-core\src\main\java\org\springframework\batch\core\job\flow\Flow.java,org.springframework.batch.core.job.flow.Flow,interface,3,18,15,3,5,1,0,0,10,0.0,0.0,0.0,5,0,0,0,0,5,5,0,0,0,0,0,0,0,0,0,0,0,0,7,0,0,0,0,0,0,0,0,0,0,0,0,0,0,49,1,0
C:\Users\All Five Projects\spring-batch-main\spring-batch-samples\src\main\java\org\springframework\batch\samples\file\multiline\MultiLineTradeItemReader.java,org.springframework.batch.samples.file.multiline.MultiLineTradeItemReader,class,7,8,1,7,10,1,0,13,0,0.0,1.0,1.0,5,0,5,0,0,0,5,0,0,0,1,0,0,1,0,0,0,0,0,43,2,1,1,0,1,7,5,4,0,4,2,0,0,0,29,1,0
C:\Users\All Five Projects\spring-batch-main\spring-batch-core\src\test\java\org\springframework\batch\core\step\item\FaultTolerantStepFactoryBeanUnexpectedRollbackTests.java,org.springframework.batch.core.step.item.FaultTolerantStepFactoryBeanUnexpectedRollbackTests$Anonymous1,anonymous,3,3,0,3,4,1,0,7,0,0.0,NaN,NaN,1,0,0,0,1,0,1,0,0,0,1,0,0,1,0,0,0,0,0,13,1,0,0,0,0,1,0,2,0,1,1,0,0,0,14,-1,0
C:\Users\All Five Projects\spring-batch-main\spring-batch-infrastructure\src\test\java\org\springframework\batch\container\jms\BatchMessageListenerContainerIntegrationTests.java,org.springframework.batch.container.jms.BatchMessageListenerContainerIntegrationTests,class,18,18,0,18,14,1,0,18,0,0.4166667,0.6666667,0.6666667,6,1,0,0,0,6,6,0,0,0,4,0,0,4,0,0,2,0,1,94,1,3,1,5,4,16,9,8,2,15,4,0,0,5,62,0,0
C:\Users\All Five Projects\spring-batch-main\spring-batch-core\src\main\java\org\springframework\batch\core\step\ThreadStepInterruptionPolicy.java,org.springframework.batch.core.step.ThreadStepInterruptionPolicy,class,5,8,3,5,5,1,0,6,1,0.5,NaN,NaN,2,0,1,1,0,0,1,0,0,0,1,1,0,0,1,0,1,0,1,21,1,0,0,0,0,3,0,3,0,2,2,0,0,0,37,1,2
C:\Users\All Five Projects\spring-batch-main\spring-batch-core\src\main\java\org\springframework\batch\core\ExitStatus.java,org.springframework.batch.core.ExitStatus,class,1,27,26,1,32,1,0,18,29,0.78333336,0.24175824,0.30769232,15,1,14,1,0,0,14,0,0,0,8,6,6,2,0,0,8,0,1,106,25,0,5,0,0,12,11,13,1,12,2,0,0,0,191,1,0
C:\Users\All Five Projects\spring-batch-main\spring-batch-core\src\test\java\org\springframework\batch\core\converter\JobParametersConverterSupport.java,org.springframework.batch.core.converter.JobParametersConverterSupport,class,5,5,0,5,7,1,0,12,1,0.0,0.0,0.0,2,0,2,0,0,0,2,0,0,0,0,0,0,0,0,0,0,0,0,22,2,2,3,0,0,0,0,2,0,2,3,0,0,0,13,1,0
C:\Users\All Five Projects\spring-batch-main\spring-batch-infrastructure\src\test\java\org\springframework\batch\support\transaction\ResourcelessTransactionManagerTests.java,org.springframework.batch.support.transaction.ResourcelessTransactionManagerTests,class,6,7,1,6,7,1,0,7,0,0.14285715,1.0,1.0,7,0,0,0,0,7,7,0,0,0,3,0,0,3,0,0,1,0,0,144,8,0,0,0,0,6,16,13,0,21,2,7,0,14,27,0,0
C:\Users\All Five Projects\spring-batch-main\spring-batch-core\src\test\java\org\springframework\batch\core\configuration\xml\NextAttributeUnknownJobParserTests.java,org.springframework.batch.core.configuration.xml.NextAttributeUnknownJobParserTests$UnknownListener,innerclass,4,4,0,4,1,1,0,1,0,0.0,NaN,NaN,1,0,1,0,0,0,1,0,0,0,0,0,0,0,0,0,0,0,0,6,1,0,0,0,0,0,0,0,0,0,0,0,0,0,8,9,0
C:\Users\All Five Projects\spring-batch-main\spring-batch-infrastructure\src\main\java\org\springframework\batch\item\xml\stax\AbstractEventWriterWrapper.java,org.springframework.batch.item.xml.stax.AbstractEventWriterWrapper,class,0,5,5,0,10,1,5,9,0,0.0,1.0,1.0,10,0,10,0,0,0,10,0,0,0,1,0,0,0,1,0,0,0,0,33,2,0,0,0,0,0,0,1,0,1,0,0,0,0,39,1024,0
C:\Users\All Five Projects\spring-batch-main\spring-batch-core\src\test\java\org\springframework\batch\core\launch\support\CommandLineJobRunnerTests.java,org.springframework.batch.core.launch.support.CommandLineJobRunnerTests,class,16,17,1,16,29,2,0,18,0,0.67487687,0.5221675,0.5221675,29,0,0,0,0,29,29,0,0,0,7,0,0,7,0,0,5,0,20,388,0,0,0,0,2,60,47,64,6,44,0,5,6,0,107,0,0
C:\Users\All Five Projects\spring-batch-main\spring-batch-core\src\main\java\org\springframework\batch\core\scope\StepScope.java,org.springframework.batch.core.scope.StepScope,class,7,10,3,7,14,2,0,16,22,0.84375,0.14285715,0.14285715,8,0,7,1,0,0,7,0,0,0,4,2,1,3,0,0,4,0,4,59,6,0,3,0,0,7,0,13,0,11,4,0,0,0,150,1,3
C:\Users\All Five Projects\spring-batch-main\spring-batch-infrastructure\src\test\java\org\springframework\batch\support\SystemPropertyInitializerTests.java,org.springframework.batch.support.SystemPropertyInitializerTests,class,5,6,1,5,4,1,0,9,0,0.375,0.6666667,1.0,4,0,0,0,0,4,4,0,0,0,2,1,0,2,0,0,2,0,5,22,0,0,0,0,0,4,0,2,0,2,0,0,0,0,28,0,0
C:\Users\All Five Projects\spring-batch-main\spring-batch-samples\src\main\java\org\springframework\batch\samples\domain\trade\internal\TradeWriter.java,org.springframework.batch.samples.domain.trade.internal.TradeWriter,class,10,11,1,10,11,2,0,11,5,0.68571436,0.3809524,0.42857143,7,0,7,0,0,0,7,0,0,0,5,2,1,4,0,0,2,0,0,42,1,2,0,0,0,3,0,9,0,5,2,0,0,0,69,1,1
C:\Users\All Five Projects\spring-batch-main\spring-batch-integration\src\test\java\org\springframework\batch\integration\launch\JobLaunchingMessageHandlerIntegrationTests.java,org.springframework.batch.integration.launch.JobLaunchingMessageHandlerIntegrationTests,class,17,17,0,17,4,1,0,13,0,0.22222222,1.0,1.0,3,0,0,0,0,3,3,0,0,0,3,0,0,3,0,0,1,0,0,32,0,1,1,0,0,14,3,13,1,14,1,0,0,1,45,0,0
C:\Users\All Five Projects\spring-batch-main\spring-batch-core\src\main\java\org\springframework\batch\core\aot\CoreRuntimeHints.java,org.springframework.batch.core.aot.CoreRuntimeHints,class,18,18,0,18,1,1,0,16,0,0.0,NaN,NaN,1,0,1,0,0,0,1,0,0,0,0,0,0,0,0,0,0,0,2,35,0,0,0,0,0,29,0,2,0,13,0,0,0,11,27,1,0
C:\Users\All Five Projects\spring-batch-main\spring-batch-infrastructure\src\test\java\org\springframework\batch\item\database\JpaPagingItemReaderNamedQueryIntegrationTests.java,org.springframework.batch.item.database.JpaPagingItemReaderNamedQueryIntegrationTests,class,8,8,0,8,1,2,0,6,0,0.0,NaN,NaN,1,0,0,0,1,0,1,0,0,0,1,0,0,1,0,0,0,0,0,16,1,0,0,0,0,2,0,3,0,4,0,0,0,0,29,1,0
C:\Users\All Five Projects\spring-batch-main\spring-batch-core\src\main\java\org\springframework\batch\core\observability\BatchJobObservationConvention.java,org.springframework.batch.core.observability.BatchJobObservationConvention,interface,3,7,4,3,1,1,0,0,0,0.0,NaN,NaN,1,0,0,0,0,1,1,0,0,0,0,0,0,0,0,0,0,0,0,5,1,0,0,0,0,0,0,0,0,0,0,0,0,0,12,1,0
C:\Users\All Five Projects\spring-batch-main\spring-batch-core\src\test\java\org\springframework\batch\core\scope\JobScopeStartupIntegrationTests.java,org.springframework.batch.core.scope.JobScopeStartupIntegrationTests,class,2,2,0,2,1,1,0,0,0,0.0,NaN,NaN,1,0,0,0,0,1,1,0,0,0,0,0,0,0,0,0,0,0,0,4,0,0,0,0,0,0,0,0,0,0,0,0,0,0,9,0,0
C:\Users\All Five Projects\spring-batch-main\spring-batch-samples\src\main\java\org\springframework\batch\samples\football\PlayerSummary.java,org.springframework.batch.samples.football.PlayerSummary,class,1,6,5,1,34,1,0,3,265,0.8827161,0.122507125,1.0,27,0,27,0,0,0,27,0,0,0,12,0,0,12,0,0,0,0,0,116,20,0,6,0,2,12,3,16,3,15,2,0,0,0,54,1,0
C:\Users\All Five Projects\spring-batch-main\spring-batch-samples\src\test\java\org\springframework\batch\samples\petclinic\PetClinicJobFunctionalTests.java,org.springframework.batch.samples.petclinic.PetClinicJobFunctionalTests,class,13,13,0,13,3,1,0,7,3,0.6666667,0.0,0.0,3,0,1,0,0,2,3,0,0,0,1,0,0,1,0,0,0,0,2,17,0,0,0,0,0,3,0,5,0,6,0,0,0,0,38,0,0
C:\Users\All Five Projects\spring-batch-main\spring-batch-infrastructure\src\test\java\org\springframework\batch\item\file\MultiResourceItemWriterFlatFileTests.java,org.springframework.batch.item.file.MultiResourceItemWriterFlatFileTests$WriterCallback,innerclass,3,3,0,3,3,1,0,1,0,0.0,1.0,1.0,2,0,2,0,0,0,2,0,0,0,1,0,0,1,0,0,1,0,0,16,1,0,0,1,0,1,0,1,0,1,1,0,0,0,15,18,0
C:\Users\All Five Projects\spring-batch-main\spring-batch-infrastructure\src\test\java\org\springframework\batch\item\database\support\MySqlPagingQueryProviderTests.java,org.springframework.batch.item.database.support.MySqlPagingQueryProviderTests,class,4,4,0,4,8,2,0,8,28,0.0,0.0,0.0,8,0,0,0,0,8,8,0,0,0,0,0,0,0,0,0,0,0,0,45,2,0,0,0,0,13,2,13,0,11,0,0,0,0,67,0,0
C:\Users\All Five Projects\spring-batch-main\spring-batch-core\src\test\java\org\springframework\batch\core\listener\OrderedCompositeTests.java,org.springframework.batch.core.listener.OrderedCompositeTests,class,4,4,0,4,7,1,0,9,0,0.0,1.0,1.0,7,0,0,0,0,7,7,0,0,0,1,0,0,1,0,0,1,0,6,56,0,0,0,0,4,17,10,9,0,9,0,0,1,6,23,0,0
C:\Users\All Five Projects\spring-batch-main\spring-batch-infrastructure\src\test\java\org\springframework\batch\item\database\support\PostgresPagingQueryProviderTests.java,org.springframework.batch.item.database.support.PostgresPagingQueryProviderTests,class,3,3,0,3,7,2,0,4,21,0.0,0.0,0.0,7,0,0,0,0,7,7,0,0,0,0,0,0,0,0,0,0,0,0,33,2,0,0,0,0,8,0,9,0,8,0,0,0,0,59,0,0
C:\Users\All Five Projects\spring-batch-main\spring-batch-core\src\main\java\org\springframework\batch\core\repository\dao\JdbcJobExecutionDao.java,org.springframework.batch.core.repository.dao.JdbcJobExecutionDao$JobExecutionRowMapper,innerclass,8,8,0,8,8,1,0,14,1,0.33333334,0.33333334,0.33333334,3,0,3,0,0,0,3,0,0,0,1,0,0,1,0,0,0,0,1,27,1,0,5,0,0,0,13,5,0,4,1,0,0,0,27,18,0
C:\Users\All Five Projects\spring-batch-main\spring-batch-infrastructure\src\test\java\org\springframework\batch\item\validator\ValidatingItemProcessorTests.java,org.springframework.batch.item.validator.ValidatingItemProcessorTests,class,5,6,1,5,4,1,0,11,0,0.25,1.0,1.0,4,0,0,1,0,3,3,0,0,0,2,1,0,2,0,0,2,0,0,23,1,0,0,0,0,3,0,5,0,5,0,0,0,1,25,0,0
C:\Users\All Five Projects\spring-batch-main\spring-batch-core\src\test\java\org\springframework\batch\core\configuration\xml\JobRepositoryParserTests.java,org.springframework.batch.core.configuration.xml.JobRepositoryParserTests,class,5,5,0,5,1,1,0,1,0,0.0,NaN,NaN,1,0,0,0,0,1,1,0,0,0,1,0,0,1,0,0,0,0,0,6,0,0,0,0,0,1,0,0,0,1,0,0,0,0,13,0,0
C:\Users\All Five Projects\spring-batch-main\spring-batch-core\src\test\java\org\springframework\batch\core\configuration\xml\StepListenerInStepParserTests.java,org.springframework.batch.core.configuration.xml.StepListenerInStepParserTests,class,13,14,1,13,12,1,0,10,0,0.2,1.0,1.0,5,0,0,1,0,4,4,0,0,0,1,0,0,1,0,0,0,0,0,65,1,6,0,1,3,17,10,21,0,13,3,0,0,0,43,0,0
C:\Users\All Five Projects\spring-batch-main\spring-batch-infrastructure\src\test\java\org\springframework\batch\item\database\JdbcPagingItemReaderIntegrationTests.java,org.springframework.batch.item.database.JdbcPagingItemReaderIntegrationTests,class,6,6,0,6,1,2,0,15,0,0.0,NaN,NaN,1,0,0,0,1,0,1,0,0,0,0,0,0,0,0,0,0,0,0,25,2,0,0,0,0,3,4,4,0,6,1,0,0,1,31,1,0
C:\Users\All Five Projects\spring-batch-main\spring-batch-infrastructure\src\test\java\org\springframework\batch\repeat\listener\CompositeRepeatListenerTests.java,org.springframework.batch.repeat.listener.CompositeRepeatListenerTests$Anonymous3,anonymous,1,1,0,1,1,1,0,1,0,0.0,NaN,NaN,1,0,1,0,0,0,1,0,0,0,0,0,0,0,0,0,0,0,0,5,0,0,0,0,0,1,0,0,0,0,0,0,0,0,4,-1,0
C:\Users\All Five Projects\spring-batch-main\spring-batch-infrastructure\src\test\java\org\springframework\batch\repeat\listener\CompositeRepeatListenerTests.java,org.springframework.batch.repeat.listener.CompositeRepeatListenerTests$Anonymous2,anonymous,1,1,0,1,1,1,0,1,0,0.0,NaN,NaN,1,0,1,0,0,0,1,0,0,0,0,0,0,0,0,0,0,0,0,5,0,0,0,0,0,1,0,0,0,0,0,0,0,0,4,-1,0
C:\Users\All Five Projects\spring-batch-main\spring-batch-infrastructure\src\test\java\org\springframework\batch\repeat\listener\CompositeRepeatListenerTests.java,org.springframework.batch.repeat.listener.CompositeRepeatListenerTests$Anonymous5,anonymous,1,1,0,1,1,1,0,1,0,0.0,NaN,NaN,1,0,1,0,0,0,1,0,0,0,0,0,0,0,0,0,0,0,0,5,0,0,0,0,0,0,0,0,0,0,0,0,0,0,6,-1,0
C:\Users\All Five Projects\spring-batch-main\spring-batch-infrastructure\src\test\java\org\springframework\batch\repeat\listener\CompositeRepeatListenerTests.java,org.springframework.batch.repeat.listener.CompositeRepeatListenerTests$Anonymous4,anonymous,1,1,0,1,1,1,0,1,0,0.0,NaN,NaN,1,0,1,0,0,0,1,0,0,0,0,0,0,0,0,0,0,0,0,5,0,0,0,0,0,1,0,0,0,0,0,0,0,0,4,-1,0
C:\Users\All Five Projects\spring-batch-main\spring-batch-infrastructure\src\test\java\org\springframework\batch\config\MessagingTests.java,org.springframework.batch.config.MessagingTests,class,6,7,1,6,5,1,0,9,1,0.33333334,0.0,0.0,3,0,0,1,0,2,2,0,0,0,1,0,0,1,0,0,0,0,1,23,1,1,2,0,0,8,2,4,0,4,2,0,0,0,25,0,0
C:\Users\All Five Projects\spring-batch-main\spring-batch-infrastructure\src\test\java\org\springframework\batch\item\redis\RedisItemWriterTests.java,org.springframework.batch.item.redis.RedisItemWriterTests$RedisItemKeyMapper,innerclass,1,1,0,1,1,1,0,0,0,0.0,NaN,NaN,1,0,1,0,0,0,1,0,0,0,0,0,0,0,0,0,0,0,0,5,1,0,0,0,0,0,0,0,0,0,0,0,0,0,6,8,0
C:\Users\All Five Projects\spring-batch-main\spring-batch-infrastructure\src\test\java\org\springframework\batch\repeat\listener\CompositeRepeatListenerTests.java,org.springframework.batch.repeat.listener.CompositeRepeatListenerTests$Anonymous1,anonymous,1,1,0,1,1,1,0,1,0,0.0,NaN,NaN,1,0,1,0,0,0,1,0,0,0,0,0,0,0,0,0,0,0,0,5,0,0,0,0,0,1,0,0,0,0,0,0,0,0,4,-1,0
C:\Users\All Five Projects\spring-batch-main\spring-batch-core\src\main\java\org\springframework\batch\core\job\builder\JobFlowBuilder.java,org.springframework.batch.core.job.builder.JobFlowBuilder,class,8,11,3,8,7,2,0,7,0,0.0,1.0,1.0,5,0,5,0,0,0,5,0,0,0,1,0,0,1,0,0,1,0,0,35,1,0,0,1,1,0,0,5,0,2,2,0,0,0,45,1,0
C:\Users\All Five Projects\spring-batch-main\spring-batch-core\src\test\java\org\springframework\batch\core\step\item\FaultTolerantStepFactoryBeanRetryTests.java,org.springframework.batch.core.step.item.FaultTolerantStepFactoryBeanRetryTests$Anonymous12,anonymous,3,3,0,3,1,1,0,2,0,0.0,NaN,NaN,1,0,1,0,0,0,1,0,0,0,0,0,0,0,0,0,0,0,0,8,1,0,0,0,0,0,0,1,0,1,0,0,0,0,3,-1,0
C:\Users\All Five Projects\spring-batch-main\spring-batch-core\src\test\java\org\springframework\batch\core\step\item\FaultTolerantStepFactoryBeanRetryTests.java,org.springframework.batch.core.step.item.FaultTolerantStepFactoryBeanRetryTests$Anonymous11,anonymous,3,3,0,3,1,1,0,2,0,0.0,NaN,NaN,1,0,1,0,0,0,1,0,0,0,0,0,0,0,0,0,0,0,0,8,1,0,0,0,0,0,0,1,0,1,0,0,0,0,3,-1,0
C:\Users\All Five Projects\spring-batch-main\spring-batch-core\src\test\java\org\springframework\batch\core\step\item\FaultTolerantStepFactoryBeanRetryTests.java,org.springframework.batch.core.step.item.FaultTolerantStepFactoryBeanRetryTests$Anonymous10,anonymous,3,3,0,3,1,1,0,3,0,0.0,NaN,NaN,1,0,1,0,0,0,1,0,0,0,0,0,0,0,0,0,0,0,0,9,1,0,0,0,0,2,0,1,1,1,0,0,0,0,4,-1,1
C:\Users\All Five Projects\spring-batch-main\spring-batch-infrastructure\src\main\java\org\springframework\batch\repeat\context\SynchronizedAttributeAccessor.java,org.springframework.batch.repeat.context.SynchronizedAttributeAccessor$Anonymous1,anonymous,0,0,0,0,0,1,0,0,0,NaN,-1.0,-1.0,0,0,0,0,0,0,0,0,0,0,1,1,0,1,0,0,1,0,0,3,0,0,0,0,0,0,1,1,0,1,0,0,0,0,8,-1,0
C:\Users\All Five Projects\spring-batch-main\spring-batch-core\src\test\java\org\springframework\batch\core\configuration\xml\DummyItemProcessor.java,org.springframework.batch.core.configuration.xml.DummyItemProcessor,class,2,2,0,2,1,1,0,0,0,0.0,NaN,NaN,1,0,1,0,0,0,1,0,0,0,0,0,0,0,0,0,0,0,0,5,1,0,0,0,0,0,0,0,0,0,0,0,0,0,9,1,0
C:\Users\All Five Projects\spring-batch-main\spring-batch-infrastructure\src\test\java\org\springframework\batch\item\support\builder\ScriptItemProcessorBuilderTests.java,org.springframework.batch.item.support.builder.ScriptItemProcessorBuilderTests,class,8,9,1,8,9,1,0,16,26,0.75,0.04761905,0.04761905,8,1,0,1,0,7,7,0,0,0,1,1,0,1,0,0,1,0,0,38,0,1,0,0,0,18,0,7,0,7,1,0,0,0,49,0,0
C:\Users\All Five Projects\spring-batch-main\spring-batch-core\src\test\java\org\springframework\batch\core\step\item\FaultTolerantStepFactoryBeanRetryTests.java,org.springframework.batch.core.step.item.FaultTolerantStepFactoryBeanRetryTests$Anonymous14,anonymous,3,3,0,3,2,1,0,2,0,0.0,NaN,NaN,1,0,1,0,0,0,1,0,0,0,0,0,0,0,0,0,0,0,0,11,2,0,0,0,0,0,1,1,0,1,1,0,0,0,4,-1,0
C:\Users\All Five Projects\spring-batch-main\spring-batch-core\src\test\java\org\springframework\batch\core\repository\JobExecutionAlreadyRunningExceptionTests.java,org.springframework.batch.core.repository.JobExecutionAlreadyRunningExceptionTests,class,2,2,0,2,2,2,0,0,1,0.0,0.0,0.0,2,0,2,0,0,0,2,0,0,0,0,0,0,0,0,0,0,0,0,8,2,0,0,0,0,0,0,0,0,0,0,0,0,0,13,1,0
C:\Users\All Five Projects\spring-batch-main\spring-batch-core\src\test\java\org\springframework\batch\core\step\item\FaultTolerantStepFactoryBeanRetryTests.java,org.springframework.batch.core.step.item.FaultTolerantStepFactoryBeanRetryTests$Anonymous13,anonymous,3,3,0,3,1,1,0,2,0,0.0,NaN,NaN,1,0,1,0,0,0,1,0,0,0,0,0,0,0,0,0,0,0,0,8,1,0,0,0,0,0,0,1,0,1,0,0,0,0,3,-1,0
C:\Users\All Five Projects\spring-batch-main\spring-batch-core\src\test\java\org\springframework\batch\core\repository\dao\DateFormatTests.java,org.springframework.batch.core.repository.dao.DateFormatTests,class,4,4,0,4,3,1,0,9,1,0.33333334,0.33333334,0.33333334,3,1,0,0,0,3,3,0,0,0,1,0,0,1,0,0,0,0,3,17,1,0,0,0,0,15,6,3,0,3,0,0,0,0,49,0,0
C:\Users\All Five Projects\spring-batch-main\spring-batch-core\src\main\java\org\springframework\batch\core\job\flow\FlowStep.java,org.springframework.batch.core.job.flow.FlowStep,class,10,10,0,10,9,2,0,20,0,0.2,0.6,0.6,5,0,4,0,1,0,5,0,0,0,1,0,0,1,0,0,0,0,0,35,0,0,2,1,0,2,0,3,0,3,2,0,0,0,74,1,0
C:\Users\All Five Projects\spring-batch-main\spring-batch-infrastructure\src\test\java\org\springframework\batch\item\amqp\AmqpItemWriterTests.java,org.springframework.batch.item.amqp.AmqpItemWriterTests,class,3,3,0,3,2,1,0,5,1,0.0,0.0,0.0,2,0,0,0,0,2,2,0,0,0,0,0,0,0,0,0,0,0,0,12,0,0,0,0,0,4,0,2,0,2,0,0,0,1,26,0,0
C:\Users\All Five Projects\spring-batch-main\spring-batch-infrastructure\src\test\java\org\springframework\batch\item\database\builder\JdbcBatchItemWriterBuilderTests.java,org.springframework.batch.item.database.builder.JdbcBatchItemWriterBuilderTests$TestDataSourceConfiguration,innerclass,7,7,0,7,2,1,0,5,1,0.5,0.0,0.0,2,0,2,0,0,0,2,0,0,0,1,1,0,1,0,0,1,0,0,13,2,0,0,0,0,0,0,3,0,3,0,0,0,0,26,9,0
C:\Users\All Five Projects\spring-batch-main\spring-batch-integration\src\test\java\org\springframework\batch\integration\chunk\ChunkResponseTests.java,org.springframework.batch.integration.chunk.ChunkResponseTests,class,2,2,0,2,4,1,0,9,0,0.0,1.0,1.0,4,0,0,0,0,4,4,0,0,0,1,0,0,1,0,0,1,0,2,17,0,0,0,0,0,1,4,2,0,2,0,0,0,0,37,0,0
C:\Users\All Five Projects\spring-batch-main\spring-batch-samples\src\main\java\org\springframework\batch\samples\common\SkipCheckingListener.java,org.springframework.batch.samples.common.SkipCheckingListener,class,9,11,2,9,8,1,0,9,7,0.5833334,0.26666668,0.4,6,2,6,0,0,0,6,0,0,0,2,2,0,2,0,0,1,0,0,28,3,0,0,0,0,4,2,2,2,2,1,0,0,0,38,1,2
C:\Users\All Five Projects\spring-batch-main\spring-batch-infrastructure\src\test\java\org\springframework\batch\item\database\ExtendedConnectionDataSourceProxyTests.java,org.springframework.batch.item.database.ExtendedConnectionDataSourceProxyTests$DataSourceStub,innerclass,2,2,0,2,13,1,0,1,36,0.8888889,0.0,0.0,9,0,9,0,0,0,9,0,0,0,1,1,0,1,0,0,1,0,0,36,3,0,0,0,1,3,0,1,0,1,1,0,0,0,64,10,0
C:\Users\All Five Projects\spring-batch-main\spring-batch-core\src\main\java\org\springframework\batch\core\job\flow\FlowExecutionStatus.java,org.springframework.batch.core.job.flow.FlowExecutionStatus$Status,enum,1,1,0,1,3,1,0,3,0,0.0,NaN,NaN,1,1,0,0,0,1,1,0,0,0,0,0,0,0,0,0,0,0,2,10,2,1,0,0,0,0,1,2,0,2,2,0,0,0,19,2,0
C:\Users\All Five Projects\spring-batch-main\spring-batch-core\src\test\java\org\springframework\batch\core\step\builder\RegisterMultiListenerTests.java,org.springframework.batch.core.step.builder.RegisterMultiListenerTests$MultiListenerTestConfigurationSupport$Anonymous1,anonymous,3,3,0,3,2,1,0,0,0,0.0,NaN,NaN,1,0,1,0,0,0,1,0,0,0,1,0,0,1,0,0,0,0,0,12,2,0,0,0,0,1,2,1,1,1,1,0,0,0,7,-1,0
C:\Users\All Five Projects\spring-batch-main\spring-batch-core\src\test\java\org\springframework\batch\core\job\flow\support\SimpleFlowTests.java,org.springframework.batch.core.job.flow.support.SimpleFlowTests$StubState,innerclass,1,1,0,1,1,3,0,0,0,0.0,NaN,NaN,1,0,1,0,0,0,1,0,0,0,0,0,0,0,0,0,0,0,0,5,0,0,0,0,0,0,0,0,0,0,0,0,0,0,9,12,0
C:\Users\All Five Projects\spring-batch-main\spring-batch-core\src\test\java\org\springframework\batch\core\configuration\xml\StepListenerMethodAttributeParserTests.java,org.springframework.batch.core.configuration.xml.StepListenerMethodAttributeParserTests,class,9,10,1,9,4,1,0,8,1,0.5,NaN,NaN,2,0,0,1,0,1,1,0,0,0,1,0,0,1,0,0,0,0,0,21,1,2,0,0,1,5,1,6,0,6,2,0,0,0,26,0,0
C:\Users\All Five Projects\spring-batch-main\spring-batch-core\src\test\java\org\springframework\batch\core\step\item\FaultTolerantChunkProcessorTests.java,org.springframework.batch.core.step.item.FaultTolerantChunkProcessorTests$Anonymous11,anonymous,4,4,0,4,3,1,0,2,0,0.0,NaN,NaN,1,0,1,0,0,0,1,0,0,0,0,0,0,0,0,0,0,0,0,12,2,0,0,0,0,3,0,0,0,0,1,0,0,0,7,-1,0
C:\Users\All Five Projects\spring-batch-main\spring-batch-core\src\test\java\org\springframework\batch\core\step\item\FaultTolerantChunkProcessorTests.java,org.springframework.batch.core.step.item.FaultTolerantChunkProcessorTests$Anonymous10,anonymous,4,4,0,4,3,1,0,2,0,0.0,NaN,NaN,1,0,1,0,0,0,1,0,0,0,0,0,0,0,0,0,0,0,0,12,2,0,0,0,0,3,0,0,0,0,1,0,0,0,7,-1,0
C:\Users\All Five Projects\spring-batch-main\spring-batch-core\src\test\java\org\springframework\batch\core\configuration\xml\DummyStepExecutionListener.java,org.springframework.batch.core.configuration.xml.DummyStepExecutionListener,class,1,4,3,1,0,1,0,0,0,0.0,-1.0,-1.0,0,0,0,0,0,0,0,0,0,0,0,0,0,0,0,0,0,0,0,2,0,0,0,0,0,0,0,0,0,0,0,0,0,0,7,1,0
C:\Users\All Five Projects\spring-batch-main\spring-batch-test\src\test\java\org\springframework\batch\test\sample\LoggingTasklet.java,org.springframework.batch.test.sample.LoggingTasklet,class,7,8,1,7,2,1,0,2,0,0.25,1.0,1.0,2,0,2,0,0,0,2,0,0,0,2,1,0,1,1,0,1,0,0,11,1,0,0,0,0,1,1,3,1,2,0,0,0,0,14,1,1
C:\Users\All Five Projects\spring-batch-main\spring-batch-core\src\test\java\org\springframework\batch\core\launch\support\CommandLineJobRunnerTests.java,org.springframework.batch.core.launch.support.CommandLineJobRunnerTests$StubJobParametersConverter,innerclass,4,4,0,4,2,1,0,1,1,0.5,0.0,0.0,2,0,2,0,0,0,2,0,0,0,2,1,0,0,0,2,0,0,0,11,1,0,0,0,0,0,0,3,0,2,0,0,0,0,16,9,0
C:\Users\All Five Projects\spring-batch-main\spring-batch-core\src\test\java\org\springframework\batch\core\repository\dao\AbstractJobDaoTests.java,org.springframework.batch.core.repository.dao.AbstractJobDaoTests,class,13,15,2,13,23,1,1,39,0,0.67391306,0.65800864,1.0,23,0,3,1,0,19,22,0,0,0,8,0,0,0,8,0,0,0,4,137,0,0,0,0,0,19,15,34,3,28,0,0,0,4,122,1025,0
C:\Users\All Five Projects\spring-batch-main\spring-batch-infrastructure\src\test\java\org\springframework\batch\repeat\exception\LogOrRethrowExceptionHandlerTests.java,org.springframework.batch.repeat.exception.LogOrRethrowExceptionHandlerTests$Anonymous3,anonymous,2,2,0,2,1,1,0,0,0,0.0,NaN,NaN,1,0,1,0,0,0,1,0,0,0,0,0,0,0,0,0,0,0,0,5,1,0,0,0,0,0,0,0,0,0,0,0,0,0,4,-1,0
C:\Users\All Five Projects\spring-batch-main\spring-batch-infrastructure\src\test\java\org\springframework\batch\repeat\exception\LogOrRethrowExceptionHandlerTests.java,org.springframework.batch.repeat.exception.LogOrRethrowExceptionHandlerTests$Anonymous2,anonymous,2,2,0,2,1,1,0,0,0,0.0,NaN,NaN,1,0,1,0,0,0,1,0,0,0,0,0,0,0,0,0,0,0,0,5,1,0,0,0,0,0,0,0,0,0,0,0,0,0,4,-1,0
C:\Users\All Five Projects\spring-batch-main\spring-batch-infrastructure\src\main\java\org\springframework\batch\item\xml\builder\StaxEventItemReaderBuilder.java,org.springframework.batch.item.xml.builder.StaxEventItemReaderBuilder,class,9,10,1,9,14,1,0,21,40,0.8257576,0.1969697,1.0,12,0,12,0,0,0,12,0,0,0,11,0,0,10,1,0,1,0,1,78,12,0,1,0,0,4,0,17,1,12,1,0,0,0,141,1,1
C:\Users\All Five Projects\spring-batch-main\spring-batch-infrastructure\src\test\java\org\springframework\batch\repeat\exception\LogOrRethrowExceptionHandlerTests.java,org.springframework.batch.repeat.exception.LogOrRethrowExceptionHandlerTests$Anonymous1,anonymous,2,2,0,2,1,1,0,0,0,0.0,NaN,NaN,1,0,1,0,0,0,1,0,0,0,0,0,0,0,0,0,0,0,0,5,1,0,0,0,0,0,0,0,0,0,0,0,0,0,4,-1,0
C:\Users\All Five Projects\spring-batch-main\spring-batch-infrastructure\src\main\java\org\springframework\batch\item\function\ConsumerItemWriter.java,org.springframework.batch.item.function.ConsumerItemWriter,class,3,3,0,3,2,1,0,2,0,0.0,1.0,1.0,2,0,2,0,0,0,2,0,0,0,1,0,0,1,0,0,1,0,0,10,0,0,0,0,0,1,0,1,0,1,0,0,0,0,25,1,0
C:\Users\All Five Projects\spring-batch-main\spring-batch-infrastructure\src\main\java\org\springframework\batch\item\mail\MailErrorHandler.java,org.springframework.batch.item.mail.MailErrorHandler,interface,1,5,4,1,1,1,0,0,0,0.0,NaN,NaN,1,0,0,0,0,1,1,0,0,0,0,0,0,0,0,0,0,0,0,3,0,0,0,0,0,0,0,0,0,0,0,0,0,0,55,1,0
C:\Users\All Five Projects\spring-batch-main\spring-batch-infrastructure\src\test\java\org\springframework\batch\item\database\support\AbstractSqlPagingQueryProviderTests.java,org.springframework.batch.item.database.support.AbstractSqlPagingQueryProviderTests,class,5,19,14,5,15,1,13,17,35,0.53571427,0.30769232,0.30769232,14,0,0,0,0,14,14,6,0,0,2,0,0,0,2,0,0,0,0,80,0,0,1,0,0,32,1,17,2,18,1,0,0,0,55,1024,0
C:\Users\All Five Projects\spring-batch-main\spring-batch-core\src\main\java\org\springframework\batch\core\configuration\xml\DecisionParser.java,org.springframework.batch.core.configuration.xml.DecisionParser,class,6,7,1,6,1,1,0,5,0,0.0,NaN,NaN,1,0,1,0,0,0,1,0,0,0,0,0,0,0,0,0,0,0,1,10,1,0,0,0,0,3,0,3,0,3,0,0,0,0,55,1,0
C:\Users\All Five Projects\spring-batch-main\spring-batch-test\src\main\java\org\springframework\batch\test\JobRepositoryTestUtils.java,org.springframework.batch.test.JobRepositoryTestUtils$Anonymous1,anonymous,3,3,0,3,1,1,0,1,0,0.0,NaN,NaN,1,0,1,0,0,0,1,0,0,0,1,0,0,0,0,1,0,0,1,6,1,0,0,0,0,1,1,1,0,1,0,0,0,0,9,-1,0
C:\Users\All Five Projects\spring-batch-main\spring-batch-core\src\main\java\org\springframework\batch\core\step\StepLocator.java,org.springframework.batch.core.step.StepLocator,interface,1,7,6,1,2,1,0,0,1,0.0,0.0,0.0,2,0,0,0,0,2,2,0,0,0,0,0,0,0,0,0,0,0,0,4,0,0,0,0,0,0,0,0,0,0,0,0,0,0,16,1,0
C:\Users\All Five Projects\spring-batch-main\spring-batch-core\src\main\java\org\springframework\batch\core\resource\StepExecutionSimpleCompletionPolicy.java,org.springframework.batch.core.resource.StepExecutionSimpleCompletionPolicy,class,7,8,1,7,12,1,0,10,0,0.35714287,0.8095238,1.0,7,0,7,0,0,0,7,0,0,0,2,0,0,2,0,0,0,0,0,31,4,0,5,0,1,11,0,4,5,3,0,0,0,0,117,1,0
C:\Users\All Five Projects\spring-batch-main\spring-batch-core\src\test\java\org\springframework\batch\core\configuration\annotation\BatchRegistrarTests.java,org.springframework.batch.core.configuration.annotation.BatchRegistrarTests$JobConfiguration,innerclass,5,5,0,5,2,1,0,4,1,0.0,0.0,0.0,2,0,2,0,0,0,2,0,0,0,0,0,0,0,0,0,0,0,0,8,2,0,0,0,0,1,0,0,0,0,0,0,0,0,18,9,0
C:\Users\All Five Projects\spring-batch-main\spring-batch-samples\src\main\java\org\springframework\batch\samples\jpa\JpaJobConfiguration.java,org.springframework.batch.samples.jpa.JpaJobConfiguration,class,21,22,1,21,6,1,0,15,15,0.0,0.0,0.0,6,0,6,0,0,0,6,0,0,0,0,0,0,0,0,0,0,0,0,28,6,0,0,0,0,6,1,2,0,2,0,0,0,0,56,1,0
C:\Users\All Five Projects\spring-batch-main\spring-batch-infrastructure\src\test\java\org\springframework\batch\item\database\JpaPagingItemReaderAsyncTests.java,org.springframework.batch.item.database.JpaPagingItemReaderAsyncTests,class,12,13,1,12,13,1,0,31,6,0.7,0.33333334,0.33333334,5,0,0,2,0,3,3,0,0,0,6,3,0,6,0,0,3,0,3,80,2,5,2,1,0,11,11,23,5,23,4,0,0,1,84,0,3
C:\Users\All Five Projects\spring-batch-main\spring-batch-integration\src\test\java\org\springframework\batch\integration\chunk\ChunkProcessorChunkHandlerTests.java,org.springframework.batch.integration.chunk.ChunkProcessorChunkHandlerTests,class,6,6,0,6,1,1,0,12,0,0.0,NaN,NaN,1,0,0,0,0,1,1,0,0,0,2,0,0,1,1,0,1,0,0,15,0,0,0,0,0,2,5,7,0,8,0,0,0,1,21,0,0
C:\Users\All Five Projects\spring-batch-main\spring-batch-core\src\main\java\org\springframework\batch\core\configuration\xml\TaskletParser.java,org.springframework.batch.core.configuration.xml.TaskletParser,class,16,18,2,16,39,1,0,40,26,0.82954544,NaN,NaN,8,0,1,7,0,0,1,0,0,0,11,11,0,11,0,0,11,0,1,166,1,1,10,0,1,59,22,45,8,39,2,0,0,0,119,1,2
C:\Users\All Five Projects\spring-batch-main\spring-batch-infrastructure\src\main\java\org\springframework\batch\item\function\SupplierItemReader.java,org.springframework.batch.item.function.SupplierItemReader,class,2,2,0,2,2,1,0,2,0,0.0,1.0,1.0,2,0,2,0,0,0,2,0,0,0,1,0,0,1,0,0,1,0,0,10,1,0,0,0,0,1,0,1,0,1,0,0,0,0,25,1,0
C:\Users\All Five Projects\spring-batch-main\spring-batch-test\src\test\java\org\springframework\batch\test\context\SpringBatchTestIntegrationTests.java,org.springframework.batch.test.context.SpringBatchTestIntegrationTests$InnerWithSpringBatchTest,innerclass,7,7,0,7,1,1,0,3,0,0.0,NaN,NaN,1,0,0,0,0,1,1,0,0,0,1,0,0,0,0,1,0,0,0,8,0,0,0,0,0,0,0,0,0,1,0,0,0,0,13,0,0
C:\Users\All Five Projects\spring-batch-main\spring-batch-test\src\main\java\org\springframework\batch\test\context\BatchTestContextCustomizer.java,org.springframework.batch.test.context.BatchTestContextCustomizer,class,9,11,2,9,6,1,0,6,3,0.6666667,0.0,0.0,3,0,3,0,0,0,3,0,0,0,3,3,0,3,0,0,3,0,0,22,3,0,2,0,0,4,0,5,0,5,1,0,0,0,72,1,0
C:\Users\All Five Projects\spring-batch-main\spring-batch-infrastructure\src\test\java\org\springframework\batch\repeat\support\AbstractTradeBatchTests.java,org.springframework.batch.repeat.support.AbstractTradeBatchTests$TradeItemReader,innerclass,5,5,0,5,1,2,0,5,0,0.0,NaN,NaN,1,0,0,0,1,0,1,0,0,0,0,0,0,0,0,0,0,0,0,11,0,0,0,0,0,0,0,1,0,1,0,0,0,0,15,12,0
C:\Users\All Five Projects\spring-batch-main\spring-batch-core\src\test\java\org\springframework\batch\core\scope\context\StepSynchronizationManagerTests.java,org.springframework.batch.core.scope.context.StepSynchronizationManagerTests,class,6,6,0,6,8,1,0,16,1,0.2857143,0.47619048,0.47619048,7,0,0,0,0,7,7,0,0,0,1,0,0,1,0,0,1,0,1,63,1,1,1,1,0,7,5,9,0,9,2,0,0,3,31,0,0
C:\Users\All Five Projects\spring-batch-main\spring-batch-core\src\test\java\org\springframework\batch\core\job\builder\FlowJobBuilderTests.java,org.springframework.batch.core.job.builder.FlowJobBuilderTests$JobConfiguration,innerclass,15,15,0,15,4,1,0,9,6,0.0,0.0,0.0,4,0,4,0,0,0,4,0,0,0,0,0,0,0,0,0,0,0,1,17,4,0,0,0,0,5,4,1,0,2,1,0,0,1,28,8,0
C:\Users\All Five Projects\spring-batch-main\spring-batch-core\src\test\java\org\springframework\batch\core\test\step\FaultTolerantStepFactoryBeanRollbackIntegrationTests.java,org.springframework.batch.core.test.step.FaultTolerantStepFactoryBeanRollbackIntegrationTests,class,23,23,0,23,6,1,0,40,0,0.33333334,1.0,1.0,3,0,0,0,0,3,3,0,0,0,8,1,0,8,0,0,2,0,4,117,0,1,1,1,0,26,14,12,3,15,2,0,2,0,68,0,2
C:\Users\All Five Projects\spring-batch-main\spring-batch-infrastructure\src\test\java\org\springframework\batch\item\support\ClassifierCompositeItemProcessorTests.java,org.springframework.batch.item.support.ClassifierCompositeItemProcessorTests$Anonymous4,anonymous,3,3,0,3,1,1,0,0,0,0.0,NaN,NaN,1,0,1,0,0,0,1,0,0,0,0,0,0,0,0,0,0,0,0,5,1,0,0,0,0,1,0,0,1,0,0,0,0,0,6,-1,0
C:\Users\All Five Projects\spring-batch-main\spring-batch-infrastructure\src\test\java\org\springframework\batch\item\support\ClassifierCompositeItemProcessorTests.java,org.springframework.batch.item.support.ClassifierCompositeItemProcessorTests$Anonymous5,anonymous,3,3,0,3,1,1,0,0,0,0.0,NaN,NaN,1,0,1,0,0,0,1,0,0,0,0,0,0,0,0,0,0,0,0,5,1,0,0,0,0,1,0,0,1,0,0,0,0,0,6,-1,0
C:\Users\All Five Projects\spring-batch-main\spring-batch-core\src\test\java\org\springframework\batch\core\configuration\support\ApplicationContextJobFactoryTests.java,org.springframework.batch.core.configuration.support.ApplicationContextJobFactoryTests$PostProcessingApplicationContextFactory,innerclass,5,5,0,5,1,1,0,2,0,0.0,NaN,NaN,1,0,1,0,0,0,1,0,0,0,0,0,0,0,0,0,0,0,0,9,1,0,0,0,0,2,0,1,0,1,0,0,0,0,9,10,0
C:\Users\All Five Projects\spring-batch-main\spring-batch-infrastructure\src\test\java\org\springframework\batch\item\support\ClassifierCompositeItemProcessorTests.java,org.springframework.batch.item.support.ClassifierCompositeItemProcessorTests$Anonymous2,anonymous,3,3,0,3,1,1,0,0,0,0.0,NaN,NaN,1,0,1,0,0,0,1,0,0,0,0,0,0,0,0,0,0,0,0,5,1,0,0,0,0,0,0,0,0,0,0,0,0,0,3,-1,0
C:\Users\All Five Projects\spring-batch-main\spring-batch-samples\src\main\java\org\springframework\batch\samples\support\RetrySampleItemWriter.java,org.springframework.batch.samples.support.RetrySampleItemWriter,class,2,4,2,2,5,1,0,1,0,0.0,1.0,1.0,2,0,2,0,0,0,2,0,0,0,1,0,0,1,0,0,0,0,0,13,1,0,0,0,1,1,4,3,0,2,1,0,0,0,29,1,0
C:\Users\All Five Projects\spring-batch-main\spring-batch-infrastructure\src\test\java\org\springframework\batch\item\support\ClassifierCompositeItemProcessorTests.java,org.springframework.batch.item.support.ClassifierCompositeItemProcessorTests$Anonymous3,anonymous,3,3,0,3,1,1,0,0,0,0.0,NaN,NaN,1,0,1,0,0,0,1,0,0,0,0,0,0,0,0,0,0,0,0,5,1,0,0,0,0,1,0,0,1,0,0,0,0,0,4,-1,0
C:\Users\All Five Projects\spring-batch-main\spring-batch-infrastructure\src\test\java\org\springframework\batch\item\support\CompositeItemStreamTests.java,org.springframework.batch.item.support.CompositeItemStreamTests$Anonymous1,anonymous,1,1,0,1,1,1,0,2,0,0.0,NaN,NaN,1,0,1,0,0,0,1,0,0,0,0,0,0,0,0,0,0,0,0,6,0,0,0,0,0,1,0,0,0,0,0,0,0,0,4,-1,0
C:\Users\All Five Projects\spring-batch-main\spring-batch-infrastructure\src\test\java\org\springframework\batch\item\support\CompositeItemStreamTests.java,org.springframework.batch.item.support.CompositeItemStreamTests$Anonymous2,anonymous,1,1,0,1,1,1,0,2,0,0.0,NaN,NaN,1,0,1,0,0,0,1,0,0,0,0,0,0,0,0,0,0,0,0,6,0,0,0,0,0,1,0,0,0,0,0,0,0,0,4,-1,0
C:\Users\All Five Projects\spring-batch-main\spring-batch-samples\src\main\java\org\springframework\batch\samples\football\internal\JdbcPlayerSummaryDao.java,org.springframework.batch.samples.football.internal.JdbcPlayerSummaryDao,class,6,7,1,6,3,1,0,14,0,0.25,1.0,1.0,2,0,2,0,0,0,2,0,0,0,2,1,0,2,0,0,1,0,0,13,0,1,0,0,0,16,0,3,1,3,1,0,0,0,35,1,0
C:\Users\All Five Projects\spring-batch-main\spring-batch-infrastructure\src\main\java\org\springframework\batch\item\database\orm\JpaQueryProvider.java,org.springframework.batch.item.database.orm.JpaQueryProvider,interface,2,7,5,2,2,1,0,0,1,0.0,0.0,0.0,2,0,0,0,0,2,2,0,0,0,0,0,0,0,0,0,0,0,0,4,0,0,0,0,0,0,0,0,0,0,0,0,0,0,44,1,0
C:\Users\All Five Projects\spring-batch-main\spring-batch-infrastructure\src\test\java\org\springframework\batch\item\support\ListItemReaderTests.java,org.springframework.batch.item.support.ListItemReaderTests,class,2,2,0,2,2,1,0,6,1,0.0,0.0,0.0,2,0,0,0,0,2,2,0,0,0,0,0,0,0,0,0,0,0,2,17,0,0,0,0,0,11,1,3,0,3,0,0,0,0,12,0,0
C:\Users\All Five Projects\spring-batch-main\spring-batch-infrastructure\src\test\java\org\springframework\batch\item\support\CompositeItemStreamTests.java,org.springframework.batch.item.support.CompositeItemStreamTests$Anonymous5,anonymous,1,1,0,1,1,1,0,2,0,0.0,NaN,NaN,1,0,1,0,0,0,1,0,0,0,0,0,0,0,0,0,0,0,0,6,0,0,0,0,0,1,0,0,0,0,0,0,0,0,4,-1,0
C:\Users\All Five Projects\spring-batch-main\spring-batch-core\src\test\java\org\springframework\batch\core\launch\JobExecutionNotFailedExceptionTests.java,org.springframework.batch.core.launch.JobExecutionNotFailedExceptionTests,class,2,2,0,2,2,3,0,0,1,0.0,0.0,0.0,2,0,2,0,0,0,2,0,0,0,0,0,0,0,0,0,0,0,0,8,2,0,0,0,0,0,0,0,0,0,0,0,0,0,13,1,0
C:\Users\All Five Projects\spring-batch-main\spring-batch-infrastructure\src\test\java\org\springframework\batch\item\support\CompositeItemStreamTests.java,org.springframework.batch.item.support.CompositeItemStreamTests$Anonymous3,anonymous,1,1,0,1,1,1,0,2,0,0.0,NaN,NaN,1,0,1,0,0,0,1,0,0,0,0,0,0,0,0,0,0,0,0,6,0,0,0,0,0,1,0,0,0,0,0,0,0,0,4,-1,0
C:\Users\All Five Projects\spring-batch-main\spring-batch-infrastructure\src\test\java\org\springframework\batch\item\support\CompositeItemStreamTests.java,org.springframework.batch.item.support.CompositeItemStreamTests$Anonymous4,anonymous,0,0,0,0,1,1,0,2,0,0.0,NaN,NaN,1,0,1,0,0,0,1,0,0,0,0,0,0,0,0,0,0,0,0,6,0,0,0,0,0,1,0,0,0,0,0,0,0,0,1,-1,0
C:\Users\All Five Projects\spring-batch-main\spring-batch-infrastructure\src\test\java\org\springframework\batch\item\support\AbstractFileItemWriterTest.java,org.springframework.batch.item.support.AbstractFileItemWriterTests,class,6,6,0,6,1,2,0,15,0,0.0,NaN,NaN,1,0,0,0,0,1,1,0,0,0,0,0,0,0,0,0,0,0,0,22,0,0,0,0,0,5,0,4,0,4,0,0,1,0,42,0,0
C:\Users\All Five Projects\spring-batch-main\spring-batch-core\src\test\java\org\springframework\batch\core\listener\MulticasterBatchListenerTests.java,org.springframework.batch.core.listener.MulticasterBatchListenerTests,class,12,12,0,12,36,2,0,24,0,0.32407406,1.0,1.0,36,0,0,0,0,36,36,0,0,0,3,0,0,3,0,0,1,0,1,380,0,0,0,0,0,54,30,75,21,65,0,8,2,19,62,0,0
C:\Users\All Five Projects\spring-batch-main\spring-batch-infrastructure\src\test\java\org\springframework\batch\item\database\support\HsqlPagingQueryProviderIntegrationTests.java,org.springframework.batch.item.database.support.HsqlPagingQueryProviderIntegrationTests,class,4,4,0,4,1,2,0,0,0,0.0,NaN,NaN,1,0,0,0,0,1,1,0,0,0,0,0,0,0,0,0,0,0,0,10,0,0,0,0,0,0,0,0,0,0,0,0,1,0,11,0,0
C:\Users\All Five Projects\spring-batch-main\spring-batch-infrastructure\src\test\java\org\springframework\batch\item\support\ClassifierCompositeItemProcessorTests.java,org.springframework.batch.item.support.ClassifierCompositeItemProcessorTests$Anonymous1,anonymous,3,3,0,3,1,1,0,0,0,0.0,NaN,NaN,1,0,1,0,0,0,1,0,0,0,0,0,0,0,0,0,0,0,0,5,1,0,0,0,0,1,0,0,1,0,0,0,0,0,3,-1,0
C:\Users\All Five Projects\spring-batch-main\spring-batch-infrastructure\src\main\java\org\springframework\batch\item\file\transform\FixedLengthTokenizer.java,org.springframework.batch.item.file.transform.FixedLengthTokenizer,class,4,6,2,4,17,2,0,11,0,0.22222222,1.0,1.0,3,0,1,1,1,0,2,0,0,0,3,0,0,2,0,1,0,0,1,59,2,2,2,0,0,3,5,17,3,9,3,0,0,0,98,1,0
C:\Users\All Five Projects\spring-batch-main\spring-batch-infrastructure\src\test\java\org\springframework\batch\repeat\jms\SynchronousTests.java,org.springframework.batch.repeat.jms.SynchronousTests,class,19,20,1,19,15,1,0,23,0,0.5,0.7,1.0,6,0,1,1,0,4,5,0,0,0,6,0,0,6,0,0,1,0,0,107,6,3,6,1,1,33,7,20,0,27,3,0,0,6,76,0,0
C:\Users\All Five Projects\spring-batch-main\spring-batch-infrastructure\src\main\java\org\springframework\batch\repeat\exception\CompositeExceptionHandler.java,org.springframework.batch.repeat.exception.CompositeExceptionHandler,class,2,3,1,2,3,1,0,3,0,0.0,1.0,1.0,2,0,2,0,0,0,2,0,0,0,1,0,0,1,0,0,0,0,1,11,0,1,0,0,0,0,1,2,0,1,1,0,0,0,37,1,0
C:\Users\All Five Projects\spring-batch-main\spring-batch-infrastructure\src\test\java\org\springframework\batch\item\database\builder\JpaCursorItemReaderBuilderTests.java,org.springframework.batch.item.database.builder.JpaCursorItemReaderBuilderTests$TestDataSourceConfiguration,innerclass,10,10,0,10,3,1,0,7,3,0.0,0.0,0.0,3,0,3,0,0,0,3,0,0,0,0,0,0,0,0,0,0,0,0,19,3,0,0,0,0,2,0,3,0,3,0,0,0,0,33,9,0
C:\Users\All Five Projects\spring-batch-main\spring-batch-infrastructure\src\test\java\org\springframework\batch\item\xml\AbstractStaxEventReaderItemReaderTests.java,org.springframework.batch.item.xml.AbstractStaxEventReaderItemReaderTests,class,9,12,3,9,8,1,2,19,3,0.33333334,0.4,0.4,6,0,0,0,2,4,6,1,0,0,1,0,0,0,1,0,0,0,0,50,0,2,2,0,2,12,7,8,0,8,1,0,0,0,51,1024,0
C:\Users\All Five Projects\spring-batch-main\spring-batch-samples\src\test\java\org\springframework\batch\samples\restart\stop\GracefulShutdownFunctionalTests.java,org.springframework.batch.samples.restart.stop.GracefulShutdownFunctionalTests,class,9,9,0,9,3,1,0,15,0,0.0,NaN,NaN,1,0,0,0,0,1,1,0,0,0,3,0,0,3,0,0,1,0,3,21,0,1,0,0,0,5,4,4,1,6,1,0,0,0,59,0,1
C:\Users\All Five Projects\spring-batch-main\spring-batch-core\src\main\java\org\springframework\batch\core\explore\support\JobExplorerFactoryBean.java,org.springframework.batch.core.explore.support.JobExplorerFactoryBean$Anonymous1,anonymous,0,0,0,0,1,1,0,0,0,0.0,NaN,NaN,1,0,0,0,1,0,1,0,0,0,0,0,0,0,0,0,0,0,0,5,0,0,0,0,0,1,0,0,0,0,0,0,0,0,8,-1,0
C:\Users\All Five Projects\spring-batch-main\spring-batch-core\src\test\java\org\springframework\batch\core\configuration\annotation\JobLoaderConfigurationTests.java,org.springframework.batch.core.configuration.annotation.JobLoaderConfigurationTests$LoaderFactoryConfiguration,innerclass,7,7,0,7,2,1,0,0,1,0.0,0.0,0.0,2,0,2,0,0,0,2,0,0,0,0,0,0,0,0,0,0,0,0,8,2,0,0,0,0,0,0,0,0,0,0,0,0,0,10,9,0
C:\Users\All Five Projects\spring-batch-main\spring-batch-infrastructure\src\main\java\org\springframework\batch\item\mail\javamail\MimeMessageItemWriter.java,org.springframework.batch.item.mail.javamail.MimeMessageItemWriter,class,7,8,1,7,7,1,0,10,0,0.375,0.6666667,1.0,4,0,4,0,0,0,4,0,0,0,2,0,0,2,0,0,0,0,0,24,0,1,1,1,0,1,0,4,0,3,2,0,0,0,125,1,0
C:\Users\All Five Projects\spring-batch-main\spring-batch-core\src\test\java\org\springframework\batch\core\configuration\annotation\BatchRegistrarTests.java,org.springframework.batch.core.configuration.annotation.BatchRegistrarTests$JobConfigurationWithCustomBeanNames,innerclass,5,5,0,5,2,1,0,4,1,0.0,0.0,0.0,2,0,2,0,0,0,2,0,0,0,0,0,0,0,0,0,0,0,0,8,2,0,0,0,0,3,0,0,0,0,0,0,0,0,22,9,0
C:\Users\All Five Projects\spring-batch-main\spring-batch-infrastructure\src\main\java\org\springframework\batch\item\mail\DefaultMailErrorHandler.java,org.springframework.batch.item.mail.DefaultMailErrorHandler,class,3,7,4,3,2,1,0,4,0,0.5,1.0,1.0,2,0,2,0,0,0,2,0,0,0,2,1,0,2,0,0,1,0,1,11,0,0,0,0,0,1,2,4,1,3,0,0,0,0,68,1,0
C:\Users\All Five Projects\spring-batch-main\spring-batch-core\src\test\java\org\springframework\batch\core\repository\dao\JdbcStepExecutionDaoTests.java,org.springframework.batch.core.repository.dao.JdbcStepExecutionDaoTests,class,9,9,0,9,7,3,0,21,10,0.0,0.0,0.0,5,0,0,0,2,3,5,0,0,0,0,0,0,0,0,0,0,0,0,33,2,0,0,0,1,12,3,6,0,6,0,0,0,0,48,0,0
C:\Users\All Five Projects\spring-batch-main\spring-batch-core\src\test\java\org\springframework\batch\core\step\item\ForceRollbackForWriteSkipExceptionTests.java,org.springframework.batch.core.step.item.ForceRollbackForWriteSkipExceptionTests,class,2,2,0,2,1,2,0,0,0,0.0,NaN,NaN,1,0,1,0,0,0,1,0,0,0,0,0,0,0,0,0,0,0,0,5,1,0,0,0,0,0,0,0,0,0,0,0,0,0,15,1,0
C:\Users\All Five Projects\spring-batch-main\spring-batch-infrastructure\src\test\java\org\springframework\batch\item\AbstractItemReaderTests.java,org.springframework.batch.item.AbstractItemReaderTests,class,5,8,3,5,5,1,1,6,0,0.2,0.6,0.6,5,0,0,0,3,2,5,2,0,0,1,0,0,0,1,0,0,0,0,26,0,0,0,0,0,0,5,6,0,6,0,0,0,0,58,1025,0
C:\Users\All Five Projects\spring-batch-main\spring-batch-infrastructure\src\main\java\org\springframework\batch\item\xml\StaxWriterCallback.java,org.springframework.batch.item.xml.StaxWriterCallback,interface,0,2,2,0,1,1,0,0,0,0.0,NaN,NaN,1,0,0,0,0,1,1,0,0,0,0,0,0,0,0,0,0,0,0,3,0,0,0,0,0,0,0,0,0,0,0,0,0,0,39,1,0
C:\Users\All Five Projects\spring-batch-main\spring-batch-core\src\test\java\org\springframework\batch\core\step\StepLocatorStepFactoryBeanTests.java,org.springframework.batch.core.step.StepLocatorStepFactoryBeanTests$Anonymous1,anonymous,1,1,0,1,4,1,0,0,6,0.0,0.0,0.0,4,0,4,0,0,0,4,0,0,0,0,0,0,0,0,0,0,0,0,14,1,0,0,0,0,3,0,0,0,0,0,0,0,0,18,-1,0
C:\Users\All Five Projects\spring-batch-main\spring-batch-integration\src\test\java\org\springframework\batch\integration\retry\RetryRepeatTransactionalPollingIntegrationTests.java,org.springframework.batch.integration.retry.RetryRepeatTransactionalPollingIntegrationTests,class,13,14,1,13,10,1,0,18,0,0.5476191,0.6666667,1.0,7,0,3,1,0,3,6,0,0,0,6,2,0,6,0,0,1,0,5,51,2,1,0,0,0,6,10,10,2,9,1,0,0,0,46,0,2
C:\Users\All Five Projects\spring-batch-main\spring-batch-test\src\test\java\org\springframework\batch\test\StepScopeTestExecutionListenerIntegrationTests.java,org.springframework.batch.test.StepScopeTestExecutionListenerIntegrationTests,class,11,11,0,11,2,1,0,7,0,0.25,1.0,1.0,2,0,0,0,0,2,2,0,0,0,2,0,0,2,0,0,0,0,1,14,1,0,0,0,0,3,0,1,0,3,0,0,0,0,29,0,0
C:\Users\All Five Projects\spring-batch-main\spring-batch-core\src\test\java\org\springframework\batch\core\step\builder\RegisterMultiListenerTests.java,org.springframework.batch.core.step.builder.RegisterMultiListenerTests$MultiListenerTestConfigurationSupport,innerclass,11,11,0,11,7,1,0,6,15,0.0,0.0,0.0,6,0,6,0,0,0,6,1,0,0,0,0,0,0,0,0,0,0,0,35,5,0,0,0,0,2,0,0,0,1,2,1,0,1,22,1033,0
C:\Users\All Five Projects\spring-batch-main\spring-batch-core\src\test\java\org\springframework\batch\core\step\skip\ReprocessExceptionTests.java,org.springframework.batch.core.step.skip.ReprocessExceptionTests$PersonProcessor,innerclass,3,3,0,3,2,1,0,4,0,0.0,NaN,NaN,1,0,1,0,0,0,1,0,0,0,1,0,0,1,0,0,0,0,0,13,1,0,0,0,0,1,0,4,0,4,1,0,0,0,17,9,0
C:\Users\All Five Projects\spring-batch-main\spring-batch-core\src\test\java\org\springframework\batch\core\job\SimpleStepHandlerTests.java,org.springframework.batch.core.job.SimpleStepHandlerTests,class,13,13,0,13,3,2,0,11,0,0.33333334,0.33333334,0.33333334,3,0,0,0,0,3,3,0,0,0,3,0,0,3,0,0,0,0,0,34,0,0,0,0,0,4,0,7,0,7,0,0,1,0,43,0,0
C:\Users\All Five Projects\spring-batch-main\spring-batch-infrastructure\src\test\java\org\springframework\batch\support\PropertiesConverterTests.java,org.springframework.batch.support.PropertiesConverterTests,class,1,1,0,1,8,1,0,10,28,0.0,0.0,0.0,8,0,0,0,0,8,8,0,0,0,0,0,0,0,0,0,0,0,0,47,0,0,0,0,0,24,1,12,2,11,0,0,0,2,39,0,0
C:\Users\All Five Projects\spring-batch-main\spring-batch-samples\src\main\java\org\springframework\batch\samples\common\DataSourceConfiguration.java,org.springframework.batch.samples.common.DataSourceConfiguration,class,4,32,28,4,2,1,0,3,1,0.0,0.0,0.0,2,0,2,0,0,0,2,0,0,0,0,0,0,0,0,0,0,0,0,8,2,0,0,0,0,3,0,0,0,0,0,0,0,0,24,1,0
C:\Users\All Five Projects\spring-batch-main\spring-batch-core\src\test\java\org\springframework\batch\core\launch\support\SimpleJvmExitCodeMapperTests.java,org.springframework.batch.core.launch.support.SimpleJvmExitCodeMapperTests,class,3,3,0,3,5,1,0,5,0,0.4,0.7,1.0,5,0,0,0,0,5,5,0,0,0,2,0,0,2,0,0,0,0,0,35,0,0,0,0,0,3,10,4,0,4,0,0,0,0,21,0,0
C:\Users\All Five Projects\spring-batch-main\spring-batch-infrastructure\src\test\java\org\springframework\batch\item\util\FileUtilsTests.java,org.springframework.batch.item.util.FileUtilsTests$Anonymous3,anonymous,0,0,0,0,3,1,0,0,3,0.0,0.0,0.0,3,0,3,0,0,0,3,0,0,0,0,0,0,0,0,0,0,0,0,11,3,0,0,0,0,0,0,0,0,0,0,0,0,0,7,-1,0
C:\Users\All Five Projects\spring-batch-main\spring-batch-infrastructure\src\test\java\org\springframework\batch\item\util\FileUtilsTests.java,org.springframework.batch.item.util.FileUtilsTests$Anonymous2,anonymous,0,0,0,0,1,1,0,0,0,0.0,NaN,NaN,1,0,1,0,0,0,1,0,0,0,0,0,0,0,0,0,0,0,0,5,1,0,0,0,0,0,0,0,0,0,0,0,0,0,2,-1,0
C:\Users\All Five Projects\spring-batch-main\spring-batch-infrastructure\src\test\java\org\springframework\batch\item\util\FileUtilsTests.java,org.springframework.batch.item.util.FileUtilsTests$Anonymous1,anonymous,0,0,0,0,1,1,0,0,0,0.0,NaN,NaN,1,0,1,0,0,0,1,0,0,0,0,0,0,0,0,0,0,0,0,5,0,0,0,0,0,0,0,0,0,0,0,0,0,0,6,-1,0
C:\Users\All Five Projects\spring-batch-main\spring-batch-core\src\test\java\org\springframework\batch\core\configuration\xml\DummyStep.java,org.springframework.batch.core.configuration.xml.DummyStep,class,3,5,2,3,5,1,0,0,8,0.6,0.1,0.1,5,0,5,0,0,0,5,0,0,0,1,0,0,1,0,0,0,0,0,17,3,0,0,0,0,0,1,1,0,1,0,0,0,0,26,1,0
C:\Users\All Five Projects\spring-batch-main\spring-batch-core\src\test\java\org\springframework\batch\core\step\item\ChunkMonitorTests.java,org.springframework.batch.core.step.item.ChunkMonitorTests,class,7,7,0,7,12,1,0,16,0,0.6363636,1.0,1.0,11,0,0,0,0,11,11,0,0,0,4,1,0,4,0,0,1,0,0,97,0,1,0,0,0,3,18,12,3,11,1,4,0,1,54,0,0
C:\Users\All Five Projects\spring-batch-main\spring-batch-infrastructure\src\main\java\org\springframework\batch\item\KeyValueItemWriter.java,org.springframework.batch.item.KeyValueItemWriter,class,7,12,5,7,10,1,0,5,15,0.71428573,0.14285715,0.14285715,7,0,4,0,3,0,7,2,0,0,2,0,0,0,2,0,0,0,0,28,1,1,2,0,0,1,0,3,0,3,1,0,0,0,64,1025,0
C:\Users\All Five Projects\spring-batch-main\spring-batch-samples\src\main\java\org\springframework\batch\samples\file\patternmatching\internal\mapper\ShippingFieldSetMapper.java,org.springframework.batch.samples.file.patternmatching.internal.mapper.ShippingFieldSetMapper,class,3,3,0,3,1,1,0,4,0,0.0,NaN,NaN,1,0,1,0,0,0,1,0,0,0,3,3,3,0,0,0,3,0,0,12,1,0,0,0,0,3,0,4,0,4,0,0,0,0,27,1,0
C:\Users\All Five Projects\spring-batch-main\spring-batch-core\src\main\java\org\springframework\batch\core\scope\context\StepContext.java,org.springframework.batch.core.scope.context.StepContext,class,6,15,9,6,32,2,0,38,20,0.5882353,0.46666667,0.46666667,17,0,16,1,0,0,16,0,0,0,2,0,0,2,0,0,2,0,3,105,17,3,8,1,1,13,1,8,4,9,4,0,0,1,169,1,0
C:\Users\All Five Projects\spring-batch-main\spring-batch-infrastructure\src\test\java\org\springframework\batch\retry\jms\ExternalRetryTests.java,org.springframework.batch.retry.jms.ExternalRetryTests,class,18,19,1,18,15,1,0,20,0,0.4571429,1.0,1.0,5,0,0,2,0,3,3,0,0,0,7,0,0,7,0,0,2,0,0,120,7,3,3,4,0,19,8,24,0,33,4,1,0,9,66,0,0
C:\Users\All Five Projects\spring-batch-main\spring-batch-infrastructure\src\test\java\org\springframework\batch\item\database\JdbcCursorItemReaderConfigTests.java,org.springframework.batch.item.database.JdbcCursorItemReaderConfigTests,class,8,8,0,8,3,1,0,19,3,0.0,0.0,0.0,3,0,0,0,0,3,3,0,0,0,0,0,0,0,0,0,0,0,0,67,2,0,0,0,0,6,0,21,0,23,1,0,0,2,48,0,0
C:\Users\All Five Projects\spring-batch-main\spring-batch-infrastructure\src\test\java\org\springframework\batch\item\database\JdbcParameterUtilsTests.java,org.springframework.batch.item.database.JdbcParameterUtilsTests,class,1,1,0,1,1,1,0,3,0,0.0,NaN,NaN,1,0,0,0,0,1,1,0,0,0,0,0,0,0,0,0,0,0,0,30,0,0,0,0,0,23,25,1,0,1,0,0,0,0,18,0,0
C:\Users\All Five Projects\spring-batch-main\spring-batch-samples\src\test\java\org\springframework\batch\samples\amqp\AmqpJobFunctionalTests.java,org.springframework.batch.samples.amqp.AmqpJobFunctionalTests,class,16,16,0,16,4,1,0,7,1,0.75,0.0,0.0,2,0,1,0,0,1,2,0,0,0,4,2,1,3,0,0,1,0,0,44,0,0,0,0,0,5,6,8,0,10,0,0,1,0,78,0,0
C:\Users\All Five Projects\spring-batch-main\spring-batch-integration\src\test\java\org\springframework\batch\integration\JobSupport.java,org.springframework.batch.integration.JobSupport,class,2,7,5,2,4,1,0,0,4,0.5,0.16666667,0.16666667,4,0,4,0,0,0,4,0,0,0,1,0,0,0,0,1,0,0,0,14,2,0,0,0,0,0,0,1,0,1,0,0,0,0,11,1,0
C:\Users\All Five Projects\spring-batch-main\spring-batch-samples\src\main\java\org\springframework\batch\samples\domain\trade\CustomerCredit.java,org.springframework.batch.samples.domain.trade.CustomerCredit,class,4,29,25,4,13,1,0,1,0,0.52777773,0.530303,0.8333333,12,0,12,0,0,0,12,0,0,0,3,0,0,3,0,0,0,0,0,46,7,0,1,0,2,5,0,10,1,4,0,0,0,0,22,1,0
C:\Users\All Five Projects\spring-batch-main\spring-batch-core\src\test\java\org\springframework\batch\core\launch\support\CommandLineJobRunnerTests.java,org.springframework.batch.core.launch.support.CommandLineJobRunnerTests$StubJobLauncher,innerclass,5,5,0,5,4,1,0,0,0,0.33333334,0.6666667,1.0,3,1,3,0,0,0,3,0,0,0,4,4,3,1,0,0,0,0,0,22,1,0,0,0,0,1,0,8,0,4,1,0,0,0,18,9,0
C:\Users\All Five Projects\spring-batch-main\spring-batch-core\src\test\java\org\springframework\batch\core\configuration\support\JobFactoryRegistrationListenerTests.java,org.springframework.batch.core.configuration.support.JobFactoryRegistrationListenerTests,class,5,6,1,5,2,1,0,7,0,0.0,1.0,1.0,2,0,0,0,0,2,2,0,0,0,2,0,0,2,0,0,2,0,0,30,0,0,0,0,0,0,2,2,0,2,0,2,0,0,17,0,0
C:\Users\All Five Projects\spring-batch-main\spring-batch-core\src\test\java\org\springframework\batch\core\step\AbstractStepTests.java,org.springframework.batch.core.step.AbstractStepTests$Listener,innerclass,3,3,0,3,2,1,0,1,0,0.0,1.0,1.0,2,0,2,0,0,0,2,0,0,0,1,0,0,1,0,0,0,0,0,10,2,0,0,0,0,0,0,1,0,1,0,0,0,0,12,8,0
C:\Users\All Five Projects\spring-batch-main\spring-batch-core\src\main\java\org\springframework\batch\core\job\DefaultJobParametersValidator.java,org.springframework.batch.core.job.DefaultJobParametersValidator,class,7,12,5,7,16,1,0,12,0,0.5,0.6,0.6666667,6,0,6,0,0,0,6,0,2,0,3,1,0,3,0,0,1,0,2,50,0,3,1,0,0,4,2,6,3,6,3,0,0,0,81,1,1
C:\Users\All Five Projects\spring-batch-main\spring-batch-infrastructure\src\main\java\org\springframework\batch\poller\DirectPoller.java,org.springframework.batch.poller.DirectPoller,class,3,3,0,3,2,1,0,0,0,0.0,1.0,1.0,2,0,2,0,0,0,2,0,0,0,1,0,0,1,0,0,1,0,0,67,1,0,0,0,0,0,0,1,0,1,0,0,1,0,59,1,0
C:\Users\All Five Projects\spring-batch-main\spring-batch-core\src\test\java\org\springframework\batch\core\configuration\xml\JobParserJobFactoryBeanTests.java,org.springframework.batch.core.configuration.xml.JobParserJobFactoryBeanTests,class,2,2,0,2,1,1,0,2,0,0.0,NaN,NaN,1,0,0,0,0,1,1,0,0,0,1,0,0,1,0,0,1,0,0,6,0,0,0,0,0,2,0,1,0,1,0,0,0,0,10,0,0
C:\Users\All Five Projects\spring-batch-main\spring-batch-core\src\main\java\org\springframework\batch\core\job\flow\FlowExecutionException.java,org.springframework.batch.core.job.flow.FlowExecutionException,class,0,2,2,0,2,3,0,0,1,0.0,0.0,0.0,2,0,2,0,0,0,2,0,0,0,0,0,0,0,0,0,0,0,0,8,0,0,0,0,0,0,0,0,0,0,0,0,0,0,17,1,0
C:\Users\All Five Projects\spring-batch-main\spring-batch-integration\src\test\java\org\springframework\batch\integration\chunk\MessageSourcePollerInterceptorTests.java,org.springframework.batch.integration.chunk.MessageSourcePollerInterceptorTests,class,5,5,0,5,4,1,0,8,6,0.0,0.0,0.0,4,0,0,0,0,4,4,0,0,0,0,0,0,0,0,0,0,0,0,31,0,0,0,0,0,4,1,5,0,5,0,0,1,0,26,0,0
C:\Users\All Five Projects\spring-batch-main\spring-batch-infrastructure\src\main\java\org\springframework\batch\item\SkipWrapper.java,org.springframework.batch.item.SkipWrapper,class,2,3,1,2,5,1,0,1,0,0.3,0.8,1.0,5,0,5,0,0,0,5,0,0,0,2,0,0,2,0,0,2,0,1,20,3,0,0,0,0,1,0,2,0,2,0,0,0,0,26,1,0
C:\Users\All Five Projects\spring-batch-main\spring-batch-infrastructure\src\test\java\org\springframework\batch\item\data\Neo4jItemWriterTests.java,org.springframework.batch.item.data.Neo4jItemWriterTests,class,7,7,0,7,4,1,0,15,0,0.083333336,1.0,1.0,4,0,0,0,0,4,4,0,0,0,3,0,0,3,0,0,0,0,0,48,0,0,0,0,0,10,0,8,0,6,0,0,0,0,29,0,0
C:\Users\All Five Projects\spring-batch-main\spring-batch-core\src\test\java\org\springframework\batch\core\step\item\SimpleChunkProviderTests.java,org.springframework.batch.core.step.item.SimpleChunkProviderTests,class,10,10,0,10,2,1,0,8,0,0.0,1.0,1.0,2,0,0,0,0,2,2,0,0,0,2,0,0,2,0,0,1,0,2,24,0,0,0,0,0,6,4,6,0,4,0,1,0,0,25,0,0
C:\Users\All Five Projects\spring-batch-main\spring-batch-infrastructure\src\main\java\org\springframework\batch\item\file\mapping\PassThroughFieldSetMapper.java,org.springframework.batch.item.file.mapping.PassThroughFieldSetMapper,class,2,3,1,2,1,1,0,0,0,0.0,NaN,NaN,1,0,1,0,0,0,1,0,0,0,0,0,0,0,0,0,0,0,0,5,1,0,0,0,0,0,0,0,0,0,0,0,0,0,17,1,0
C:\Users\All Five Projects\spring-batch-main\spring-batch-infrastructure\src\test\java\org\springframework\batch\item\database\support\PostgresPagingQueryProviderIntegrationTests.java,org.springframework.batch.item.database.support.PostgresPagingQueryProviderIntegrationTests,class,9,9,0,9,1,2,0,1,0,1.0,NaN,NaN,1,0,0,0,0,1,1,0,0,0,2,2,1,1,0,0,1,0,0,16,0,0,0,0,0,2,0,2,0,2,0,0,1,0,36,0,0
C:\Users\All Five Projects\spring-batch-main\spring-batch-core\src\test\java\org\springframework\batch\core\listener\StepListenerFailedExceptionTests.java,org.springframework.batch.core.listener.StepListenerFailedExceptionTests,class,2,2,0,2,1,1,0,3,0,0.0,NaN,NaN,1,0,0,0,0,1,1,0,0,0,0,0,0,0,0,0,0,0,0,6,0,0,0,0,0,3,2,1,0,1,0,0,0,0,17,0,0
C:\Users\All Five Projects\spring-batch-main\spring-batch-core\src\test\java\org\springframework\batch\core\configuration\xml\FailTransitionJobParserTests.java,org.springframework.batch.core.configuration.xml.FailTransitionJobParserTests,class,5,5,0,5,1,2,0,13,0,0.0,NaN,NaN,1,0,0,0,0,1,1,0,0,0,0,0,0,0,0,0,0,0,0,23,0,0,0,0,0,6,2,4,0,3,0,0,0,0,21,0,0
C:\Users\All Five Projects\spring-batch-main\spring-batch-core\src\test\java\org\springframework\batch\core\test\repository\Db2JobRepositoryIntegrationTests.java,org.springframework.batch.core.test.repository.Db2JobRepositoryIntegrationTests$TestConfiguration,innerclass,10,10,0,10,3,1,0,15,3,0.0,0.0,0.0,3,0,3,0,0,0,3,0,0,0,0,0,0,0,0,0,0,0,0,19,3,0,0,0,0,2,1,1,0,3,0,0,0,1,20,8,0
C:\Users\All Five Projects\spring-batch-main\spring-batch-infrastructure\src\test\java\org\springframework\batch\repeat\interceptor\RepeatOperationsInterceptorTests.java,org.springframework.batch.repeat.interceptor.RepeatOperationsInterceptorTests$Anonymous1,anonymous,5,5,0,5,6,1,0,1,10,0.0,0.0,0.0,5,0,5,0,0,0,5,0,0,0,0,0,0,0,0,0,0,0,0,22,5,0,0,1,0,1,0,0,0,0,1,0,0,0,14,-1,0
C:\Users\All Five Projects\spring-batch-main\spring-batch-infrastructure\src\main\java\org\springframework\batch\item\WriteFailedException.java,org.springframework.batch.item.WriteFailedException,class,1,4,3,1,2,5,0,0,1,0.0,0.0,0.0,2,0,2,0,0,0,2,0,0,0,0,0,0,0,0,0,0,0,0,8,0,0,0,0,0,0,0,0,0,0,0,0,0,0,34,1,0
C:\Users\All Five Projects\spring-batch-main\spring-batch-infrastructure\src\test\java\org\springframework\batch\item\database\JpaItemWriterIntegrationTests.java,org.springframework.batch.item.database.JpaItemWriterIntegrationTests,class,13,13,0,13,4,1,0,9,0,0.25,1.0,1.0,4,0,0,0,0,4,4,0,0,0,2,0,0,2,0,0,0,0,0,53,0,0,0,0,0,8,6,4,0,6,0,0,1,0,33,0,0
C:\Users\All Five Projects\spring-batch-main\spring-batch-samples\src\main\java\org\springframework\batch\samples\football\Game.java,org.springframework.batch.samples.football.Game,class,1,5,4,1,40,1,0,3,468,0.92727274,0.056818184,0.125,33,0,33,0,0,0,33,0,0,0,15,0,0,15,0,0,0,0,0,137,23,0,6,0,2,5,3,19,3,18,2,0,0,0,51,1,0
C:\Users\All Five Projects\spring-batch-main\spring-batch-core\src\test\java\org\springframework\batch\core\step\item\FaultTolerantStepFactoryBeanUnexpectedRollbackTests.java,org.springframework.batch.core.step.item.FaultTolerantStepFactoryBeanUnexpectedRollbackTests,class,15,15,0,15,1,1,0,21,0,0.5,NaN,NaN,1,0,0,0,0,1,1,0,0,0,2,0,0,1,1,0,1,0,1,41,0,0,0,0,0,7,1,10,0,11,0,1,0,0,37,0,0
C:\Users\All Five Projects\spring-batch-main\spring-batch-infrastructure\src\test\java\org\springframework\batch\item\file\FlatFileItemReaderTests.java,org.springframework.batch.item.file.FlatFileItemReaderTests$NonExistentResource,innerclass,1,1,0,1,4,2,0,0,6,0.0,0.0,0.0,4,0,4,0,0,0,4,0,0,0,0,0,0,0,0,0,0,0,0,13,3,0,0,0,0,1,0,0,0,0,0,0,0,0,14,10,0
C:\Users\All Five Projects\spring-batch-main\spring-batch-infrastructure\src\test\java\org\springframework\batch\item\database\JpaPagingItemReaderParameterTests.java,org.springframework.batch.item.database.JpaPagingItemReaderParameterTests,class,7,7,0,7,1,2,0,7,0,0.0,NaN,NaN,1,0,0,0,1,0,1,0,0,0,1,0,0,1,0,0,0,0,1,14,1,0,0,0,0,3,2,2,0,3,0,0,0,0,24,1,0
C:\Users\All Five Projects\spring-batch-main\spring-batch-core\src\test\java\org\springframework\batch\core\launch\support\DataFieldMaxValueJobParametersIncrementerTests.java,org.springframework.batch.core.launch.support.DataFieldMaxValueJobParametersIncrementerTests,class,5,5,0,5,5,1,0,15,0,0.2,0.6,0.6,5,0,0,0,0,5,5,0,0,0,1,0,0,1,0,0,1,0,3,38,0,0,0,0,0,11,7,17,0,17,0,0,0,2,40,0,0
C:\Users\All Five Projects\spring-batch-main\spring-batch-core\src\test\java\org\springframework\batch\core\scope\JobScopeTests.java,org.springframework.batch.core.scope.JobScopeTests,class,8,8,0,8,11,1,0,22,0,0.5151515,0.74545455,0.8181818,11,0,0,0,0,11,11,0,0,0,3,0,0,3,0,0,2,0,0,67,0,0,0,0,0,26,9,12,0,12,0,0,0,7,56,0,0
C:\Users\All Five Projects\spring-batch-main\spring-batch-core\src\main\java\org\springframework\batch\core\job\builder\FlowBuilder.java,org.springframework.batch.core.job.builder.FlowBuilder,class,19,25,6,19,59,1,0,36,313,0.8937499,0.10294118,0.20588236,30,0,14,13,3,0,17,0,1,0,16,0,0,16,0,0,8,0,5,324,22,4,7,0,7,22,7,37,11,25,3,0,3,0,174,1,0
C:\Users\All Five Projects\spring-batch-main\spring-batch-test\src\test\java\org\springframework\batch\test\StepScopeTestExecutionListenerTests.java,org.springframework.batch.test.StepScopeTestExecutionListenerTests,class,9,11,2,9,6,2,0,15,9,0.5,0.0,0.0,6,0,0,3,0,3,3,0,0,0,1,0,0,1,0,0,1,0,0,66,1,0,0,2,0,4,0,7,0,7,1,0,2,0,27,0,0
C:\Users\All Five Projects\spring-batch-main\spring-batch-core\src\test\java\org\springframework\batch\core\job\builder\JobBuilderTests.java,org.springframework.batch.core.job.builder.JobBuilderTests$InterfaceBasedJobExecutionListener,innerclass,2,2,0,2,2,1,0,0,1,0.5,0.0,0.0,2,0,2,0,0,0,2,0,0,0,2,2,2,0,0,0,0,0,0,10,0,0,0,0,0,0,2,2,0,2,0,0,0,0,9,8,0
C:\Users\All Five Projects\spring-batch-main\spring-batch-core\src\test\java\org\springframework\batch\core\step\item\RepeatOperationsStepFactoryBeanTests.java,org.springframework.batch.core.step.item.RepeatOperationsStepFactoryBeanTests,class,13,13,0,13,4,1,0,16,0,0.5,1.0,1.0,4,0,0,0,0,4,4,0,0,0,3,0,0,3,0,0,2,0,0,33,1,0,0,0,0,4,2,4,0,5,1,0,0,1,40,0,0
C:\Users\All Five Projects\spring-batch-main\spring-batch-infrastructure\src\main\java\org\springframework\batch\item\file\transform\DelimitedLineTokenizer.java,org.springframework.batch.item.file.transform.DelimitedLineTokenizer,class,4,6,2,4,41,2,0,17,17,0.8000001,0.32142857,0.75,10,0,6,2,2,0,8,0,0,0,8,3,3,5,0,0,3,0,3,116,4,5,5,0,21,7,18,39,30,27,4,0,0,0,207,1,0
C:\Users\All Five Projects\spring-batch-main\spring-batch-core\src\main\java\org\springframework\batch\core\repository\JobRestartException.java,org.springframework.batch.core.repository.JobRestartException,class,1,5,4,1,2,4,0,0,1,0.0,0.0,0.0,2,0,2,0,0,0,2,0,0,0,0,0,0,0,0,0,0,0,0,8,0,0,0,0,0,0,0,0,0,0,0,0,0,0,25,1,0
C:\Users\All Five Projects\spring-batch-main\spring-batch-core\src\test\java\org\springframework\batch\core\configuration\xml\PartitionStepParserTests.java,org.springframework.batch.core.configuration.xml.PartitionStepParserTests$CustomPartitionHandler,innerclass,3,3,0,3,1,1,0,1,0,0.0,NaN,NaN,1,0,1,0,0,0,1,0,0,0,0,0,0,0,0,0,0,0,1,5,1,0,0,0,0,0,0,0,0,0,0,0,0,0,9,9,0
C:\Users\All Five Projects\spring-batch-main\spring-batch-infrastructure\src\main\java\org\springframework\batch\item\file\LineMapper.java,org.springframework.batch.item.file.LineMapper,interface,1,11,10,1,1,1,0,0,0,0.0,NaN,NaN,1,0,0,0,0,1,1,0,0,0,0,0,0,0,0,0,0,0,0,3,0,0,0,0,0,0,0,0,0,0,0,0,0,0,56,1,0
C:\Users\All Five Projects\spring-batch-main\spring-batch-core\src\main\java\org\springframework\batch\core\launch\support\RuntimeExceptionTranslator.java,org.springframework.batch.core.launch.support.RuntimeExceptionTranslator,class,2,2,0,2,3,1,0,6,0,0.0,NaN,NaN,1,0,1,0,0,0,1,0,0,0,0,0,0,0,0,0,0,0,0,13,1,0,0,1,0,2,0,0,1,0,2,0,0,0,13,1,0
C:\Users\All Five Projects\spring-batch-main\spring-batch-infrastructure\src\main\java\org\springframework\batch\item\database\builder\StoredProcedureItemReaderBuilder.java,org.springframework.batch.item.database.builder.StoredProcedureItemReaderBuilder,class,7,9,2,7,21,1,0,20,133,0.89750713,0.11111111,1.0,19,0,19,0,0,0,19,0,0,0,19,1,1,18,0,0,1,0,0,123,19,0,0,0,0,4,4,33,0,20,1,0,0,0,179,1,0
C:\Users\All Five Projects\spring-batch-main\spring-batch-core\src\main\java\org\springframework\batch\core\step\NoSuchStepException.java,org.springframework.batch.core.step.NoSuchStepException,class,0,4,4,0,1,4,0,0,0,0.0,NaN,NaN,1,0,1,0,0,0,1,0,0,0,0,0,0,0,0,0,0,0,0,5,0,0,0,0,0,0,0,0,0,0,0,0,0,0,30,1,0
C:\Users\All Five Projects\spring-batch-main\spring-batch-infrastructure\src\test\java\org\springframework\batch\item\database\RepositoryItemReaderIntegrationTests.java,org.springframework.batch.item.database.RepositoryItemReaderIntegrationTests,class,9,9,0,9,6,1,0,12,0,0.33333334,1.0,1.0,6,0,0,0,0,6,6,0,0,0,2,1,0,2,0,0,1,0,0,60,0,0,0,0,0,27,21,13,0,14,0,0,0,0,42,0,0
C:\Users\All Five Projects\spring-batch-main\spring-batch-infrastructure\src\test\java\org\springframework\batch\container\jms\BatchMessageListenerContainer.java,org.springframework.batch.container.jms.BatchMessageListenerContainer$ContainerDelegate,interface,2,2,0,2,1,1,0,0,0,0.0,NaN,NaN,1,0,0,0,0,1,1,0,0,0,0,0,0,0,0,0,0,0,0,3,0,0,0,0,0,0,0,0,0,0,0,0,0,0,16,1,0
C:\Users\All Five Projects\spring-batch-main\spring-batch-core\src\test\java\org\springframework\batch\core\configuration\support\GenericApplicationContextFactoryTests.java,org.springframework.batch.core.configuration.support.GenericApplicationContextFactoryTests$ParentContext,innerclass,3,3,0,3,1,1,0,0,0,0.0,NaN,NaN,1,0,1,0,0,0,1,0,0,0,0,0,0,0,0,0,0,0,0,4,0,0,0,0,0,0,0,0,0,0,0,0,0,0,8,9,0
C:\Users\All Five Projects\spring-batch-main\spring-batch-core\src\test\java\org\springframework\batch\core\test\ldif\MappingLdifReaderTests.java,org.springframework.batch.core.test.ldif.MappingLdifReaderTests,class,14,15,1,14,8,1,0,16,0,0.6333334,0.6666667,1.0,5,0,1,1,0,3,4,0,0,0,6,1,0,6,0,0,3,0,0,45,1,1,2,0,1,14,1,14,1,14,2,0,0,0,60,1,0
C:\Users\All Five Projects\spring-batch-main\spring-batch-test\src\test\java\org\springframework\batch\test\SpringBatchTestJUnit4Tests.java,org.springframework.batch.test.SpringBatchTestJUnit4Tests,class,12,12,0,12,5,1,0,10,10,0.8,0.0,0.0,5,0,5,0,0,0,5,0,0,0,4,0,0,4,0,0,0,0,2,48,2,0,0,0,0,8,0,3,0,7,0,0,1,0,30,1,0
C:\Users\All Five Projects\spring-batch-main\spring-batch-core\src\main\java\org\springframework\batch\core\job\flow\support\SimpleFlow.java,org.springframework.batch.core.job.flow.support.SimpleFlow,class,11,15,4,11,48,1,0,36,60,0.8035714,0.16483517,0.31868133,16,0,10,2,4,0,14,0,0,1,7,1,0,7,0,0,4,0,4,161,11,4,11,1,2,17,1,38,4,26,3,0,0,0,127,1,3
C:\Users\All Five Projects\spring-batch-main\spring-batch-core\src\test\java\org\springframework\batch\core\configuration\xml\DummyJobRepository.java,org.springframework.batch.core.configuration.xml.DummyJobRepository,class,7,11,4,7,15,1,0,0,103,0.8666667,0.00952381,0.00952381,15,0,15,0,0,0,15,0,0,0,1,0,0,1,0,0,0,0,0,42,8,0,0,0,0,0,1,1,0,1,0,0,0,0,39,1,0
C:\Users\All Five Projects\spring-batch-main\spring-batch-infrastructure\src\main\java\org\springframework\batch\item\file\mapping\RecordFieldSetMapper.java,org.springframework.batch.item.file.mapping.RecordFieldSetMapper,class,6,7,1,6,8,1,0,11,1,0.33333334,0.33333334,0.33333334,3,0,3,0,0,0,3,0,0,0,4,0,0,4,0,0,2,0,0,31,1,1,3,0,0,2,3,10,0,8,2,0,0,0,69,1,0
C:\Users\All Five Projects\spring-batch-main\spring-batch-core\src\test\java\org\springframework\batch\core\resource\Foo.java,org.springframework.batch.core.resource.Foo,class,1,4,3,1,20,1,0,3,0,0.45454547,0.6,0.8181818,11,0,11,0,0,0,11,0,0,0,3,0,0,3,0,0,0,0,0,68,13,0,8,0,2,4,3,12,7,6,2,0,0,0,27,1,0
C:\Users\All Five Projects\spring-batch-main\spring-batch-infrastructure\src\main\java\org\springframework\batch\item\ItemStream.java,org.springframework.batch.item.ItemStream,interface,1,17,16,1,3,1,0,0,3,0.0,0.0,0.0,3,0,0,0,0,3,3,0,0,0,0,0,0,0,0,0,0,0,0,8,0,0,0,0,0,0,0,0,0,0,0,0,0,0,78,1,0
C:\Users\All Five Projects\spring-batch-main\spring-batch-infrastructure\src\test\java\org\springframework\batch\item\file\mapping\PropertyMatchesTests.java,org.springframework.batch.item.file.mapping.PropertyMatchesTests$PropertyBean,innerclass,1,1,0,1,3,2,0,0,3,0.0,0.0,0.0,3,0,3,0,0,0,3,0,0,0,0,0,0,0,0,0,0,0,0,8,0,0,0,0,0,0,0,0,0,0,0,0,0,0,9,10,0
C:\Users\All Five Projects\spring-batch-main\spring-batch-core\src\test\java\org\springframework\batch\core\step\item\FaultTolerantStepFactoryBeanTests.java,org.springframework.batch.core.step.item.FaultTolerantStepFactoryBeanTests,class,46,47,1,46,42,3,0,90,0,0.62250006,0.6806723,0.68235296,40,0,1,5,0,34,35,0,0,0,10,0,0,9,1,0,4,0,11,600,4,2,0,0,0,121,87,70,2,73,1,7,3,3,173,1,0
C:\Users\All Five Projects\spring-batch-main\spring-batch-infrastructure\src\main\java\org\springframework\batch\item\file\transform\FieldExtractor.java,org.springframework.batch.item.file.transform.FieldExtractor,interface,1,6,5,1,1,1,0,0,0,0.0,NaN,NaN,1,0,0,0,0,1,1,0,0,0,0,0,0,0,0,0,0,0,0,3,0,0,0,0,0,0,0,0,0,0,0,0,0,0,24,1,0
C:\Users\All Five Projects\spring-batch-main\spring-batch-infrastructure\src\test\java\org\springframework\batch\support\SimpleMethodInvokerTests.java,org.springframework.batch.support.SimpleMethodInvokerTests,class,6,6,0,6,9,1,0,6,0,0.22222222,1.0,1.0,9,0,0,0,0,9,9,0,0,0,2,0,0,0,0,2,0,0,0,67,0,0,0,0,0,10,0,15,0,14,0,0,1,2,32,0,0
C:\Users\All Five Projects\spring-batch-main\spring-batch-infrastructure\src\main\java\org\springframework\batch\item\jms\JmsItemWriter.java,org.springframework.batch.item.jms.JmsItemWriter,class,6,8,2,6,5,1,0,9,0,0.25,1.0,1.0,2,0,2,0,0,0,2,0,0,0,2,0,0,1,1,0,0,0,0,18,0,1,2,0,0,3,0,2,1,2,1,0,0,0,65,1,1
C:\Users\All Five Projects\spring-batch-main\spring-batch-infrastructure\src\test\java\org\springframework\batch\item\file\mapping\BeanWrapperFieldSetMapperTests.java,org.springframework.batch.item.file.mapping.BeanWrapperFieldSetMapperTests$TestObject,innerclass,0,0,0,0,24,1,0,1,231,0.9130436,0.04347826,0.04347826,23,0,23,0,0,0,23,0,0,0,11,0,0,0,0,11,0,0,0,81,11,0,1,0,0,0,0,11,0,11,0,0,0,0,20,9,0
C:\Users\All Five Projects\spring-batch-main\spring-batch-samples\src\main\java\org\springframework\batch\samples\domain\trade\internal\CustomerCreditFieldSetMapper.java,org.springframework.batch.samples.domain.trade.internal.CustomerCreditFieldSetMapper,class,3,4,1,3,1,1,0,6,0,0.0,NaN,NaN,1,0,1,0,0,0,1,0,0,0,3,3,3,0,0,0,3,0,0,12,1,0,0,0,0,0,3,4,0,4,0,0,0,0,23,1,0
C:\Users\All Five Projects\spring-batch-main\spring-batch-infrastructure\src\main\java\org\springframework\batch\item\support\builder\CompositeItemWriterBuilder.java,org.springframework.batch.item.support.builder.CompositeItemWriterBuilder,class,4,5,1,4,4,1,0,6,0,0.375,0.6666667,1.0,4,0,4,0,0,0,4,0,1,0,2,0,0,2,0,0,0,0,1,23,4,0,0,0,0,3,0,4,0,3,0,0,0,0,65,1,0
C:\Users\All Five Projects\spring-batch-main\spring-batch-infrastructure\src\test\java\org\springframework\batch\repeat\support\SimpleRepeatTemplateTests.java,org.springframework.batch.repeat.support.SimpleRepeatTemplateTests$1ExceptionHandlerStub,innerclass,2,2,0,2,1,1,0,1,0,0.0,NaN,NaN,1,0,1,0,0,0,1,0,0,0,1,0,0,0,0,1,0,0,0,8,0,0,0,0,0,0,0,2,0,1,0,0,0,0,13,0,0
C:\Users\All Five Projects\spring-batch-main\spring-batch-core\src\main\java\org\springframework\batch\core\JobParametersIncrementer.java,org.springframework.batch.core.JobParametersIncrementer,interface,2,11,9,2,1,1,0,0,0,0.0,NaN,NaN,1,0,0,0,0,1,1,0,0,0,0,0,0,0,0,0,0,0,0,3,0,0,0,0,0,0,0,0,0,0,0,0,0,0,44,1,0
C:\Users\All Five Projects\spring-batch-main\spring-batch-infrastructure\src\main\java\org\springframework\batch\item\data\builder\MongoItemReaderBuilder.java,org.springframework.batch.item.data.builder.MongoItemReaderBuilder,class,7,9,2,7,20,1,0,19,84,0.86160713,0.15,1.0,16,0,16,0,0,0,16,0,0,0,14,0,0,0,14,0,0,0,1,102,16,0,2,0,0,6,1,19,0,15,1,0,0,0,153,1,0
C:\Users\All Five Projects\spring-batch-main\spring-batch-core\src\main\java\org\springframework\batch\core\configuration\xml\BeanDefinitionUtils.java,org.springframework.batch.core.configuration.xml.BeanDefinitionUtils,class,2,3,1,2,3,1,0,4,3,0.0,0.0,0.0,3,2,2,1,0,0,2,0,0,0,0,0,0,0,0,0,0,0,0,10,2,0,0,0,0,0,0,0,0,0,0,0,0,0,34,1025,0
C:\Users\All Five Projects\spring-batch-main\spring-batch-infrastructure\src\test\java\org\springframework\batch\item\xml\StaxEventItemReaderTests.java,org.springframework.batch.item.xml.StaxEventItemReaderTests$Anonymous2,anonymous,1,1,0,1,2,1,0,3,0,0.0,NaN,NaN,1,0,1,0,0,0,1,0,0,0,0,0,0,0,0,0,0,0,1,13,1,0,0,1,0,0,0,1,0,1,1,0,0,0,15,-1,0
C:\Users\All Five Projects\spring-batch-main\spring-batch-infrastructure\src\test\java\org\springframework\batch\item\xml\StaxEventItemReaderTests.java,org.springframework.batch.item.xml.StaxEventItemReaderTests$Anonymous1,anonymous,0,0,0,0,3,1,0,0,3,0.0,0.0,0.0,3,0,3,0,0,0,3,0,0,0,0,0,0,0,0,0,0,0,0,11,2,0,0,0,0,0,0,0,0,0,0,0,0,0,10,-1,0
C:\Users\All Five Projects\spring-batch-main\spring-batch-core\src\test\java\org\springframework\batch\core\configuration\annotation\StepScopeConfigurationTests.java,org.springframework.batch.core.configuration.annotation.StepScopeConfigurationTests,class,23,24,1,23,15,1,0,18,0,0.35714287,0.9010989,1.0,14,0,2,0,0,12,14,0,0,0,2,0,0,2,0,0,0,0,1,178,0,0,1,0,0,28,4,27,1,21,1,0,11,3,66,1,0
C:\Users\All Five Projects\spring-batch-main\spring-batch-core\src\main\java\org\springframework\batch\core\repository\dao\DefaultExecutionContextSerializer.java,org.springframework.batch.core.repository.dao.DefaultExecutionContextSerializer,class,1,6,5,1,6,1,0,12,1,0.0,0.0,0.0,2,0,2,0,0,0,2,0,0,0,0,0,0,0,0,0,0,0,2,31,1,1,0,2,1,10,1,5,1,5,2,0,0,0,71,1,0
C:\Users\All Five Projects\spring-batch-main\spring-batch-core\src\test\java\org\springframework\batch\core\partition\support\RemoteStepExecutionAggregatorTests.java,org.springframework.batch.core.partition.support.RemoteStepExecutionAggregatorTests,class,12,12,0,12,5,1,0,19,0,0.28000003,1.0,1.0,5,0,0,0,0,5,5,0,0,0,5,0,0,5,0,0,1,0,2,46,0,0,0,0,0,7,0,11,0,10,0,0,0,1,51,0,0
C:\Users\All Five Projects\spring-batch-main\spring-batch-core\src\test\java\org\springframework\batch\core\step\skip\NonSkippableWriteExceptionTests.java,org.springframework.batch.core.step.skip.NonSkippableWriteExceptionTests,class,2,2,0,2,1,2,0,0,0,0.0,NaN,NaN,1,0,1,0,0,0,1,0,0,0,0,0,0,0,0,0,0,0,0,5,1,0,0,0,0,0,0,0,0,0,0,0,0,0,13,1,0
C:\Users\All Five Projects\spring-batch-main\spring-batch-infrastructure\src\main\java\org\springframework\batch\item\database\support\DataFieldMaxValueIncrementerFactory.java,org.springframework.batch.item.database.support.DataFieldMaxValueIncrementerFactory,interface,1,3,2,1,3,1,0,0,3,0.0,0.0,0.0,3,0,0,0,0,3,3,0,0,0,0,0,0,0,0,0,0,0,0,5,0,0,0,0,0,0,0,0,0,0,0,0,0,0,60,1,0
C:\Users\All Five Projects\spring-batch-main\spring-batch-integration\src\main\java\org\springframework\batch\integration\chunk\MessageSourcePollerInterceptor.java,org.springframework.batch.integration.chunk.MessageSourcePollerInterceptor,class,7,8,1,7,10,1,0,6,1,0.6111111,0.46666667,0.6666667,6,0,6,0,0,0,6,0,0,0,3,1,0,3,0,0,1,0,0,33,2,0,3,0,0,3,0,6,1,4,2,0,0,0,86,1,1
C:\Users\All Five Projects\spring-batch-main\spring-batch-infrastructure\src\main\java\org\springframework\batch\item\jms\builder\JmsItemWriterBuilder.java,org.springframework.batch.item.jms.builder.JmsItemWriterBuilder,class,4,5,1,4,2,1,0,2,0,0.0,1.0,1.0,2,0,2,0,0,0,2,0,0,0,1,0,0,1,0,0,0,0,0,13,2,0,0,0,0,1,0,2,0,2,0,0,0,0,29,1,0
C:\Users\All Five Projects\spring-batch-main\spring-batch-infrastructure\src\test\java\org\springframework\batch\item\validator\ValidationExceptionTests.java,org.springframework.batch.item.validator.ValidationExceptionTests,class,2,2,0,2,2,2,0,0,1,0.0,0.0,0.0,2,0,0,0,2,0,2,0,0,0,0,0,0,0,0,0,0,0,0,8,2,0,0,0,0,0,0,0,0,0,0,0,0,0,8,0,0
C:\Users\All Five Projects\spring-batch-main\spring-batch-infrastructure\src\main\java\org\springframework\batch\item\database\JpaItemWriter.java,org.springframework.batch.item.database.JpaItemWriter,class,8,12,4,8,16,1,0,13,5,0.6666667,0.33333334,0.46666667,6,0,5,0,1,0,6,0,0,0,4,1,0,3,1,0,1,0,0,52,0,1,2,0,2,8,1,8,4,6,4,0,0,0,125,1,3
C:\Users\All Five Projects\spring-batch-main\spring-batch-infrastructure\src\test\java\org\springframework\batch\item\data\MongoItemWriterTests.java,org.springframework.batch.item.data.MongoItemWriterTests$Item,innerclass,0,0,0,0,2,1,0,0,1,0.5,0.0,0.0,2,0,2,0,0,0,2,0,0,0,2,0,0,0,0,2,0,0,0,10,0,0,0,0,0,0,0,2,0,2,0,0,0,0,4,8,0
C:\Users\All Five Projects\spring-batch-main\spring-batch-integration\src\test\java\org\springframework\batch\integration\partition\ExampleItemReader.java,org.springframework.batch.integration.partition.ExampleItemReader,class,6,8,2,6,7,1,0,6,0,0.5,1.0,1.0,3,0,3,0,0,0,3,0,0,0,4,1,1,3,0,0,2,0,2,29,2,0,1,0,0,13,3,6,0,4,3,0,0,0,31,1,2
C:\Users\All Five Projects\spring-batch-main\spring-batch-core\src\test\java\org\springframework\batch\core\configuration\xml\StopAndRestartJobParserTests.java,org.springframework.batch.core.configuration.xml.StopAndRestartJobParserTests,class,5,5,0,5,1,2,0,12,0,0.0,NaN,NaN,1,0,0,0,0,1,1,0,0,0,0,0,0,0,0,0,0,0,0,23,0,0,0,0,0,4,2,4,0,3,0,0,0,0,25,0,0
C:\Users\All Five Projects\spring-batch-main\spring-batch-infrastructure\src\test\java\org\springframework\batch\item\data\builder\MongoItemWriterBuilderTests.java,org.springframework.batch.item.data.builder.MongoItemWriterBuilderTests,class,18,18,0,18,5,1,0,24,0,0.43333337,0.6,0.6,5,0,0,0,0,5,5,0,0,0,6,0,0,5,0,1,0,0,0,55,0,0,0,0,0,5,9,8,0,11,0,0,1,1,52,0,0
C:\Users\All Five Projects\spring-batch-main\spring-batch-infrastructure\src\main\java\org\springframework\batch\item\support\AbstractFileItemWriter.java,org.springframework.batch.item.support.AbstractFileItemWriter$OutputState$Anonymous1,anonymous,0,0,0,0,2,1,0,2,0,0.0,NaN,NaN,1,0,1,0,0,0,1,0,0,0,0,0,0,0,0,0,0,0,0,8,0,0,0,0,0,0,0,0,0,0,1,0,0,0,7,-1,0
C:\Users\All Five Projects\spring-batch-main\spring-batch-infrastructure\src\test\java\org\springframework\batch\item\support\builder\SynchronizedItemStreamWriterBuilderTests.java,org.springframework.batch.item.support.builder.SynchronizedItemStreamWriterBuilderTests,class,4,4,0,4,2,2,0,5,1,0.0,0.0,0.0,2,0,0,0,1,1,2,0,0,0,0,0,0,0,0,0,0,0,0,10,1,0,0,0,0,1,0,2,0,2,0,0,0,0,26,0,0
C:\Users\All Five Projects\spring-batch-main\spring-batch-integration\src\test\java\org\springframework\batch\integration\retry\SimpleRecoverer.java,org.springframework.batch.integration.retry.SimpleRecoverer,class,2,4,2,2,3,1,0,4,0,0.25,1.0,1.0,2,0,2,0,0,0,2,0,0,0,2,0,0,2,0,0,2,0,0,16,3,0,1,0,0,1,1,3,1,3,1,0,0,0,22,17,1
C:\Users\All Five Projects\spring-batch-main\spring-batch-samples\src\main\java\org\springframework\batch\samples\common\StagingItemWriter.java,org.springframework.batch.samples.common.StagingItemWriter$Anonymous1,anonymous,0,0,0,0,3,1,0,11,1,0.0,0.0,0.0,2,0,2,0,0,0,2,0,0,0,0,0,0,0,0,0,0,0,0,12,1,0,1,0,0,1,4,0,0,0,0,0,0,0,19,-1,0
C:\Users\All Five Projects\spring-batch-main\spring-batch-samples\src\test\java\org\springframework\batch\samples\misc\quartz\JobLauncherDetailsTests.java,org.springframework.batch.samples.misc.quartz.JobLauncherDetailsTests$StubJobExecutionContext,innerclass,1,1,0,1,1,2,0,1,0,0.0,-1.0,-1.0,1,0,0,1,0,0,0,0,0,0,0,0,0,0,0,0,0,0,0,5,0,0,0,0,0,0,0,0,0,0,0,0,0,0,6,18,0
C:\Users\All Five Projects\spring-batch-main\spring-batch-samples\src\main\java\org\springframework\batch\samples\file\multilineaggregate\AggregateItemReader.java,org.springframework.batch.samples.file.multilineaggregate.AggregateItemReader,class,6,7,1,6,9,1,0,12,1,0.5,1.0,1.0,3,0,2,1,0,0,2,0,0,0,2,1,0,2,0,0,1,0,0,55,6,1,1,0,0,4,0,3,1,3,1,0,1,0,81,1,4
C:\Users\All Five Projects\spring-batch-main\spring-batch-core\src\main\java\org\springframework\batch\core\repository\persistence\JobExecution.java,org.springframework.batch.core.repository.persistence.JobExecution,class,5,9,4,5,25,1,0,0,232,0.8833334,0.11333334,0.92,25,0,25,0,0,0,25,0,0,0,12,0,0,12,0,0,0,0,0,88,13,0,0,0,0,13,0,13,2,12,0,0,0,0,37,1,0
C:\Users\All Five Projects\spring-batch-main\spring-batch-infrastructure\src\test\java\org\springframework\batch\repeat\support\TaskExecutorRepeatTemplateBulkAsynchronousTests.java,org.springframework.batch.repeat.support.TaskExecutorRepeatTemplateBulkAsynchronousTests,class,10,12,2,10,16,1,0,21,0,0.5555555,0.8055556,1.0,10,0,0,1,0,9,9,0,0,0,9,1,0,8,0,1,1,0,7,126,0,0,0,0,0,2,28,27,9,19,1,2,0,2,113,0,0
C:\Users\All Five Projects\spring-batch-main\spring-batch-samples\src\main\java\org\springframework\batch\samples\amqp\MessageProcessor.java,org.springframework.batch.samples.amqp.MessageProcessor,class,2,3,1,2,1,1,0,0,0,0.0,NaN,NaN,1,0,1,0,0,0,1,0,0,0,0,0,0,0,0,0,0,0,0,5,1,0,0,0,0,2,0,0,1,0,0,0,0,0,16,1,0
C:\Users\All Five Projects\spring-batch-main\spring-batch-core\src\test\java\org\springframework\batch\core\configuration\xml\PartitionStepParserTests.java,org.springframework.batch.core.configuration.xml.PartitionStepParserTests$CustomStepExecutionAggregator,innerclass,2,2,0,2,1,1,0,3,0,0.0,NaN,NaN,1,0,1,0,0,0,1,0,0,0,0,0,0,0,0,0,0,0,0,5,0,0,0,0,0,2,0,0,0,0,0,0,0,0,6,9,0
C:\Users\All Five Projects\spring-batch-main\spring-batch-test\src\test\java\org\springframework\batch\test\MetaDataInstanceFactoryTests.java,org.springframework.batch.test.MetaDataInstanceFactoryTests,class,4,4,0,4,10,1,0,13,23,0.7714286,0.24444444,0.46666667,10,0,0,0,0,10,10,0,0,0,7,0,0,7,0,0,7,0,11,39,0,0,0,0,0,3,3,7,0,7,0,0,0,0,32,0,0
C:\Users\All Five Projects\spring-batch-main\spring-batch-core\src\main\java\org\springframework\batch\core\step\item\BatchRetryTemplate.java,org.springframework.batch.core.step.item.BatchRetryTemplate$BatchRetryState,innerclass,2,2,0,2,1,2,0,0,0,0.0,NaN,NaN,1,0,1,0,0,0,1,0,0,0,1,0,0,1,0,0,1,0,0,7,0,0,0,0,0,0,0,1,0,1,0,0,0,0,5,10,0
C:\Users\All Five Projects\spring-batch-main\spring-batch-core\src\main\java\org\springframework\batch\core\repository\support\JobRepositoryFactoryBean.java,org.springframework.batch.core.repository.support.JobRepositoryFactoryBean,class,34,38,4,34,37,2,0,39,102,0.8299319,0.2748538,1.0,21,0,15,2,4,0,19,0,0,0,14,1,0,13,1,0,1,0,0,170,8,1,13,0,0,11,0,35,5,21,2,0,0,1,228,1,1
C:\Users\All Five Projects\spring-batch-main\spring-batch-integration\src\test\java\org\springframework\batch\integration\SmokeTests.java,org.springframework.batch.integration.SmokeTests,class,7,7,0,7,3,1,0,5,1,0.5,0.0,0.0,2,0,0,0,0,2,2,0,0,0,2,0,0,2,0,0,0,0,0,22,0,0,1,0,0,3,2,2,0,4,0,0,1,0,23,0,0
C:\Users\All Five Projects\spring-batch-main\spring-batch-samples\src\main\java\org\springframework\batch\samples\common\OutputFileListener.java,org.springframework.batch.samples.common.OutputFileListener,class,3,3,0,3,6,1,0,7,0,0.5,0.5,1.0,4,0,4,0,0,0,4,0,0,0,3,0,0,3,0,0,0,0,0,24,0,0,0,0,0,6,0,9,1,5,1,0,0,0,21,1,0
C:\Users\All Five Projects\spring-batch-main\spring-batch-samples\src\main\java\org\springframework\batch\samples\file\multilineaggregate\AggregateItem.java,org.springframework.batch.samples.file.multilineaggregate.AggregateItem$Anonymous2,anonymous,0,0,0,0,1,1,0,0,0,0.0,NaN,NaN,1,0,1,0,0,0,1,0,0,0,0,0,0,0,0,0,0,0,0,5,0,0,0,0,0,1,0,0,0,0,0,0,0,0,9,-1,0
C:\Users\All Five Projects\spring-batch-main\spring-batch-infrastructure\src\test\java\org\springframework\batch\item\database\builder\StoredProcedureItemReaderBuilderTests.java,org.springframework.batch.item.database.builder.StoredProcedureItemReaderBuilderTests,class,6,6,0,6,2,1,0,26,0,0.0,1.0,1.0,2,0,0,0,0,2,2,0,0,0,1,0,0,1,0,0,1,0,0,34,0,0,0,0,0,20,13,12,0,6,0,0,0,0,56,0,0
C:\Users\All Five Projects\spring-batch-main\spring-batch-samples\src\main\java\org\springframework\batch\samples\file\multilineaggregate\AggregateItem.java,org.springframework.batch.samples.file.multilineaggregate.AggregateItem$Anonymous1,anonymous,0,0,0,0,1,1,0,0,0,0.0,NaN,NaN,1,0,1,0,0,0,1,0,0,0,0,0,0,0,0,0,0,0,0,5,0,0,0,0,0,1,0,0,0,0,0,0,0,0,9,-1,0
C:\Users\All Five Projects\spring-batch-main\spring-batch-integration\src\test\java\org\springframework\batch\integration\partition\JmsIntegrationTests.java,org.springframework.batch.integration.partition.JmsIntegrationTests,class,11,11,0,11,3,1,0,18,0,0.375,1.0,1.0,2,0,0,0,0,2,2,0,0,0,4,0,0,4,0,0,1,0,1,24,0,1,0,0,0,0,8,6,2,8,1,0,0,0,32,0,1
C:\Users\All Five Projects\spring-batch-main\spring-batch-test\src\test\java\org\springframework\batch\test\context\BatchTestContextCustomizerFactoryTests.java,org.springframework.batch.test.context.BatchTestContextCustomizerFactoryTests,class,10,10,0,10,2,1,0,4,0,0.0,1.0,1.0,2,0,0,0,0,2,2,0,0,0,1,0,0,1,0,0,1,0,2,20,0,0,0,0,0,0,0,6,0,6,0,0,2,0,28,0,0
C:\Users\All Five Projects\spring-batch-main\spring-batch-integration\src\test\java\org\springframework\batch\integration\chunk\MessageSourcePollerInterceptorTests.java,org.springframework.batch.integration.chunk.MessageSourcePollerInterceptorTests$TestMessageSource,innerclass,3,3,0,3,2,1,0,0,0,0.0,1.0,1.0,2,0,2,0,0,0,2,0,0,0,1,0,0,1,0,0,1,0,0,10,1,0,0,0,0,0,0,1,0,1,0,0,0,0,5,10,0
C:\Users\All Five Projects\spring-batch-main\spring-batch-core\src\test\java\org\springframework\batch\core\scope\JobScopeIntegrationTests.java,org.springframework.batch.core.scope.JobScopeIntegrationTests,class,10,10,0,10,12,1,0,14,17,0.8095238,0.0952381,0.14285715,7,0,0,0,0,7,7,0,0,0,6,1,0,6,0,0,1,0,15,61,0,0,0,0,2,24,11,9,0,14,0,0,0,0,46,0,0
C:\Users\All Five Projects\spring-batch-main\spring-batch-core\src\test\java\org\springframework\batch\core\step\job\DefaultJobParametersExtractorJobParametersTests.java,org.springframework.batch.core.step.job.DefaultJobParametersExtractorJobParametersTests,class,10,11,1,10,9,1,0,19,0,0.4375,1.0,1.0,8,0,0,1,0,7,7,0,0,0,2,0,0,2,0,0,2,0,1,59,1,1,0,0,0,34,8,18,0,18,1,0,0,0,41,0,0
C:\Users\All Five Projects\spring-batch-main\spring-batch-infrastructure\src\main\java\org\springframework\batch\item\file\transform\ExtractorLineAggregator.java,org.springframework.batch.item.file.transform.ExtractorLineAggregator,class,5,8,3,5,5,1,0,3,1,0.33333334,0.33333334,0.33333334,3,0,2,0,1,0,3,1,0,0,1,0,0,1,0,0,0,0,0,21,1,1,1,0,0,2,1,7,0,4,2,0,0,0,71,1025,0
C:\Users\All Five Projects\spring-batch-main\spring-batch-core\src\main\java\org\springframework\batch\core\listener\StepListenerMetaData.java,org.springframework.batch.core.listener.StepListenerMetaData,enum,29,34,5,29,12,1,0,4,31,0.7833333,0.12727273,0.38181818,10,4,9,0,0,1,11,0,0,0,6,1,0,6,0,0,6,0,1,47,9,1,0,0,0,34,0,6,0,6,1,0,0,0,75,1,0
C:\Users\All Five Projects\spring-batch-main\spring-batch-core\src\test\java\org\springframework\batch\core\configuration\xml\JobExecutionListenerParserTests.java,org.springframework.batch.core.configuration.xml.JobExecutionListenerParserTests$TestComponent,innerclass,3,3,0,3,2,1,0,0,1,0.0,0.0,0.0,2,0,2,0,0,0,2,0,0,0,0,0,0,0,0,0,0,0,0,8,0,0,0,0,0,0,0,2,0,0,0,0,0,0,9,9,0
C:\Users\All Five Projects\spring-batch-main\spring-batch-core\src\main\java\org\springframework\batch\core\step\builder\SimpleStepBuilder.java,org.springframework.batch.core.step.builder.SimpleStepBuilder,class,37,43,6,37,55,3,0,32,240,0.85,0.1965812,0.7207977,28,0,14,1,13,0,27,0,0,0,10,1,0,10,0,0,1,0,0,192,24,3,10,0,1,9,7,32,1,19,3,0,0,0,216,1,1
C:\Users\All Five Projects\spring-batch-main\spring-batch-core\src\test\java\org\springframework\batch\core\configuration\xml\StepParserStepFactoryBeanTests.java,org.springframework.batch.core.configuration.xml.StepParserStepFactoryBeanTests,class,30,31,1,30,15,1,0,40,91,0.0,0.0,0.0,14,0,0,1,0,13,13,0,0,0,0,0,0,0,0,0,0,0,0,246,1,1,0,0,0,32,23,41,0,41,1,10,0,0,80,0,0
C:\Users\All Five Projects\spring-batch-main\spring-batch-infrastructure\src\main\java\org\springframework\batch\item\support\builder\SynchronizedItemStreamReaderBuilder.java,org.springframework.batch.item.support.builder.SynchronizedItemStreamReaderBuilder,class,4,5,1,4,2,1,0,2,0,0.0,1.0,1.0,2,0,2,0,0,0,2,0,0,0,1,0,0,1,0,0,0,0,0,13,2,0,0,0,0,1,0,2,0,2,0,0,0,0,35,1,0
C:\Users\All Five Projects\spring-batch-main\spring-batch-core\src\test\java\org\springframework\batch\core\scope\context\JobSynchronizationManagerTests.java,org.springframework.batch.core.scope.context.JobSynchronizationManagerTests,class,5,5,0,5,8,1,0,16,1,0.2857143,0.47619048,0.47619048,7,0,0,0,0,7,7,0,0,0,1,0,0,1,0,0,1,0,1,63,1,1,1,1,0,6,5,9,0,9,2,0,0,3,35,0,0
C:\Users\All Five Projects\spring-batch-main\spring-batch-core\src\test\java\org\springframework\batch\core\step\item\FaultTolerantStepFactoryBeanTests.java,org.springframework.batch.core.step.item.FaultTolerantStepFactoryBeanTests$1TestItemListenerWriter,innerclass,10,10,0,10,17,1,0,3,120,0.0,0.0,0.0,16,0,16,0,0,0,16,0,0,0,0,0,0,0,0,0,0,0,0,43,0,0,0,0,0,2,6,0,0,0,1,0,0,0,27,0,0
C:\Users\All Five Projects\spring-batch-main\spring-batch-integration\src\test\java\org\springframework\batch\integration\launch\JobLaunchingGatewayIntegrationTests.java,org.springframework.batch.integration.launch.JobLaunchingGatewayIntegrationTests,class,20,20,0,20,6,1,0,19,0,0.48000002,1.0,1.0,5,0,0,0,0,5,5,0,0,0,5,0,0,5,0,0,1,0,0,57,0,1,1,0,0,25,5,23,2,26,1,0,0,2,61,0,0
C:\Users\All Five Projects\spring-batch-main\spring-batch-infrastructure\src\test\java\org\springframework\batch\item\database\builder\JdbcBatchItemWriterBuilderTests.java,org.springframework.batch.item.database.builder.JdbcBatchItemWriterBuilderTests,class,17,18,1,17,13,1,0,27,0,0.5416666,0.8055556,1.0,12,0,0,3,0,9,9,0,0,0,2,0,0,2,0,0,0,0,0,147,1,0,1,0,0,45,17,28,0,24,1,0,2,2,103,0,0
C:\Users\All Five Projects\spring-batch-main\spring-batch-core\src\test\java\org\springframework\batch\core\step\RestartLoopTests.java,org.springframework.batch.core.step.RestartLoopTests,class,8,8,0,8,1,1,0,3,0,0.0,NaN,NaN,1,0,0,0,0,1,1,0,0,0,2,0,0,2,0,0,0,0,0,15,0,0,0,0,0,0,0,2,0,4,0,0,1,0,16,0,0
C:\Users\All Five Projects\spring-batch-main\spring-batch-infrastructure\src\main\java\org\springframework\batch\item\file\transform\PatternMatchingCompositeLineTokenizer.java,org.springframework.batch.item.file.transform.PatternMatchingCompositeLineTokenizer,class,5,6,1,5,4,1,0,5,0,0.0,1.0,1.0,3,0,3,0,0,0,3,0,0,0,1,0,0,1,0,0,0,0,0,13,1,0,1,0,0,2,0,2,0,1,0,0,0,0,61,1,0
C:\Users\All Five Projects\spring-batch-main\spring-batch-infrastructure\src\test\java\org\springframework\batch\item\database\AbstractDatabaseItemStreamItemReaderTests.java,org.springframework.batch.item.database.AbstractDatabaseItemStreamItemReaderTests,class,11,15,4,11,7,3,3,10,4,0.4,0.3,0.3,5,0,0,0,4,1,5,0,0,0,1,0,0,0,1,0,0,0,0,28,1,1,1,0,2,2,3,5,0,4,1,0,0,0,42,1025,0
C:\Users\All Five Projects\spring-batch-main\spring-batch-core\src\main\java\org\springframework\batch\core\repository\persistence\converter\JobParameterConverter.java,org.springframework.batch.core.repository.persistence.converter.JobParameterConverter,class,3,4,1,3,3,1,0,8,1,0.0,0.0,0.0,2,0,2,0,0,0,2,0,0,0,0,0,0,0,0,0,0,0,1,13,2,0,0,1,0,0,0,0,0,0,1,0,0,0,15,1,0
C:\Users\All Five Projects\spring-batch-main\spring-batch-core\src\main\java\org\springframework\batch\core\configuration\support\MapStepRegistry.java,org.springframework.batch.core.configuration.support.MapStepRegistry,class,5,6,1,5,7,1,0,7,0,0.0,1.0,1.0,3,0,3,0,0,0,3,0,0,0,1,0,0,1,0,0,1,0,0,35,1,1,1,0,0,12,0,4,3,4,2,0,0,0,54,1,0
C:\Users\All Five Projects\spring-batch-main\spring-batch-core\src\test\java\org\springframework\batch\core\listener\ItemListenerErrorTests.java,org.springframework.batch.core.listener.ItemListenerErrorTests$FailingItemProcessor,innerclass,2,2,0,2,3,1,0,0,0,0.0,1.0,1.0,2,0,2,0,0,0,2,0,0,0,1,0,0,1,0,0,0,0,0,14,1,0,0,0,0,1,0,2,0,1,1,0,0,0,15,9,0
C:\Users\All Five Projects\spring-batch-main\spring-batch-core\src\test\java\org\springframework\batch\core\listener\CompositeStepExecutionListenerTests.java,org.springframework.batch.core.listener.CompositeStepExecutionListenerTests$Anonymous2,anonymous,3,3,0,3,1,1,0,1,0,0.0,NaN,NaN,1,0,1,0,0,0,1,0,0,0,0,0,0,0,0,0,0,0,0,6,1,0,0,0,0,1,0,0,0,0,0,0,0,0,6,-1,0
C:\Users\All Five Projects\spring-batch-main\spring-batch-core\src\test\java\org\springframework\batch\core\listener\CompositeStepExecutionListenerTests.java,org.springframework.batch.core.listener.CompositeStepExecutionListenerTests$Anonymous1,anonymous,3,3,0,3,1,1,0,3,0,0.0,NaN,NaN,1,0,1,0,0,0,1,0,0,0,0,0,0,0,0,0,0,0,0,7,1,0,0,0,0,1,0,0,0,0,0,0,0,0,8,-1,0
C:\Users\All Five Projects\spring-batch-main\spring-batch-core\src\main\java\org\springframework\batch\core\step\tasklet\ConfigurableSystemProcessExitCodeMapper.java,org.springframework.batch.core.step.tasklet.ConfigurableSystemProcessExitCodeMapper,class,2,3,1,2,3,1,0,2,0,0.0,1.0,1.0,2,0,2,0,0,0,2,0,0,0,2,1,1,1,0,0,1,0,0,17,2,0,1,0,0,2,0,3,1,3,1,0,0,0,44,1,0
C:\Users\All Five Projects\spring-batch-main\spring-batch-core\src\test\java\org\springframework\batch\core\repository\dao\AbstractExecutionContextSerializerTests.java,org.springframework.batch.core.repository.dao.AbstractExecutionContextSerializerTests,class,8,11,3,8,16,1,2,18,105,0.0,0.0,0.0,15,0,1,0,3,11,15,1,0,0,0,0,0,0,0,0,0,0,0,160,1,1,0,0,0,28,9,28,0,28,1,0,1,1,75,1025,0
C:\Users\All Five Projects\spring-batch-main\spring-batch-core\src\main\java\org\springframework\batch\core\repository\JobRepository.java,org.springframework.batch.core.repository.JobRepository,interface,5,24,19,5,19,1,0,1,171,0.0,0.0,0.0,19,0,0,0,0,19,19,0,0,0,0,0,0,0,0,0,0,0,3,35,3,0,0,0,0,0,0,0,0,0,0,0,0,0,212,1,0
C:\Users\All Five Projects\spring-batch-main\spring-batch-core\src\test\java\org\springframework\batch\core\step\RestartInPriorStepTests.java,org.springframework.batch.core.step.RestartInPriorStepTests$DecidingTasklet,innerclass,6,6,0,6,2,1,0,5,0,0.0,NaN,NaN,1,0,1,0,0,0,1,0,0,0,0,0,0,0,0,0,0,0,0,13,1,0,1,0,0,4,0,1,0,1,1,0,0,0,14,9,0
C:\Users\All Five Projects\spring-batch-main\spring-batch-integration\src\test\java\org\springframework\batch\integration\chunk\TestItemWriter.java,org.springframework.batch.integration.chunk.TestItemWriter,class,5,6,1,5,7,1,0,6,0,0.0,NaN,NaN,1,0,1,0,0,0,1,0,0,0,6,6,5,1,0,0,5,0,2,32,0,1,0,1,0,9,2,6,4,6,3,0,0,0,47,1,1
C:\Users\All Five Projects\spring-batch-main\spring-batch-core\src\test\java\org\springframework\batch\core\configuration\xml\TestTasklet.java,org.springframework.batch.core.configuration.xml.TestTasklet,class,6,8,2,6,3,2,0,0,1,0.33333334,0.33333334,0.33333334,3,0,3,0,0,0,3,0,0,0,1,0,0,1,0,0,0,0,0,13,2,0,0,0,0,0,0,2,0,1,0,0,0,0,19,1,0
C:\Users\All Five Projects\spring-batch-main\spring-batch-core\src\test\java\org\springframework\batch\core\listener\CompositeStepExecutionListenerTests.java,org.springframework.batch.core.listener.CompositeStepExecutionListenerTests$Anonymous4,anonymous,1,1,0,1,1,1,0,1,0,0.0,NaN,NaN,1,0,1,0,0,0,1,0,0,0,0,0,0,0,0,0,0,0,0,5,0,0,0,0,0,1,0,0,0,0,0,0,0,0,4,-1,0
C:\Users\All Five Projects\spring-batch-main\spring-batch-core\src\test\java\org\springframework\batch\core\listener\CompositeStepExecutionListenerTests.java,org.springframework.batch.core.listener.CompositeStepExecutionListenerTests$Anonymous3,anonymous,3,3,0,3,1,1,0,1,0,0.0,NaN,NaN,1,0,1,0,0,0,1,0,0,0,0,0,0,0,0,0,0,0,0,6,1,0,0,0,0,1,0,0,0,0,0,0,0,0,6,-1,0
C:\Users\All Five Projects\spring-batch-main\spring-batch-infrastructure\src\test\java\org\springframework\batch\item\sample\Foo.java,org.springframework.batch.item.sample.Foo,class,4,40,36,4,22,1,0,3,12,0.6923078,0.42307693,0.5769231,13,0,13,0,0,0,13,0,0,0,5,2,2,3,0,0,2,0,0,62,13,0,8,0,2,7,3,14,7,8,2,0,0,0,44,1,0
C:\Users\All Five Projects\spring-batch-main\spring-batch-infrastructure\src\main\java\org\springframework\batch\item\database\orm\JpaNamedQueryProvider.java,org.springframework.batch.item.database.orm.JpaNamedQueryProvider,class,3,3,0,3,5,2,0,4,0,0.25,0.8333333,1.0,4,0,4,0,0,0,4,0,0,0,2,0,0,2,0,0,0,0,0,17,1,0,1,0,0,2,0,2,0,2,0,0,0,0,42,1,0
C:\Users\All Five Projects\spring-batch-main\spring-batch-core\src\test\java\org\springframework\batch\core\step\item\SimpleChunkProviderTests.java,org.springframework.batch.core.step.item.SimpleChunkProviderTests$Anonymous1,anonymous,5,5,0,5,1,1,0,1,0,0.0,NaN,NaN,1,0,0,0,1,0,1,0,0,0,0,0,0,0,0,0,0,0,0,6,0,0,0,0,0,2,0,0,0,0,0,0,0,0,8,-1,0
C:\Users\All Five Projects\spring-batch-main\spring-batch-core\src\main\java\org\springframework\batch\core\scope\context\StepSynchronizationManager.java,org.springframework.batch.core.scope.context.StepSynchronizationManager$Anonymous1,anonymous,2,2,0,2,2,1,0,1,1,0.0,0.0,0.0,2,0,0,0,2,0,2,0,0,0,0,0,0,0,0,0,0,0,0,8,1,0,0,0,0,0,0,0,0,0,0,0,0,0,8,-1,0
C:\Users\All Five Projects\spring-batch-main\spring-batch-infrastructure\src\main\java\org\springframework\batch\item\database\ExtendedConnectionDataSourceProxy.java,org.springframework.batch.item.database.ExtendedConnectionDataSourceProxy,class,7,10,3,7,33,1,0,24,40,0.675,0.36601308,0.39215687,20,0,17,2,1,0,18,0,0,0,4,0,0,4,0,0,1,0,1,170,14,0,4,5,0,5,0,18,1,9,2,0,1,0,239,1,0
C:\Users\All Five Projects\spring-batch-main\spring-batch-core\src\test\java\org\springframework\batch\core\configuration\xml\InlineItemHandlerParserTests.java,org.springframework.batch.core.configuration.xml.InlineItemHandlerParserTests,class,14,14,0,14,5,1,0,9,0,0.0,1.0,1.0,4,0,0,0,0,4,4,0,0,0,1,0,0,1,0,0,0,0,0,53,0,0,1,0,0,28,2,24,0,22,1,0,0,0,50,0,0
C:\Users\All Five Projects\spring-batch-main\spring-batch-core\src\main\java\org\springframework\batch\core\configuration\xml\InlineFlowParser.java,org.springframework.batch.core.configuration.xml.InlineFlowParser,class,5,7,2,5,3,3,0,7,1,0.33333334,0.33333334,0.33333334,3,0,1,0,2,0,3,0,0,0,1,0,0,1,0,0,1,0,0,18,1,0,0,0,0,3,0,1,0,1,0,0,0,0,51,1,0
C:\Users\All Five Projects\spring-batch-main\spring-batch-samples\src\main\java\org\springframework\batch\samples\metrics\PrometheusConfiguration.java,org.springframework.batch.samples.metrics.PrometheusConfiguration,class,9,11,2,9,3,1,0,6,0,0.21428572,1.0,1.0,2,0,2,0,0,0,2,0,0,0,7,1,0,7,0,0,2,0,0,24,0,0,0,1,0,5,0,5,0,8,1,0,0,0,31,1,1
C:\Users\All Five Projects\spring-batch-main\spring-batch-core\src\main\java\org\springframework\batch\core\job\CompositeJobParametersValidator.java,org.springframework.batch.core.job.CompositeJobParametersValidator,class,4,5,1,4,5,1,0,3,0,0.0,1.0,1.0,3,0,3,0,0,0,3,0,0,0,1,0,0,1,0,0,0,0,0,15,0,1,1,0,0,2,0,1,0,1,1,0,0,0,58,1,0
C:\Users\All Five Projects\spring-batch-main\spring-batch-core\src\test\java\org\springframework\batch\core\launch\JobLauncherIntegrationTests.java,org.springframework.batch.core.launch.JobLauncherIntegrationTests,class,11,12,1,11,5,1,0,11,0,0.44444445,1.0,1.0,3,0,1,1,0,1,2,0,0,0,3,0,0,3,0,0,0,0,1,34,3,0,1,0,0,4,2,9,1,11,2,0,0,0,34,1,0
C:\Users\All Five Projects\spring-batch-main\spring-batch-core\src\test\java\org\springframework\batch\core\repository\dao\JdbcJobDaoQueryTests.java,org.springframework.batch.core.repository.dao.JdbcJobDaoQueryTests$Anonymous1,anonymous,0,0,0,0,3,1,0,0,3,0.0,0.0,0.0,3,0,3,0,0,0,3,0,0,0,0,0,0,0,0,0,0,0,0,11,3,0,0,0,0,1,2,0,0,0,0,0,0,0,8,-1,0
C:\Users\All Five Projects\spring-batch-main\spring-batch-core\src\main\java\org\springframework\batch\core\scope\BatchScopeSupport.java,org.springframework.batch.core.scope.BatchScopeSupport,class,10,15,5,10,14,2,2,13,20,0.7222222,0.22222222,0.44444445,9,1,8,0,1,0,9,1,0,0,4,0,0,4,0,0,0,0,1,84,4,1,0,0,0,1,0,12,0,9,3,0,1,0,124,1025,0
C:\Users\All Five Projects\spring-batch-main\spring-batch-core\src\test\java\org\springframework\batch\core\repository\dao\JdbcJobDaoQueryTests.java,org.springframework.batch.core.repository.dao.JdbcJobDaoQueryTests$Anonymous2,anonymous,1,1,0,1,1,1,0,1,0,0.0,NaN,NaN,1,0,1,0,0,0,1,0,0,0,0,0,0,0,0,0,0,0,0,6,1,0,0,0,0,0,1,0,0,0,0,0,0,0,7,-1,0
C:\Users\All Five Projects\spring-batch-main\spring-batch-core\src\test\java\org\springframework\batch\core\partition\support\PartitionStepTests.java,org.springframework.batch.core.partition.support.PartitionStepTests,class,15,15,0,15,13,1,0,36,0,0.0,1.0,1.0,6,0,0,0,0,6,6,0,0,0,2,0,0,2,0,0,1,0,1,128,4,6,0,0,0,18,8,21,0,29,3,1,0,5,52,0,0
C:\Users\All Five Projects\spring-batch-main\spring-batch-infrastructure\src\test\java\org\springframework\batch\item\amqp\builder\AmqpItemWriterBuilderTests.java,org.springframework.batch.item.amqp.builder.AmqpItemWriterBuilderTests,class,4,4,0,4,2,1,0,10,1,0.0,0.0,0.0,2,0,0,0,0,2,2,0,0,0,0,0,0,0,0,0,0,0,0,13,0,0,0,0,0,5,0,3,0,3,0,0,0,1,25,0,0
C:\Users\All Five Projects\spring-batch-main\spring-batch-integration\src\test\java\org\springframework\batch\integration\launch\JobLaunchingMessageHandlerTests.java,org.springframework.batch.integration.launch.JobLaunchingMessageHandlerTests$StubJobLauncher,innerclass,5,5,0,5,1,1,0,3,0,0.0,NaN,NaN,1,0,1,0,0,0,1,0,0,0,3,0,0,0,0,3,0,0,0,10,1,0,0,0,0,0,0,3,0,3,0,0,0,0,13,10,0
C:\Users\All Five Projects\spring-batch-main\spring-batch-infrastructure\src\test\java\org\springframework\batch\item\database\support\DerbyPagingQueryProviderIntegrationTests.java,org.springframework.batch.item.database.support.DerbyPagingQueryProviderIntegrationTests,class,4,4,0,4,1,2,0,0,0,0.0,NaN,NaN,1,0,0,0,0,1,1,0,0,0,0,0,0,0,0,0,0,0,0,10,0,0,0,0,0,0,0,0,0,0,0,0,1,0,11,0,0
C:\Users\All Five Projects\spring-batch-main\spring-batch-infrastructure\src\test\java\org\springframework\batch\item\file\transform\RecursiveCollectionLineAggregatorTests.java,org.springframework.batch.item.file.transform.RecursiveCollectionLineAggregatorTests,class,2,2,0,2,3,1,0,9,0,0.0,1.0,1.0,3,0,0,0,0,3,3,0,0,0,1,0,0,1,0,0,1,0,4,20,0,0,0,0,0,11,4,5,0,6,0,0,0,1,29,0,0
C:\Users\All Five Projects\spring-batch-main\spring-batch-infrastructure\src\test\java\org\springframework\batch\item\ItemStreamExceptionTests.java,org.springframework.batch.item.ItemStreamExceptionTests,class,2,2,0,2,2,2,0,0,1,0.0,0.0,0.0,2,0,0,0,2,0,2,0,0,0,0,0,0,0,0,0,0,0,0,8,2,0,0,0,0,0,0,0,0,0,0,0,0,0,9,0,0
C:\Users\All Five Projects\spring-batch-main\spring-batch-core\src\test\java\org\springframework\batch\core\configuration\xml\DummyPojoStepExecutionListener.java,org.springframework.batch.core.configuration.xml.DummyPojoStepExecutionListener,class,1,1,0,1,1,2,0,0,0,0.0,NaN,NaN,1,0,1,0,0,0,1,0,0,0,0,0,0,0,0,0,0,0,0,5,0,0,0,0,0,0,0,1,0,0,0,0,0,0,13,1,0
C:\Users\All Five Projects\spring-batch-main\spring-batch-core\src\test\java\org\springframework\batch\core\configuration\xml\TestWriter.java,org.springframework.batch.core.configuration.xml.TestWriter,class,3,7,4,3,1,2,0,0,0,0.0,NaN,NaN,1,0,1,0,0,0,1,0,0,0,0,0,0,0,0,0,0,0,0,5,0,0,0,0,0,0,0,1,0,0,0,0,0,0,9,1,0
C:\Users\All Five Projects\spring-batch-main\spring-batch-infrastructure\src\test\java\org\springframework\batch\item\file\mapping\PassThroughFieldSetMapperTests.java,org.springframework.batch.item.file.mapping.PassThroughFieldSetMapperTests,class,4,4,0,4,1,1,0,2,0,0.0,NaN,NaN,1,0,0,0,0,1,1,0,0,0,1,0,0,1,0,0,1,0,0,7,0,0,0,0,0,2,0,2,0,2,0,0,0,0,18,0,0
C:\Users\All Five Projects\spring-batch-main\spring-batch-core\src\test\java\org\springframework\batch\core\configuration\annotation\StepScopeConfigurationTests.java,org.springframework.batch.core.configuration.annotation.StepScopeConfigurationTests$StepScopeConfigurationForcingInterfaceProxy,innerclass,6,6,0,6,1,1,0,0,0,0.0,NaN,NaN,1,0,0,0,1,0,1,0,0,0,0,0,0,0,0,0,0,0,0,5,1,0,0,0,0,2,0,0,0,0,0,0,0,0,9,9,0
C:\Users\All Five Projects\spring-batch-main\spring-batch-core\src\test\java\org\springframework\batch\core\step\item\FaultTolerantExceptionClassesTests.java,org.springframework.batch.core.step.item.FaultTolerantExceptionClassesTests,class,24,25,1,24,27,1,0,27,0,0.80864197,0.7876923,0.9230769,27,0,1,1,0,25,26,0,0,0,6,0,0,6,0,0,0,0,1,197,1,0,0,0,0,72,4,28,0,33,0,0,0,0,58,1,0
C:\Users\All Five Projects\spring-batch-main\spring-batch-infrastructure\src\test\java\org\springframework\batch\item\file\mapping\BeanWrapperFieldSetMapperFuzzyMatchingTests.java,org.springframework.batch.item.file.mapping.BeanWrapperFieldSetMapperFuzzyMatchingTests$BlueBean,innerclass,0,0,0,0,4,1,0,0,2,0.5,0.33333334,0.33333334,4,0,4,0,0,0,4,0,0,0,2,0,0,2,0,0,0,0,0,16,2,0,0,0,0,0,0,2,0,2,0,0,0,0,7,9,0
C:\Users\All Five Projects\spring-batch-main\spring-batch-core\src\main\java\org\springframework\batch\core\listener\CompositeItemReadListener.java,org.springframework.batch.core.listener.CompositeItemReadListener,class,3,5,2,3,8,1,0,9,0,0.0,1.0,1.0,5,0,5,0,0,0,5,0,0,0,1,0,0,1,0,0,1,0,0,27,0,3,0,0,0,0,0,7,0,7,1,0,0,0,51,1,0
C:\Users\All Five Projects\spring-batch-main\spring-batch-infrastructure\src\test\java\org\springframework\batch\item\file\mapping\PropertyMatchesTests.java,org.springframework.batch.item.file.mapping.PropertyMatchesTests$BaseBean,innerclass,0,0,0,0,1,1,0,0,0,0.0,NaN,NaN,1,0,1,0,0,0,1,0,0,0,0,0,0,0,0,0,0,0,0,4,0,0,0,0,0,0,0,0,0,0,0,0,0,0,5,10,0
C:\Users\All Five Projects\spring-batch-main\spring-batch-core\src\main\java\org\springframework\batch\core\configuration\support\DefaultJobLoader.java,org.springframework.batch.core.configuration.support.DefaultJobLoader,class,17,21,4,17,38,1,0,37,12,0.6923077,0.33333334,0.5833333,13,0,9,4,0,0,9,0,0,0,5,1,0,5,0,0,3,0,0,133,4,8,3,2,1,12,0,21,5,19,4,0,0,0,141,1,3
C:\Users\All Five Projects\spring-batch-main\spring-batch-infrastructure\src\test\java\org\springframework\batch\repeat\support\ChunkedRepeatTests.java,org.springframework.batch.repeat.support.ChunkedRepeatTests$1Chunker,innerclass,0,0,0,0,6,1,0,0,0,0.4,0.6,1.0,5,0,0,0,0,5,5,0,0,0,2,0,0,0,0,2,0,0,0,20,2,0,1,0,0,0,3,5,0,2,0,0,0,0,9,0,0
C:\Users\All Five Projects\spring-batch-main\spring-batch-infrastructure\src\test\java\org\springframework\batch\item\database\builder\JdbcPagingItemReaderBuilderTests.java,org.springframework.batch.item.database.builder.JdbcPagingItemReaderBuilderTests$TestDataSourceConfiguration,innerclass,7,7,0,7,2,1,0,5,1,0.5,0.0,0.0,2,0,2,0,0,0,2,0,0,0,2,2,0,2,0,0,2,0,0,15,2,0,0,0,0,0,0,5,0,5,0,0,0,0,29,9,0
C:\Users\All Five Projects\spring-batch-main\spring-batch-infrastructure\src\main\java\org\springframework\batch\item\database\JpaCursorItemReader.java,org.springframework.batch.item.database.JpaCursorItemReader,class,11,15,4,11,21,2,0,17,30,0.7619048,0.21818182,0.8181818,12,0,8,1,3,0,11,0,0,0,7,0,0,7,0,0,0,0,0,70,3,0,8,0,0,4,0,8,0,8,1,0,0,0,108,1,0
C:\Users\All Five Projects\spring-batch-main\spring-batch-test\src\test\java\org\springframework\batch\test\context\SpringBatchTestIntegrationTests.java,org.springframework.batch.test.context.SpringBatchTestIntegrationTests,class,4,4,0,4,0,1,0,0,0,NaN,-1.0,-1.0,0,0,0,0,0,0,0,0,0,0,1,0,0,0,0,1,0,0,0,19,0,0,0,0,0,0,0,0,0,1,0,0,2,0,10,0,0
C:\Users\All Five Projects\spring-batch-main\spring-batch-infrastructure\src\test\java\org\springframework\batch\item\support\CompositeItemWriterTests.java,org.springframework.batch.item.support.CompositeItemWriterTests,class,9,10,1,9,10,1,0,13,3,0.33333334,0.0,0.0,6,0,0,1,0,5,5,0,0,0,1,0,0,1,0,0,1,0,2,59,0,1,0,1,0,4,2,16,0,16,1,0,0,0,67,0,0
C:\Users\All Five Projects\spring-batch-main\spring-batch-infrastructure\src\test\java\org\springframework\batch\item\file\transform\DelimitedLineTokenizerTests.java,org.springframework.batch.item.file.transform.DelimitedLineTokenizerTests,class,6,6,0,6,44,1,0,14,0,0.4642857,0.5400697,0.5400697,42,0,0,0,0,42,42,0,0,0,2,1,0,2,0,0,1,0,0,261,0,0,0,2,0,133,99,48,0,46,1,0,0,5,93,0,0
C:\Users\All Five Projects\spring-batch-main\spring-batch-core\src\main\java\org\springframework\batch\core\step\item\FaultTolerantChunkProcessor.java,org.springframework.batch.core.step.item.FaultTolerantChunkProcessor,class,33,37,4,33,82,2,0,71,166,0.85714287,0.10989011,0.3956044,21,0,8,7,6,0,14,0,0,0,9,0,0,9,0,0,2,0,1,387,17,6,11,8,1,30,5,63,4,55,5,0,1,5,207,1,7
C:\Users\All Five Projects\spring-batch-main\spring-batch-infrastructure\src\test\java\org\springframework\batch\item\sample\books\Author.java,org.springframework.batch.item.sample.books.Author,class,8,10,2,8,9,1,0,3,0,0.4,0.7,1.0,5,0,5,0,0,0,5,0,0,0,3,0,0,3,0,0,0,0,3,23,7,0,4,0,0,2,0,1,0,4,1,0,0,0,32,1,0
C:\Users\All Five Projects\spring-batch-main\spring-batch-infrastructure\src\test\java\org\springframework\batch\item\file\MultiResourceItemReaderResourceAwareTests.java,org.springframework.batch.item.file.MultiResourceItemReaderResourceAwareTests$FooLineMapper,innerclass,2,2,0,2,1,1,0,0,0,0.0,NaN,NaN,1,0,1,0,0,0,1,0,0,0,0,0,0,0,0,0,0,0,0,5,1,0,0,0,0,0,0,0,0,0,0,0,0,0,7,24,0
C:\Users\All Five Projects\spring-batch-main\spring-batch-core\src\main\java\org\springframework\batch\core\repository\dao\JdbcExecutionContextDao.java,org.springframework.batch.core.repository.dao.JdbcExecutionContextDao,class,15,18,3,15,26,2,0,38,122,0.92016804,0.021978023,0.021978023,17,0,14,3,0,0,14,0,0,0,14,9,0,14,0,0,10,0,0,201,5,2,2,2,0,19,10,45,2,40,2,1,1,1,185,1,0
C:\Users\All Five Projects\spring-batch-main\spring-batch-infrastructure\src\main\java\org\springframework\batch\item\support\builder\SingleItemPeekableItemReaderBuilder.java,org.springframework.batch.item.support.builder.SingleItemPeekableItemReaderBuilder,class,4,5,1,4,2,1,0,2,0,0.0,1.0,1.0,2,0,2,0,0,0,2,0,0,0,1,0,0,1,0,0,0,0,0,13,2,0,0,0,0,1,0,2,0,2,0,0,0,0,34,1,0
C:\Users\All Five Projects\spring-batch-main\spring-batch-core\src\test\java\org\springframework\batch\core\configuration\annotation\JobLoaderConfigurationTests.java,org.springframework.batch.core.configuration.annotation.JobLoaderConfigurationTests$TestConfiguration,innerclass,12,12,0,12,4,1,0,7,6,0.0,0.0,0.0,4,0,1,0,3,0,4,0,0,0,0,0,0,0,0,0,0,0,0,20,4,0,0,0,0,3,0,1,0,1,0,1,0,0,18,9,0
C:\Users\All Five Projects\spring-batch-main\spring-batch-infrastructure\src\main\java\org\springframework\batch\item\data\RepositoryItemReader.java,org.springframework.batch.item.data.RepositoryItemReader,class,15,18,3,15,35,2,0,37,69,0.8133334,0.27272728,0.6818182,15,0,7,3,5,0,12,0,0,0,10,0,0,9,1,0,1,0,0,139,7,1,6,5,1,7,7,25,3,18,3,0,0,0,211,1,1
C:\Users\All Five Projects\spring-batch-main\spring-batch-infrastructure\src\test\java\org\springframework\batch\item\database\orm\JpaNamedQueryProviderTests.java,org.springframework.batch.item.database.orm.JpaNamedQueryProviderTests,class,6,6,0,6,5,1,0,13,3,0.0,0.0,0.0,3,0,0,0,0,3,3,0,0,0,0,0,0,0,0,0,0,0,0,36,0,0,0,2,0,6,0,7,0,7,1,0,0,0,34,0,0
C:\Users\All Five Projects\spring-batch-main\spring-batch-infrastructure\src\main\java\org\springframework\batch\item\adapter\ItemProcessorAdapter.java,org.springframework.batch.item.adapter.ItemProcessorAdapter,class,5,6,1,5,1,2,0,1,0,0.0,NaN,NaN,1,0,1,0,0,0,1,0,0,0,0,0,0,0,0,0,0,0,0,5,1,0,0,0,0,0,0,0,0,0,0,0,0,0,30,1,0
C:\Users\All Five Projects\spring-batch-main\spring-batch-core\src\test\java\org\springframework\batch\core\configuration\annotation\JobScopeConfigurationTests.java,org.springframework.batch.core.configuration.annotation.JobScopeConfigurationTests$SimpleHolder,innerclass,0,0,0,0,3,1,0,0,0,0.0,1.0,1.0,3,0,2,0,1,0,3,0,0,0,1,0,0,1,0,0,1,0,0,12,1,0,0,0,0,1,0,2,0,1,0,0,0,0,5,9,0
C:\Users\All Five Projects\spring-batch-main\spring-batch-core\src\main\java\org\springframework\batch\core\step\skip\NonSkippableWriteException.java,org.springframework.batch.core.step.skip.NonSkippableWriteException,class,1,2,1,1,1,6,0,0,0,0.0,NaN,NaN,1,0,1,0,0,0,1,0,0,0,0,0,0,0,0,0,0,0,0,5,0,0,0,0,0,0,0,0,0,0,0,0,0,0,23,1,0
C:\Users\All Five Projects\spring-batch-main\spring-batch-core\src\test\java\org\springframework\batch\core\configuration\xml\JobExecutionListenerMethodAttributeParserTests.java,org.springframework.batch.core.configuration.xml.JobExecutionListenerMethodAttributeParserTests$TestComponent,innerclass,1,1,0,1,2,1,0,0,1,0.0,0.0,0.0,2,0,2,0,0,0,2,0,0,0,0,0,0,0,0,0,0,0,0,8,0,0,0,0,0,0,0,2,0,0,0,0,0,0,9,9,0
C:\Users\All Five Projects\spring-batch-main\spring-batch-infrastructure\src\main\java\org\springframework\batch\item\database\ItemSqlParameterSourceProvider.java,org.springframework.batch.item.database.ItemSqlParameterSourceProvider,interface,2,5,3,2,1,1,0,0,0,0.0,NaN,NaN,1,0,0,0,0,1,1,0,0,0,0,0,0,0,0,0,0,0,0,3,0,0,0,0,0,0,0,0,0,0,0,0,0,0,30,1,0
C:\Users\All Five Projects\spring-batch-main\spring-batch-infrastructure\src\main\java\org\springframework\batch\repeat\policy\TimeoutTerminationPolicy.java,org.springframework.batch.repeat.policy.TimeoutTerminationPolicy,class,4,4,0,4,4,4,0,1,6,0.875,0.0,0.0,4,0,4,0,0,0,4,0,0,0,2,1,1,1,0,0,1,0,0,27,2,0,0,0,1,0,1,3,0,2,0,0,1,0,90,1,0
C:\Users\All Five Projects\spring-batch-main\spring-batch-infrastructure\src\main\java\org\springframework\batch\support\MethodInvokerUtils.java,org.springframework.batch.support.MethodInvokerUtils,class,8,9,1,8,25,1,0,31,21,0.0,0.0,0.0,7,6,6,1,0,0,6,0,0,0,0,0,0,0,0,0,0,0,3,95,11,2,10,0,4,21,5,17,5,19,5,0,0,3,121,1025,0
C:\Users\All Five Projects\spring-batch-main\spring-batch-core\src\main\java\org\springframework\batch\core\partition\support\RemoteStepExecutionAggregator.java,org.springframework.batch.core.partition.support.RemoteStepExecutionAggregator,class,7,8,1,7,10,1,0,14,1,0.5,0.46666667,0.6666667,6,0,6,0,0,0,6,0,0,0,2,0,0,2,0,0,0,0,2,35,2,0,4,0,0,4,0,8,2,8,1,0,0,2,77,1,0
C:\Users\All Five Projects\spring-batch-main\spring-batch-infrastructure\src\main\java\org\springframework\batch\support\transaction\TransactionAwareProxyFactory.java,org.springframework.batch.support.transaction.TransactionAwareProxyFactory,class,7,10,3,7,23,1,0,10,71,0.71428573,0.018181818,0.018181818,14,9,9,3,2,0,11,0,1,0,2,0,0,2,0,0,2,0,0,135,16,0,0,0,4,6,0,4,1,4,3,0,2,0,130,1,0
C:\Users\All Five Projects\spring-batch-main\spring-batch-infrastructure\src\test\java\org\springframework\batch\item\json\JsonItemReaderTests.java,org.springframework.batch.item.json.JsonItemReaderTests$NonReadableResource,innerclass,1,1,0,1,5,2,0,0,10,0.0,0.0,0.0,5,0,4,0,0,1,5,0,0,0,0,0,0,0,0,0,0,0,0,16,4,0,0,0,0,1,0,0,0,0,0,0,0,0,13,10,0
C:\Users\All Five Projects\spring-batch-main\spring-batch-core\src\test\java\org\springframework\batch\core\listener\StepListenerMethodInterceptorTests.java,org.springframework.batch.core.listener.StepListenerMethodInterceptorTests$StubMethodInvocation,innerclass,1,1,0,1,6,1,0,0,13,0.75,0.06666667,0.06666667,6,0,6,0,0,0,6,0,0,0,2,0,0,0,0,2,0,0,0,23,5,0,0,0,0,1,0,2,0,2,0,0,0,0,15,10,0
C:\Users\All Five Projects\spring-batch-main\spring-batch-core\src\test\java\org\springframework\batch\core\repository\dao\NoSuchBatchDomainObjectExceptionTests.java,org.springframework.batch.core.repository.dao.NoSuchBatchDomainObjectExceptionTests,class,2,2,0,2,1,1,0,2,0,0.0,NaN,NaN,1,0,0,0,0,1,1,0,0,0,0,0,0,0,0,0,0,0,0,6,0,0,0,0,0,2,0,1,0,1,0,0,0,0,14,0,0
C:\Users\All Five Projects\spring-batch-main\spring-batch-core\src\main\java\org\springframework\batch\core\observability\BatchStepObservationConvention.java,org.springframework.batch.core.observability.BatchStepObservationConvention,interface,3,5,2,3,1,1,0,0,0,0.0,NaN,NaN,1,0,0,0,0,1,1,0,0,0,0,0,0,0,0,0,0,0,0,5,1,0,0,0,0,0,0,0,0,0,0,0,0,0,12,1,0
C:\Users\All Five Projects\spring-batch-main\spring-batch-samples\src\main\java\org\springframework\batch\samples\domain\trade\internal\JdbcCustomerDao.java,org.springframework.batch.samples.domain.trade.internal.JdbcCustomerDao,class,4,4,0,4,5,2,0,12,4,0.6875,0.16666667,0.16666667,4,0,4,0,0,0,4,0,0,0,4,3,0,4,0,0,3,0,0,31,3,0,1,0,0,6,2,6,0,8,1,0,0,1,51,1,0
C:\Users\All Five Projects\spring-batch-main\spring-batch-core\src\test\java\org\springframework\batch\core\configuration\xml\StepWithPojoListenerJobParserTests.java,org.springframework.batch.core.configuration.xml.StepWithPojoListenerJobParserTests,class,12,12,0,12,1,1,0,11,0,0.0,NaN,NaN,1,0,0,0,0,1,1,0,0,0,5,0,0,5,0,0,0,0,0,18,0,0,0,0,0,1,1,1,0,6,0,0,0,0,27,0,0
C:\Users\All Five Projects\spring-batch-main\spring-batch-infrastructure\src\main\java\org\springframework\batch\item\file\ResourceSuffixCreator.java,org.springframework.batch.item.file.ResourceSuffixCreator,interface,0,3,3,0,1,1,0,0,0,0.0,NaN,NaN,1,0,0,0,0,1,1,0,0,0,0,0,0,0,0,0,0,0,0,3,0,0,0,0,0,0,0,0,0,0,0,0,0,0,17,1,0
C:\Users\All Five Projects\spring-batch-main\spring-batch-samples\src\main\java\org\springframework\batch\samples\domain\trade\CustomerUpdate.java,org.springframework.batch.samples.domain.trade.CustomerUpdate,class,1,6,5,1,5,1,0,0,0,0.4,0.7,1.0,5,0,5,0,0,0,5,0,0,0,3,0,0,3,0,0,3,0,0,22,4,0,0,0,0,4,0,3,1,3,0,0,0,0,51,1,0
C:\Users\All Five Projects\spring-batch-main\spring-batch-core\src\test\java\org\springframework\batch\core\step\tasklet\AsyncChunkOrientedStepIntegrationTests.java,org.springframework.batch.core.step.tasklet.AsyncChunkOrientedStepIntegrationTests,class,25,26,1,25,4,1,0,27,2,0.5277778,0.6666667,1.0,4,0,0,1,0,3,3,0,0,0,9,0,0,9,0,0,1,0,2,46,1,0,0,0,0,17,4,10,1,15,0,0,0,2,65,0,0
C:\Users\All Five Projects\spring-batch-main\spring-batch-core\src\main\java\org\springframework\batch\core\explore\support\SimpleJobExplorer.java,org.springframework.batch.core.explore.support.SimpleJobExplorer,class,11,14,3,11,31,1,0,21,40,0.6875,0.39215687,0.8888889,20,0,13,2,4,1,18,0,0,0,4,0,0,4,0,0,0,0,0,113,19,6,5,0,0,0,0,11,0,11,2,0,0,0,77,1,0
C:\Users\All Five Projects\spring-batch-main\spring-batch-integration\src\test\java\org\springframework\batch\integration\async\AsyncItemProcessorMessagingGatewayTests.java,org.springframework.batch.integration.async.AsyncItemProcessorMessagingGatewayTests$Doubler,innerclass,2,2,0,2,3,1,0,0,0,0.0,1.0,1.0,2,0,2,0,0,0,2,0,0,0,1,0,0,1,0,0,0,0,0,12,1,1,0,0,0,0,2,4,0,2,1,0,0,0,7,8,0
C:\Users\All Five Projects\spring-batch-main\spring-batch-samples\src\main\java\org\springframework\batch\samples\football\internal\JdbcGameDao.java,org.springframework.batch.samples.football.internal.JdbcGameDao,class,7,8,1,7,3,2,0,21,0,0.0,1.0,1.0,2,0,1,0,1,0,2,0,0,0,1,0,0,1,0,0,0,0,0,13,0,1,0,0,0,31,0,2,0,2,1,0,0,0,19,1,0
C:\Users\All Five Projects\spring-batch-main\spring-batch-core\src\main\java\org\springframework\batch\core\step\item\BatchRetryTemplate.java,org.springframework.batch.core.step.item.BatchRetryTemplate$BatchRetryContext,innerclass,2,2,0,2,3,2,0,3,0,0.0,NaN,NaN,1,0,1,0,0,0,1,0,0,0,1,0,0,1,0,0,1,0,0,15,0,1,0,0,0,0,1,4,0,3,2,0,0,0,12,10,0
C:\Users\All Five Projects\spring-batch-main\spring-batch-infrastructure\src\main\java\org\springframework\batch\item\avro\AvroItemWriter.java,org.springframework.batch.item.avro.AvroItemWriter,class,17,19,2,17,17,2,0,20,10,0.6458333,0.2,0.2,8,1,5,3,0,0,5,0,0,0,6,0,0,6,0,0,3,0,2,109,4,0,2,4,0,5,0,8,1,8,3,0,1,1,70,1,0
C:\Users\All Five Projects\spring-batch-main\spring-batch-integration\src\main\java\org\springframework\batch\integration\partition\StepExecutionRequest.java,org.springframework.batch.integration.partition.StepExecutionRequest,class,0,3,3,0,6,1,0,1,1,0.625,0.7,1.0,6,0,5,1,0,0,5,0,0,0,4,1,0,4,0,0,1,0,1,25,4,0,0,0,0,1,1,4,0,4,0,0,0,0,41,1,0
C:\Users\All Five Projects\spring-batch-main\spring-batch-core\src\test\java\org\springframework\batch\core\converter\LocalDateTimeToStringConverterTests.java,org.springframework.batch.core.converter.LocalDateTimeToStringConverterTests,class,2,2,0,2,1,1,0,3,0,0.0,NaN,NaN,1,0,0,0,0,1,1,0,0,0,1,0,0,1,0,0,1,0,1,8,0,0,0,0,0,1,0,3,0,3,0,0,0,0,16,0,0
C:\Users\All Five Projects\spring-batch-main\spring-batch-core\src\test\java\org\springframework\batch\core\test\repository\SybaseJobRepositoryIntegrationTests.java,org.springframework.batch.core.test.repository.SybaseJobRepositoryIntegrationTests$TestConfiguration,innerclass,10,10,0,10,3,1,0,8,3,0.0,0.0,0.0,3,0,3,0,0,0,3,0,0,0,0,0,0,0,0,0,0,0,0,17,3,0,0,0,0,6,1,1,0,3,0,0,0,1,17,8,0
C:\Users\All Five Projects\spring-batch-main\spring-batch-infrastructure\src\main\java\org\springframework\batch\item\json\JsonItemReader.java,org.springframework.batch.item.json.JsonItemReader,class,9,13,4,9,13,4,0,12,0,0.6666667,0.5,0.7777778,9,0,5,0,4,0,9,0,0,0,4,1,0,4,0,0,1,0,0,53,3,0,0,0,0,8,0,7,2,4,2,0,0,0,83,1,2
C:\Users\All Five Projects\spring-batch-main\spring-batch-samples\src\main\java\org\springframework\batch\samples\football\FootballJobConfiguration.java,org.springframework.batch.samples.football.FootballJobConfiguration,class,26,27,1,26,10,1,0,21,45,0.0,0.0,0.0,10,0,10,0,0,0,10,0,0,0,0,0,0,0,0,0,0,0,0,41,10,0,0,0,0,30,3,5,0,5,0,0,0,0,43,1,0
C:\Users\All Five Projects\spring-batch-main\spring-batch-test\src\test\java\org\springframework\batch\test\SampleSimpleJobTests.java,org.springframework.batch.test.SampleSimpleJobTests,class,2,2,0,2,0,2,0,0,0,0.0,-1.0,-1.0,0,0,0,0,0,0,0,0,0,0,0,0,0,0,0,0,0,0,0,2,0,0,0,0,0,1,0,0,0,0,0,0,0,0,20,0,0
C:\Users\All Five Projects\spring-batch-main\spring-batch-integration\src\main\java\org\springframework\batch\integration\partition\RemotePartitioningManagerStepBuilderFactory.java,org.springframework.batch.integration.partition.RemotePartitioningManagerStepBuilderFactory,class,5,8,3,5,3,1,0,2,0,0.33333334,0.6666667,1.0,3,0,3,0,0,0,3,0,0,0,3,0,0,3,0,0,2,0,0,15,1,0,0,0,0,0,0,3,0,3,0,0,0,0,39,1,0
C:\Users\All Five Projects\spring-batch-main\spring-batch-core\src\test\java\org\springframework\batch\core\configuration\xml\DummyPlatformTransactionManager.java,org.springframework.batch.core.configuration.xml.DummyPlatformTransactionManager,class,4,5,1,4,5,1,0,0,8,0.6,0.1,0.1,5,0,5,0,0,0,5,0,0,0,1,0,0,1,0,0,0,0,0,16,2,0,0,0,0,0,0,1,0,1,0,0,0,0,20,1,0
C:\Users\All Five Projects\spring-batch-main\spring-batch-core\src\test\java\org\springframework\batch\core\converter\DefaultJobParametersConverterTests.java,org.springframework.batch.core.converter.DefaultJobParametersConverterTests,class,5,5,0,5,20,1,0,28,0,0.0,1.0,1.0,17,0,0,0,0,17,17,0,0,0,1,0,0,1,0,0,1,0,2,154,0,0,0,3,0,100,13,52,3,52,1,0,0,0,61,0,0
C:\Users\All Five Projects\spring-batch-main\spring-batch-infrastructure\src\main\java\org\springframework\batch\item\json\GsonJsonObjectReader.java,org.springframework.batch.item.json.GsonJsonObjectReader,class,7,9,2,7,11,1,0,11,0,0.5357143,0.61904764,1.0,7,0,7,0,0,0,7,0,0,0,4,0,0,4,0,0,1,0,0,44,2,1,1,1,0,4,1,6,0,5,2,0,0,0,66,1,0
C:\Users\All Five Projects\spring-batch-main\spring-batch-infrastructure\src\test\java\org\springframework\batch\item\database\support\SqlServerPagingQueryProviderIntegrationTests.java,org.springframework.batch.item.database.support.SqlServerPagingQueryProviderIntegrationTests$TestConfiguration,innerclass,3,3,0,3,1,1,0,6,0,0.0,NaN,NaN,1,0,1,0,0,0,1,0,0,0,0,0,0,0,0,0,0,0,0,9,1,0,0,0,0,0,0,1,0,1,0,0,0,0,10,8,0
C:\Users\All Five Projects\spring-batch-main\spring-batch-infrastructure\src\main\java\org\springframework\batch\item\support\AbstractFileItemWriter.java,org.springframework.batch.item.support.AbstractFileItemWriter$OutputState,innerclass,7,7,0,7,34,1,0,26,33,0.7939394,0.2,0.5090909,15,0,11,4,0,0,11,0,0,0,11,0,0,3,0,8,0,0,2,154,6,0,6,4,1,6,7,31,1,16,3,1,0,0,162,4,0
C:\Users\All Five Projects\spring-batch-main\spring-batch-core\src\main\java\org\springframework\batch\core\partition\support\TaskExecutorPartitionHandler.java,org.springframework.batch.core.partition.support.TaskExecutorPartitionHandler,class,9,11,2,9,10,2,0,10,0,0.4166667,0.73333335,1.0,6,0,4,0,2,0,6,0,0,0,2,0,0,2,0,0,0,0,0,45,4,2,1,1,0,3,0,7,0,6,2,0,0,1,105,1,0
C:\Users\All Five Projects\spring-batch-main\spring-batch-infrastructure\src\test\java\org\springframework\batch\item\file\mapping\DefaultLineMapperTests.java,org.springframework.batch.item.file.mapping.DefaultLineMapperTests,class,7,7,0,7,3,1,0,10,0,0.0,1.0,1.0,3,0,0,0,0,3,3,0,0,0,1,0,0,1,0,0,1,0,0,22,0,0,0,0,0,5,1,6,0,6,0,0,0,0,22,0,0
C:\Users\All Five Projects\spring-batch-main\spring-batch-core\src\main\java\org\springframework\batch\core\configuration\ListableJobLocator.java,org.springframework.batch.core.configuration.ListableJobLocator,interface,1,4,3,1,1,1,0,0,0,0.0,NaN,NaN,1,0,0,0,0,1,1,0,0,0,0,0,0,0,0,0,0,0,0,3,0,0,0,0,0,0,0,0,0,0,0,0,0,0,30,1,0
C:\Users\All Five Projects\spring-batch-main\spring-batch-core\src\test\java\org\springframework\batch\core\scope\StepScopeTests.java,org.springframework.batch.core.scope.StepScopeTests,class,8,8,0,8,13,1,0,23,0,0.48717952,0.74358976,0.84615386,13,0,0,0,0,13,13,0,0,0,3,0,0,3,0,0,2,0,0,82,0,0,0,0,0,38,11,15,0,15,0,0,0,8,59,0,0
C:\Users\All Five Projects\spring-batch-main\spring-batch-core\src\test\java\org\springframework\batch\core\scope\TestJob.java,org.springframework.batch.core.scope.TestJob,class,8,10,2,8,11,1,0,9,22,0.6666667,0.10714286,0.10714286,9,2,8,1,0,0,8,0,0,0,2,1,0,2,0,0,0,0,0,41,5,0,2,0,0,7,0,3,0,2,2,0,0,0,25,1,0
C:\Users\All Five Projects\spring-batch-main\spring-batch-samples\src\main\java\org\springframework\batch\samples\file\patternmatching\internal\mapper\BillingFieldSetMapper.java,org.springframework.batch.samples.file.patternmatching.internal.mapper.BillingFieldSetMapper,class,3,3,0,3,1,1,0,3,0,0.0,NaN,NaN,1,0,1,0,0,0,1,0,0,0,2,2,2,0,0,0,2,0,0,10,1,0,0,0,0,2,0,3,0,3,0,0,0,0,23,1,0
C:\Users\All Five Projects\spring-batch-main\spring-batch-core\src\test\java\org\springframework\batch\core\scope\StepScopeDestructionCallbackIntegrationTests.java,org.springframework.batch.core.scope.StepScopeDestructionCallbackIntegrationTests,class,10,10,0,10,6,1,0,8,9,0.75,0.2,0.2,6,0,0,0,0,6,6,0,0,0,4,0,0,4,0,0,0,0,0,42,0,0,0,0,0,17,20,2,0,5,0,0,0,0,32,0,0
C:\Users\All Five Projects\spring-batch-main\spring-batch-core\src\test\java\org\springframework\batch\core\BatchStatusTests.java,org.springframework.batch.core.BatchStatusTests,class,2,2,0,2,10,1,0,14,45,0.0,0.0,0.0,10,0,0,0,0,10,10,0,0,0,0,0,0,0,0,0,0,0,0,54,0,0,0,0,0,2,0,5,0,5,0,0,0,2,43,0,0
C:\Users\All Five Projects\spring-batch-main\spring-batch-infrastructure\src\test\java\org\springframework\batch\item\support\ItemCountingItemStreamItemReaderTests.java,org.springframework.batch.item.support.ItemCountingItemStreamItemReaderTests,class,5,5,0,5,12,2,0,14,0,0.0,1.0,1.0,12,0,0,0,0,12,12,0,0,0,1,0,0,1,0,0,0,0,0,86,0,0,0,0,0,6,12,7,0,6,0,0,1,1,40,0,0
C:\Users\All Five Projects\spring-batch-main\spring-batch-infrastructure\src\main\java\org\springframework\batch\item\support\CompositeItemReader.java,org.springframework.batch.item.support.CompositeItemReader,class,7,8,1,7,14,1,0,13,0,0.46666667,0.6,1.0,5,0,5,0,0,0,5,0,0,0,3,0,0,3,0,0,2,0,1,48,3,2,3,1,0,1,0,8,0,7,2,0,0,0,65,1,0
C:\Users\All Five Projects\spring-batch-main\spring-batch-samples\src\main\java\org\springframework\batch\samples\domain\trade\internal\GeneratingTradeItemReader.java,org.springframework.batch.samples.domain.trade.internal.GeneratingTradeItemReader,class,3,6,3,3,6,1,0,0,0,0.4,0.6,1.0,5,0,5,0,0,0,5,0,0,0,2,0,0,2,0,0,0,0,0,23,4,0,0,0,0,2,3,4,2,2,1,0,0,0,30,1,0
C:\Users\All Five Projects\spring-batch-main\spring-batch-core\src\test\java\org\springframework\batch\core\configuration\annotation\InlineDataSourceDefinitionTests.java,org.springframework.batch.core.configuration.annotation.InlineDataSourceDefinitionTests,class,10,10,0,10,1,1,0,4,0,0.0,NaN,NaN,1,0,0,0,0,1,1,0,0,0,0,0,0,0,0,0,0,0,0,20,0,0,0,0,0,0,0,4,0,4,0,0,1,0,19,0,0
C:\Users\All Five Projects\spring-batch-main\spring-batch-integration\src\test\java\org\springframework\batch\integration\async\AsyncItemWriterTests.java,org.springframework.batch.integration.async.AsyncItemWriterTests$Anonymous1,anonymous,3,3,0,3,5,1,0,0,10,0.0,0.0,0.0,5,0,5,0,0,0,5,0,0,0,0,0,0,0,0,0,0,0,0,17,4,0,0,0,0,1,0,0,0,0,0,0,0,0,18,-1,0
C:\Users\All Five Projects\spring-batch-main\spring-batch-core\src\test\java\org\springframework\batch\core\job\SimpleJobFailureTests.java,org.springframework.batch.core.job.SimpleJobFailureTests$Anonymous1,anonymous,1,1,0,1,1,1,0,2,0,0.0,NaN,NaN,1,0,1,0,0,0,1,0,0,0,0,0,0,0,0,0,0,0,0,6,0,0,0,0,0,0,0,0,0,0,0,0,0,0,7,-1,0
C:\Users\All Five Projects\spring-batch-main\spring-batch-core\src\test\java\org\springframework\batch\core\test\ldif\LdifReaderTests.java,org.springframework.batch.core.test.ldif.LdifReaderTests,class,13,14,1,13,6,1,0,15,0,0.56000006,0.6666667,1.0,5,0,1,1,0,3,4,0,0,0,5,0,0,5,0,0,2,0,0,36,0,1,1,1,1,17,2,11,3,13,2,0,0,0,63,1,0
C:\Users\All Five Projects\spring-batch-main\spring-batch-infrastructure\src\test\java\org\springframework\batch\repeat\context\SynchronizedAttributeAccessorTests.java,org.springframework.batch.repeat.context.SynchronizedAttributeAccessorTests$Anonymous1,anonymous,0,0,0,0,0,1,0,0,0,0.0,-1.0,-1.0,0,0,0,0,0,0,0,0,0,0,0,0,0,0,0,0,0,0,0,2,0,0,0,0,0,0,0,0,0,0,0,0,0,0,0,-1,0
C:\Users\All Five Projects\spring-batch-main\spring-batch-core\src\test\java\org\springframework\batch\core\repository\JobInstanceAlreadyCompleteExceptionTests.java,org.springframework.batch.core.repository.JobInstanceAlreadyCompleteExceptionTests,class,2,2,0,2,2,2,0,0,1,0.0,0.0,0.0,2,0,2,0,0,0,2,0,0,0,0,0,0,0,0,0,0,0,0,8,2,0,0,0,0,0,0,0,0,0,0,0,0,0,13,1,0
C:\Users\All Five Projects\spring-batch-main\spring-batch-core\src\main\java\org\springframework\batch\core\listener\CompositeSkipListener.java,org.springframework.batch.core.listener.CompositeSkipListener,class,4,5,1,4,8,1,0,8,0,0.0,1.0,1.0,5,0,5,0,0,0,5,0,0,0,1,0,0,1,0,0,1,0,0,27,0,3,0,0,0,0,0,7,0,7,1,0,0,0,47,1,0
C:\Users\All Five Projects\spring-batch-main\spring-batch-core\src\test\java\org\springframework\batch\core\scope\TestDisposableCollaborator.java,org.springframework.batch.core.scope.TestDisposableCollaborator,class,2,2,0,2,2,2,0,2,0,0.0,NaN,NaN,1,0,1,0,0,0,1,0,0,0,1,1,1,0,0,0,0,0,0,6,0,0,0,0,1,6,0,2,2,1,0,0,0,0,9,1,0
C:\Users\All Five Projects\spring-batch-main\spring-batch-core\src\test\java\org\springframework\batch\core\configuration\support\DefaultBatchConfigurationTests.java,org.springframework.batch.core.configuration.support.DefaultBatchConfigurationTests$MyJobConfigurationWithCustomInfrastructureBean,innerclass,7,7,0,7,2,3,0,1,1,0.0,0.0,0.0,2,0,2,0,0,0,2,0,0,0,0,0,0,0,0,0,0,0,0,10,2,0,0,0,0,0,0,1,0,1,0,0,0,0,15,8,0
C:\Users\All Five Projects\spring-batch-main\spring-batch-infrastructure\src\test\java\org\springframework\batch\item\adapter\HippyMethodInvokerTests.java,org.springframework.batch.item.adapter.HippyMethodInvokerTests,class,7,7,0,7,8,2,0,10,28,0.0,0.0,0.0,8,0,0,0,0,8,8,0,0,0,0,0,0,0,0,0,0,0,0,123,0,0,0,0,0,21,5,13,0,13,0,0,5,0,44,0,0
C:\Users\All Five Projects\spring-batch-main\spring-batch-infrastructure\src\test\java\org\springframework\batch\item\xml\StaxEventItemReaderTests.java,org.springframework.batch.item.xml.StaxEventItemReaderTests$ItemCountAwareFragment,innerclass,1,1,0,1,3,1,0,0,1,0.33333334,0.33333334,0.33333334,3,0,3,0,0,0,3,0,0,0,1,0,0,1,0,0,0,0,0,11,1,0,0,0,0,0,0,1,0,1,0,0,0,0,9,10,0
C:\Users\All Five Projects\spring-batch-main\spring-batch-core\src\main\java\org\springframework\batch\core\listener\StepListenerSupport.java,org.springframework.batch.core.listener.StepListenerSupport,class,6,8,2,6,0,2,0,0,0,0.0,-1.0,-1.0,0,0,0,0,0,0,0,0,0,0,0,0,0,0,0,0,0,0,0,2,0,0,0,0,0,0,0,0,0,0,0,0,0,0,15,1,0
C:\Users\All Five Projects\spring-batch-main\spring-batch-core\src\test\java\org\springframework\batch\core\job\flow\FlowStepTests.java,org.springframework.batch.core.job.flow.FlowStepTests,class,18,19,1,18,8,2,0,27,0,0.16666667,1.0,1.0,6,0,0,1,0,5,5,0,0,0,2,0,0,2,0,0,0,0,0,115,1,1,0,0,0,39,2,26,1,19,2,0,1,0,58,0,0
C:\Users\All Five Projects\spring-batch-main\spring-batch-core\src\test\java\org\springframework\batch\core\listener\ExecutionContextPromotionListenerTests.java,org.springframework.batch.core.listener.ExecutionContextPromotionListenerTests,class,5,5,0,5,8,1,0,17,0,0.48214287,0.75,0.75,8,0,0,0,0,8,8,0,0,0,7,7,0,7,0,0,7,0,0,117,0,0,0,0,0,28,7,29,0,29,0,0,0,1,68,0,0
C:\Users\All Five Projects\spring-batch-main\spring-batch-infrastructure\src\main\java\org\springframework\batch\item\ItemWriterException.java,org.springframework.batch.item.ItemWriterException,class,0,2,2,0,2,4,2,0,1,0.0,0.0,0.0,2,0,2,0,0,0,2,0,0,0,0,0,0,0,0,0,0,0,0,8,0,0,0,0,0,0,0,0,0,0,0,0,0,0,28,1025,0
C:\Users\All Five Projects\spring-batch-main\spring-batch-core\src\main\java\org\springframework\batch\core\observability\BatchJobObservation.java,org.springframework.batch.core.observability.BatchJobObservation$JobHighCardinalityTags$Anonymous5,anonymous,0,0,0,0,1,1,0,0,0,0.0,NaN,NaN,1,0,1,0,0,0,1,0,0,0,0,0,0,0,0,0,0,0,0,5,1,0,0,0,0,1,0,0,0,0,0,0,0,0,2,-1,0
C:\Users\All Five Projects\spring-batch-main\spring-batch-infrastructure\src\main\java\org\springframework\batch\item\file\transform\RecordFieldExtractor.java,org.springframework.batch.item.file.transform.RecordFieldExtractor,class,4,5,1,4,10,1,0,22,0,0.5,1.0,1.0,6,0,3,3,0,0,3,0,0,0,3,0,0,3,0,0,2,0,3,46,3,2,1,1,0,7,0,7,2,7,2,0,0,1,59,1,0
C:\Users\All Five Projects\spring-batch-main\spring-batch-core\src\test\java\org\springframework\batch\core\configuration\xml\StopRestartOnFailedStepJobParserTests.java,org.springframework.batch.core.configuration.xml.StopRestartOnFailedStepJobParserTests,class,6,7,1,6,2,2,0,12,1,0.0,NaN,NaN,2,0,0,1,0,1,1,0,0,0,0,0,0,0,0,0,0,0,0,17,0,0,0,0,0,3,0,2,0,2,0,0,0,0,28,0,0
C:\Users\All Five Projects\spring-batch-main\spring-batch-core\src\main\java\org\springframework\batch\core\observability\BatchJobObservation.java,org.springframework.batch.core.observability.BatchJobObservation$JobHighCardinalityTags$Anonymous4,anonymous,0,0,0,0,1,1,0,0,0,0.0,NaN,NaN,1,0,1,0,0,0,1,0,0,0,0,0,0,0,0,0,0,0,0,5,1,0,0,0,0,1,0,0,0,0,0,0,0,0,2,-1,0
C:\Users\All Five Projects\spring-batch-main\spring-batch-infrastructure\src\main\java\org\springframework\batch\item\function\FunctionItemProcessor.java,org.springframework.batch.item.function.FunctionItemProcessor,class,4,4,0,4,2,1,0,2,0,0.0,1.0,1.0,2,0,2,0,0,0,2,0,0,0,1,0,0,1,0,0,1,0,0,10,1,0,0,0,0,1,0,1,0,1,0,0,0,0,23,1,0
C:\Users\All Five Projects\spring-batch-main\spring-batch-infrastructure\src\test\java\org\springframework\batch\item\database\support\SqlPagingQueryUtilsTests.java,org.springframework.batch.item.database.support.SqlPagingQueryUtilsTests$TestSqlPagingQueryProvider,innerclass,2,2,0,2,3,2,0,3,3,0.0,0.0,0.0,3,0,3,0,0,0,3,0,0,0,0,0,0,0,0,0,0,0,0,13,2,0,0,0,0,0,0,0,0,0,0,0,0,0,23,10,0
C:\Users\All Five Projects\spring-batch-main\spring-batch-infrastructure\src\test\java\org\springframework\batch\repeat\policy\CountingCompletionPolicyTests.java,org.springframework.batch.repeat.policy.CountingCompletionPolicyTests$Anonymous1,anonymous,1,1,0,1,1,1,0,0,0,0.0,NaN,NaN,1,0,0,0,1,0,1,0,0,0,0,0,0,0,0,0,0,0,0,5,1,0,0,0,0,0,1,0,0,0,0,0,0,0,5,-1,0
C:\Users\All Five Projects\spring-batch-main\spring-batch-integration\src\test\java\org\springframework\batch\integration\retry\RetryTransactionalPollingIntegrationTests.java,org.springframework.batch.integration.retry.RetryTransactionalPollingIntegrationTests,class,12,13,1,12,10,1,0,20,0,0.5714286,0.6666667,1.0,7,0,3,1,0,3,6,0,0,0,6,2,0,6,0,0,2,0,5,51,2,1,0,0,0,6,10,9,2,9,1,0,0,0,47,1,2
C:\Users\All Five Projects\spring-batch-main\spring-batch-infrastructure\src\test\java\org\springframework\batch\repeat\policy\CountingCompletionPolicyTests.java,org.springframework.batch.repeat.policy.CountingCompletionPolicyTests$Anonymous2,anonymous,1,1,0,1,1,1,0,0,0,0.0,NaN,NaN,1,0,0,0,1,0,1,0,0,0,0,0,0,0,0,0,0,0,0,5,1,0,0,0,0,0,1,0,0,0,0,0,0,0,5,-1,0
C:\Users\All Five Projects\spring-batch-main\spring-batch-core\src\test\java\org\springframework\batch\core\partition\support\MultiResourcePartitionerTests.java,org.springframework.batch.core.partition.support.MultiResourcePartitionerTests,class,8,8,0,8,5,1,0,13,0,0.0,1.0,1.0,5,0,0,0,0,5,5,0,0,0,1,0,0,1,0,0,1,0,0,27,0,0,0,0,0,8,5,6,0,6,0,0,0,1,33,0,0
C:\Users\All Five Projects\spring-batch-main\spring-batch-infrastructure\src\test\java\org\springframework\batch\repeat\policy\CountingCompletionPolicyTests.java,org.springframework.batch.repeat.policy.CountingCompletionPolicyTests$Anonymous3,anonymous,1,1,0,1,1,1,0,0,0,0.0,NaN,NaN,1,0,0,0,1,0,1,0,0,0,0,0,0,0,0,0,0,0,0,5,1,0,0,0,0,0,1,0,0,0,0,0,0,0,5,-1,0
C:\Users\All Five Projects\spring-batch-main\spring-batch-infrastructure\src\main\java\org\springframework\batch\item\file\transform\FieldSetFactory.java,org.springframework.batch.item.file.transform.FieldSetFactory,interface,1,3,2,1,2,1,0,0,1,0.0,0.0,0.0,2,0,0,0,0,2,2,0,0,0,0,0,0,0,0,0,0,0,0,4,0,0,0,0,0,0,0,0,0,0,0,0,0,0,32,1,0
C:\Users\All Five Projects\spring-batch-main\spring-batch-infrastructure\src\test\java\org\springframework\batch\repeat\policy\CountingCompletionPolicyTests.java,org.springframework.batch.repeat.policy.CountingCompletionPolicyTests$Anonymous4,anonymous,1,1,0,1,2,1,0,0,0,0.0,1.0,1.0,2,0,0,0,2,0,2,0,0,0,1,0,0,0,0,1,0,0,0,10,2,0,0,0,0,0,2,1,0,1,0,0,0,0,8,-1,0
C:\Users\All Five Projects\spring-batch-main\spring-batch-core\src\main\java\org\springframework\batch\core\step\item\ChunkMonitor.java,org.springframework.batch.core.step.item.ChunkMonitor$ChunkMonitorData,innerclass,0,0,0,0,1,1,0,0,0,0.0,NaN,NaN,1,0,1,0,0,0,1,0,0,0,2,0,2,0,0,0,0,0,0,8,0,0,0,0,0,0,0,2,0,2,0,0,0,0,6,9,0
C:\Users\All Five Projects\spring-batch-main\spring-batch-infrastructure\src\main\java\org\springframework\batch\repeat\context\SynchronizedAttributeAccessor.java,org.springframework.batch.repeat.context.SynchronizedAttributeAccessor,class,4,7,3,4,15,1,1,13,0,0.0,1.0,1.0,9,0,9,0,0,0,9,0,0,0,1,0,0,0,0,1,0,0,0,77,11,1,2,0,1,4,2,8,1,7,3,1,0,0,56,1,0
C:\Users\All Five Projects\spring-batch-main\spring-batch-infrastructure\src\main\java\org\springframework\batch\item\database\JdbcCursorItemReader.java,org.springframework.batch.item.database.JdbcCursorItemReader,class,7,13,6,7,14,3,0,17,14,0.6944445,0.30555555,0.7777778,9,0,6,0,3,0,9,0,0,0,4,0,0,4,0,0,0,0,0,54,2,0,3,1,0,3,0,6,0,4,2,0,0,0,150,1,0
C:\Users\All Five Projects\spring-batch-main\spring-batch-test\src\test\java\org\springframework\batch\test\StepScopeAnnotatedListenerIntegrationTests.java,org.springframework.batch.test.StepScopeAnnotatedListenerIntegrationTests$StatefulItemReader,innerclass,6,6,0,6,4,1,0,3,1,0.33333334,0.33333334,0.33333334,3,0,3,0,0,0,3,0,0,0,1,0,0,1,0,0,0,0,0,16,3,0,0,0,0,2,1,1,1,1,1,0,0,0,17,8,0
C:\Users\All Five Projects\spring-batch-main\spring-batch-infrastructure\src\main\java\org\springframework\batch\item\support\IteratorItemReader.java,org.springframework.batch.item.support.IteratorItemReader,class,3,3,0,3,4,1,0,4,0,0.0,1.0,1.0,3,0,3,0,0,0,3,0,0,0,1,0,0,1,0,0,1,0,0,15,2,0,0,0,0,2,0,2,0,1,1,0,0,0,43,1,0
C:\Users\All Five Projects\spring-batch-main\spring-batch-samples\src\test\java\org\springframework\batch\samples\football\FootballJobFunctionalTests.java,org.springframework.batch.samples.football.FootballJobFunctionalTests,class,11,11,0,11,5,1,0,6,1,0.5,0.33333334,0.33333334,3,0,1,0,0,2,3,0,0,0,2,0,0,2,0,0,0,0,0,21,0,0,0,0,0,7,2,6,0,7,0,0,0,0,39,0,0
C:\Users\All Five Projects\spring-batch-main\spring-batch-core\src\main\java\org\springframework\batch\core\step\item\ForceRollbackForWriteSkipException.java,org.springframework.batch.core.step.item.ForceRollbackForWriteSkipException,class,0,3,3,0,1,4,0,0,0,0.0,NaN,NaN,1,0,1,0,0,0,1,0,0,0,0,0,0,0,0,0,0,0,0,5,0,0,0,0,0,0,0,0,0,0,0,0,0,0,31,1,0
C:\Users\All Five Projects\spring-batch-main\spring-batch-core\src\test\java\org\springframework\batch\core\test\step\FaultTolerantStepFactoryBeanIntegrationTests.java,org.springframework.batch.core.test.step.FaultTolerantStepFactoryBeanIntegrationTests$SkipWriterStub,innerclass,3,3,0,3,5,1,0,4,0,0.0,1.0,1.0,4,0,4,0,0,0,4,0,0,0,1,0,0,1,0,0,1,0,0,17,1,1,0,0,0,5,1,1,0,3,1,0,0,1,29,10,0
C:\Users\All Five Projects\spring-batch-main\spring-batch-infrastructure\src\test\java\org\springframework\batch\item\xml\builder\StaxEventItemWriterBuilderTests.java,org.springframework.batch.item.xml.builder.StaxEventItemWriterBuilderTests,class,16,17,1,16,13,1,0,41,0,0.45454544,0.8,0.8,11,0,0,1,0,10,10,0,0,0,4,1,0,4,0,0,1,0,1,143,1,0,0,2,1,42,4,28,1,30,2,0,1,3,97,0,0
C:\Users\All Five Projects\spring-batch-main\spring-batch-core\src\test\java\org\springframework\batch\core\configuration\annotation\BatchRegistrarTests.java,org.springframework.batch.core.configuration.annotation.BatchRegistrarTests,class,34,35,1,34,13,1,0,13,55,0.0,0.0,0.0,11,0,4,1,0,6,10,0,0,0,0,0,0,0,0,0,0,0,0,182,2,1,0,0,0,39,0,54,0,42,2,0,7,2,101,0,0
C:\Users\All Five Projects\spring-batch-main\spring-batch-core\src\test\java\org\springframework\batch\core\launch\EmptyItemWriter.java,org.springframework.batch.core.launch.EmptyItemWriter,class,5,6,1,5,7,1,0,5,0,0.5625,0.6666667,1.0,4,0,4,0,0,0,4,0,0,0,4,0,0,2,1,1,0,0,0,25,1,1,1,0,0,4,0,6,2,4,2,0,0,0,37,1,1
C:\Users\All Five Projects\spring-batch-main\spring-batch-infrastructure\src\test\java\org\springframework\batch\repeat\interceptor\RepeatOperationsInterceptorTests.java,org.springframework.batch.repeat.interceptor.RepeatOperationsInterceptorTests,class,14,14,0,14,13,1,0,25,0,0.16666667,1.0,1.0,12,0,0,0,0,12,12,0,0,0,3,0,0,3,0,0,0,0,0,168,3,0,0,1,11,8,17,17,2,20,2,1,2,4,65,0,0
C:\Users\All Five Projects\spring-batch-main\spring-batch-infrastructure\src\test\java\org\springframework\batch\repeat\policy\CountingCompletionPolicyTests.java,org.springframework.batch.repeat.policy.CountingCompletionPolicyTests$Anonymous5,anonymous,1,1,0,1,3,1,0,2,0,0.0,1.0,1.0,3,0,1,0,2,0,3,0,0,0,1,0,0,0,0,1,0,0,0,15,3,0,0,0,0,0,3,2,0,1,0,0,0,0,9,-1,0
C:\Users\All Five Projects\spring-batch-main\spring-batch-infrastructure\src\test\java\org\springframework\batch\repeat\policy\CountingCompletionPolicyTests.java,org.springframework.batch.repeat.policy.CountingCompletionPolicyTests$Anonymous6,anonymous,1,1,0,1,3,1,0,2,0,0.0,1.0,1.0,3,0,1,0,2,0,3,0,0,0,1,0,0,0,0,1,0,0,0,15,3,0,0,0,0,0,3,2,0,1,0,0,0,0,9,-1,0
C:\Users\All Five Projects\spring-batch-main\spring-batch-core\src\test\java\org\springframework\batch\core\configuration\xml\DummyJobExecutionListener.java,org.springframework.batch.core.configuration.xml.DummyJobExecutionListener,class,1,2,1,1,0,1,0,0,0,0.0,-1.0,-1.0,0,0,0,0,0,0,0,0,0,0,0,0,0,0,0,0,0,0,0,2,0,0,0,0,0,0,0,0,0,0,0,0,0,0,7,1,0
C:\Users\All Five Projects\spring-batch-main\spring-batch-infrastructure\src\main\java\org\springframework\batch\item\adapter\PropertyExtractingDelegatingItemWriter.java,org.springframework.batch.item.adapter.PropertyExtractingDelegatingItemWriter,class,6,7,1,6,5,2,0,7,0,0.0,1.0,1.0,3,0,3,0,0,0,3,0,0,0,1,0,0,1,0,0,0,0,1,20,0,2,0,0,0,1,1,5,0,4,2,0,0,0,70,1,0
C:\Users\All Five Projects\spring-batch-main\spring-batch-infrastructure\src\main\java\org\springframework\batch\item\support\builder\SynchronizedItemReaderBuilder.java,org.springframework.batch.item.support.builder.SynchronizedItemReaderBuilder,class,4,5,1,4,2,1,0,1,0,0.0,1.0,1.0,2,0,2,0,0,0,2,0,0,0,1,0,0,1,0,0,0,0,0,11,2,0,0,0,0,1,0,1,0,1,0,0,0,0,23,1,0
C:\Users\All Five Projects\spring-batch-main\spring-batch-infrastructure\src\test\java\org\springframework\batch\item\support\builder\SynchronizedItemStreamReaderBuilderTests.java,org.springframework.batch.item.support.builder.SynchronizedItemStreamReaderBuilderTests,class,4,4,0,4,2,2,0,5,1,0.0,0.0,0.0,2,0,0,0,1,1,2,0,0,0,0,0,0,0,0,0,0,0,0,10,1,0,0,0,0,1,0,2,0,2,0,0,0,0,29,1,0
C:\Users\All Five Projects\spring-batch-main\spring-batch-samples\src\test\java\org\springframework\batch\samples\restart\fail\RestartFunctionalTests.java,org.springframework.batch.samples.restart.fail.RestartFunctionalTests,class,9,10,1,9,4,1,0,14,0,0.5,1.0,1.0,4,0,1,1,0,2,3,0,0,0,2,0,0,2,0,0,0,0,0,26,1,0,0,0,0,8,3,7,2,7,0,0,0,0,54,0,0
C:\Users\All Five Projects\spring-batch-main\spring-batch-core\src\main\java\org\springframework\batch\core\scope\context\StepContextRepeatCallback.java,org.springframework.batch.core.scope.context.StepContextRepeatCallback,class,9,10,1,9,7,1,0,11,1,0.5555556,0.33333334,0.33333334,3,0,3,0,0,0,3,1,0,0,3,0,0,3,0,0,3,0,2,31,1,0,1,1,0,2,0,6,2,5,2,0,0,0,122,1025,2
C:\Users\All Five Projects\spring-batch-main\spring-batch-core\src\test\java\org\springframework\batch\core\step\item\ChunkMonitorTests.java,org.springframework.batch.core.step.item.ChunkMonitorTests$Anonymous1,anonymous,1,1,0,1,1,1,0,1,0,0.0,NaN,NaN,1,0,1,0,0,0,1,0,0,0,0,0,0,0,0,0,0,0,1,5,1,0,0,0,0,0,0,0,0,0,0,0,0,0,4,-1,0
C:\Users\All Five Projects\spring-batch-main\spring-batch-samples\src\main\java\org\springframework\batch\samples\misc\jmx\InfiniteLoopReader.java,org.springframework.batch.samples.misc.jmx.InfiniteLoopReader,class,2,2,0,2,1,1,0,0,0,0.0,NaN,NaN,1,0,1,0,0,0,1,0,0,0,0,0,0,0,0,0,0,0,0,5,1,0,0,0,0,0,0,0,0,0,0,0,0,0,17,1,0
C:\Users\All Five Projects\spring-batch-main\spring-batch-core\src\test\java\org\springframework\batch\core\step\item\ChunkMonitorTests.java,org.springframework.batch.core.step.item.ChunkMonitorTests$Anonymous3,anonymous,1,1,0,1,1,1,0,0,0,0.0,NaN,NaN,1,0,1,0,0,0,1,0,0,0,0,0,0,0,0,0,0,0,0,5,0,0,0,0,0,1,0,0,0,0,0,0,0,0,5,-1,0
C:\Users\All Five Projects\spring-batch-main\spring-batch-core\src\test\java\org\springframework\batch\core\step\item\ChunkMonitorTests.java,org.springframework.batch.core.step.item.ChunkMonitorTests$Anonymous2,anonymous,0,0,0,0,1,1,0,1,0,0.0,NaN,NaN,1,0,1,0,0,0,1,0,0,0,0,0,0,0,0,0,0,0,0,6,0,0,0,0,0,0,0,1,0,0,0,0,0,0,3,-1,0
C:\Users\All Five Projects\spring-batch-main\spring-batch-samples\src\main\java\org\springframework\batch\samples\file\patternmatching\LineItem.java,org.springframework.batch.samples.file.patternmatching.LineItem,class,1,7,6,1,24,1,0,1,121,0.86549705,0.14619882,0.34502923,19,0,19,0,0,0,19,0,0,0,9,1,1,8,0,0,1,0,0,88,16,0,5,0,2,5,3,14,6,12,1,0,0,0,44,1,0
C:\Users\All Five Projects\spring-batch-main\spring-batch-core\src\test\java\org\springframework\batch\core\step\item\ChunkMonitorTests.java,org.springframework.batch.core.step.item.ChunkMonitorTests$Anonymous4,anonymous,1,1,0,1,1,1,0,1,0,0.0,NaN,NaN,1,0,1,0,0,0,1,0,0,0,0,0,0,0,0,0,0,0,1,5,1,0,0,0,0,0,0,0,0,0,0,0,0,0,4,-1,0
C:\Users\All Five Projects\spring-batch-main\spring-batch-core\src\main\java\org\springframework\batch\core\job\flow\support\state\SplitState.java,org.springframework.batch.core.job.flow.support.state.SplitState,class,13,16,3,13,15,2,0,15,7,0.67857146,0.33333334,0.47619048,7,0,6,0,1,0,7,0,0,0,4,0,0,4,0,0,3,0,2,64,5,2,2,2,0,1,1,12,1,11,3,0,0,1,68,1,0
C:\Users\All Five Projects\spring-batch-main\spring-batch-core\src\test\java\org\springframework\batch\core\test\repository\H2JobRepositoryIntegrationTests.java,org.springframework.batch.core.test.repository.H2JobRepositoryIntegrationTests,class,8,8,0,8,1,1,0,5,0,0.0,NaN,NaN,1,0,0,0,0,1,1,0,0,0,2,0,0,2,0,0,0,0,0,21,0,0,0,0,0,0,0,2,0,4,0,0,1,0,19,0,0
C:\Users\All Five Projects\spring-batch-main\spring-batch-infrastructure\src\test\java\org\springframework\batch\item\database\support\SqlServerPagingQueryProviderIntegrationTests.java,org.springframework.batch.item.database.support.SqlServerPagingQueryProviderIntegrationTests,class,9,9,0,9,1,2,0,2,0,1.0,NaN,NaN,1,0,0,0,0,1,1,0,0,0,2,2,1,1,0,0,1,0,0,16,0,0,0,0,0,2,0,2,0,2,0,0,1,0,40,0,0
C:\Users\All Five Projects\spring-batch-main\spring-batch-infrastructure\src\main\java\org\springframework\batch\item\database\ItemPreparedStatementSetter.java,org.springframework.batch.item.database.ItemPreparedStatementSetter,interface,1,4,3,1,1,1,0,0,0,0.0,NaN,NaN,1,0,0,0,0,1,1,0,0,0,0,0,0,0,0,0,0,0,0,3,0,0,0,0,0,0,0,0,0,0,0,0,0,0,44,1,0
C:\Users\All Five Projects\spring-batch-main\spring-batch-samples\src\main\java\org\springframework\batch\samples\domain\trade\CompositeCustomerUpdateLineTokenizer.java,org.springframework.batch.samples.domain.trade.CompositeCustomerUpdateLineTokenizer,class,5,5,0,5,9,1,0,4,0,0.5,0.5,1.0,4,0,4,0,0,0,4,0,0,0,3,0,0,3,0,0,0,0,0,33,2,0,5,0,0,5,5,6,3,6,2,0,0,0,75,1,0
C:\Users\All Five Projects\spring-batch-main\spring-batch-core\src\main\java\org\springframework\batch\core\launch\JobInstanceAlreadyExistsException.java,org.springframework.batch.core.launch.JobInstanceAlreadyExistsException,class,1,3,2,1,2,4,0,0,1,0.0,0.0,0.0,2,0,2,0,0,0,2,0,0,0,0,0,0,0,0,0,0,0,0,8,0,0,0,0,0,0,0,0,0,0,0,0,0,0,31,1,0
C:\Users\All Five Projects\spring-batch-main\spring-batch-infrastructure\src\test\java\org\springframework\batch\item\sample\Shipper.java,org.springframework.batch.item.sample.Shipper,class,1,3,2,1,15,1,0,4,0,0.2857143,0.8095238,1.0,7,0,7,0,0,0,7,0,0,0,2,0,0,2,0,0,0,0,3,40,11,0,7,0,4,3,4,8,6,6,2,0,0,0,32,1,0
C:\Users\All Five Projects\spring-batch-main\spring-batch-core\src\test\java\org\springframework\batch\core\configuration\xml\TaskletParserAdapterTests.java,org.springframework.batch.core.configuration.xml.TaskletParserAdapterTests,class,8,8,0,8,2,1,0,6,0,0.33333334,1.0,1.0,2,0,0,0,0,2,2,0,0,0,3,0,0,3,0,0,0,0,0,17,0,0,0,0,0,2,0,2,0,5,0,0,0,0,24,0,0
C:\Users\All Five Projects\spring-batch-main\spring-batch-infrastructure\src\main\java\org\springframework\batch\repeat\callback\NestedRepeatCallback.java,org.springframework.batch.repeat.callback.NestedRepeatCallback,class,4,4,0,4,2,1,0,1,0,0.0,1.0,1.0,2,0,2,0,0,0,2,0,0,0,2,0,0,2,0,0,2,0,0,12,1,0,0,0,0,0,0,2,0,2,0,0,0,0,55,1,0
C:\Users\All Five Projects\spring-batch-main\spring-batch-samples\src\test\java\org\springframework\batch\samples\mail\MailJobFunctionalTests.java,org.springframework.batch.samples.mail.MailJobFunctionalTests,class,13,14,1,13,8,1,0,14,0,0.72307694,0.6666667,1.0,5,0,1,1,0,3,4,0,0,0,13,9,0,13,0,0,9,0,0,49,0,3,0,0,0,18,12,16,2,19,1,0,0,0,85,0,0
C:\Users\All Five Projects\spring-batch-main\spring-batch-infrastructure\src\test\java\org\springframework\batch\repeat\support\TaskExecutorRepeatTemplateTests.java,org.springframework.batch.repeat.support.TaskExecutorRepeatTemplateTests,class,4,4,0,4,2,3,0,2,1,0.0,0.0,0.0,2,0,1,0,0,1,2,0,0,0,0,0,0,0,0,0,0,0,0,8,1,0,0,0,0,0,1,0,0,0,0,0,0,1,17,1,0
C:\Users\All Five Projects\spring-batch-main\spring-batch-core\src\main\java\org\springframework\batch\core\observability\BatchStepObservation.java,org.springframework.batch.core.observability.BatchStepObservation$StepLowCardinalityTags$Anonymous5,anonymous,0,0,0,0,1,1,0,0,0,0.0,NaN,NaN,1,0,1,0,0,0,1,0,0,0,0,0,0,0,0,0,0,0,0,5,1,0,0,0,0,1,0,0,0,0,0,0,0,0,2,-1,0
C:\Users\All Five Projects\spring-batch-main\spring-batch-infrastructure\src\main\java\org\springframework\batch\item\file\FlatFileHeaderCallback.java,org.springframework.batch.item.file.FlatFileHeaderCallback,interface,0,1,1,0,1,1,0,0,0,0.0,NaN,NaN,1,0,0,0,0,1,1,0,0,0,0,0,0,0,0,0,0,0,0,3,0,0,0,0,0,0,0,0,0,0,0,0,0,0,36,1,0
C:\Users\All Five Projects\spring-batch-main\spring-batch-integration\src\test\java\org\springframework\batch\integration\config\xml\RemoteChunkingParserTests.java,org.springframework.batch.integration.config.xml.RemoteChunkingParserTests$Writer,innerclass,2,2,0,2,1,1,0,0,0,0.0,NaN,NaN,1,0,1,0,0,0,1,0,0,0,0,0,0,0,0,0,0,0,0,4,0,0,0,0,0,0,0,0,0,0,0,0,0,0,4,10,0
C:\Users\All Five Projects\spring-batch-main\spring-batch-core\src\main\java\org\springframework\batch\core\DefaultJobKeyGenerator.java,org.springframework.batch.core.DefaultJobKeyGenerator,class,3,8,5,3,3,1,0,11,0,0.0,NaN,NaN,1,0,1,0,0,0,1,0,0,0,0,0,0,0,0,0,0,0,1,17,1,1,0,0,0,3,0,5,0,5,2,0,0,0,47,1,0
C:\Users\All Five Projects\spring-batch-main\spring-batch-core\src\test\java\org\springframework\batch\core\listener\MulticasterBatchListenerTests.java,org.springframework.batch.core.listener.MulticasterBatchListenerTests$CountingStepListenerSupport,innerclass,6,6,0,6,20,2,0,10,45,0.0,0.0,0.0,10,0,10,0,0,0,10,0,0,0,0,0,0,0,0,0,0,0,0,72,1,0,0,0,0,10,0,0,0,0,1,0,0,0,27,18,0
C:\Users\All Five Projects\spring-batch-main\spring-batch-core\src\main\java\org\springframework\batch\core\job\flow\support\state\MaxValueFlowExecutionAggregator.java,org.springframework.batch.core.job.flow.support.state.MaxValueFlowExecutionAggregator,class,3,5,2,3,3,1,0,3,0,0.0,NaN,NaN,1,0,1,0,0,0,1,0,0,0,0,0,0,0,0,0,0,0,1,8,2,0,2,0,0,0,1,0,0,0,1,0,0,0,36,1,0
C:\Users\All Five Projects\spring-batch-main\spring-batch-integration\src\main\java\org\springframework\batch\integration\chunk\RemoteChunkHandlerFactoryBean.java,org.springframework.batch.integration.chunk.RemoteChunkHandlerFactoryBean,class,18,19,1,18,27,1,0,34,63,0.7678572,0.23809524,0.47619048,14,2,6,7,1,0,7,0,0,0,4,1,0,4,0,0,1,0,4,109,8,3,4,0,2,28,2,13,9,12,2,1,0,0,181,1,4
C:\Users\All Five Projects\spring-batch-main\spring-batch-core\src\main\java\org\springframework\batch\core\observability\BatchStepObservation.java,org.springframework.batch.core.observability.BatchStepObservation$StepLowCardinalityTags$Anonymous4,anonymous,0,0,0,0,1,1,0,0,0,0.0,NaN,NaN,1,0,1,0,0,0,1,0,0,0,0,0,0,0,0,0,0,0,0,5,1,0,0,0,0,1,0,0,0,0,0,0,0,0,2,-1,0
C:\Users\All Five Projects\spring-batch-main\spring-batch-core\src\main\java\org\springframework\batch\core\observability\BatchStepObservation.java,org.springframework.batch.core.observability.BatchStepObservation$StepLowCardinalityTags$Anonymous3,anonymous,0,0,0,0,1,1,0,0,0,0.0,NaN,NaN,1,0,1,0,0,0,1,0,0,0,0,0,0,0,0,0,0,0,0,5,1,0,0,0,0,1,0,0,0,0,0,0,0,0,2,-1,0
C:\Users\All Five Projects\spring-batch-main\spring-batch-core\src\main\java\org\springframework\batch\core\observability\BatchStepObservation.java,org.springframework.batch.core.observability.BatchStepObservation$StepLowCardinalityTags$Anonymous2,anonymous,0,0,0,0,1,1,0,0,0,0.0,NaN,NaN,1,0,1,0,0,0,1,0,0,0,0,0,0,0,0,0,0,0,0,5,1,0,0,0,0,1,0,0,0,0,0,0,0,0,2,-1,0
C:\Users\All Five Projects\spring-batch-main\spring-batch-infrastructure\src\test\java\org\springframework\batch\item\jms\JmsItemReaderTests.java,org.springframework.batch.item.jms.JmsItemReaderTests,class,5,5,0,5,7,1,0,15,0,0.0,0.2857143,0.2857143,7,0,0,0,0,7,7,0,0,0,1,0,0,0,0,1,0,0,0,53,0,0,0,0,0,7,2,14,0,14,0,0,0,2,36,0,0
C:\Users\All Five Projects\spring-batch-main\spring-batch-integration\src\main\java\org\springframework\batch\integration\chunk\ChunkResponse.java,org.springframework.batch.integration.chunk.ChunkResponse,class,3,11,8,3,12,1,0,2,0,0.59523815,0.5151515,1.0,12,0,12,0,0,0,12,0,0,0,7,1,0,7,0,0,7,0,0,50,7,0,0,0,0,4,1,7,1,7,0,0,0,0,46,1,0
C:\Users\All Five Projects\spring-batch-main\spring-batch-integration\src\main\java\org\springframework\batch\integration\chunk\RemoteChunkingManagerStepBuilderFactory.java,org.springframework.batch.integration.chunk.RemoteChunkingManagerStepBuilderFactory,class,5,7,2,5,2,1,0,1,0,0.0,1.0,1.0,2,0,2,0,0,0,2,0,0,0,2,0,0,2,0,0,2,0,0,11,1,0,0,0,0,0,0,2,0,2,0,0,0,0,41,1,0
C:\Users\All Five Projects\spring-batch-main\spring-batch-core\src\main\java\org\springframework\batch\core\step\skip\NonSkippableReadException.java,org.springframework.batch.core.step.skip.NonSkippableReadException,class,1,4,3,1,1,6,0,0,0,0.0,NaN,NaN,1,0,1,0,0,0,1,0,0,0,0,0,0,0,0,0,0,0,0,5,0,0,0,0,0,0,0,0,0,0,0,0,0,0,23,1,0
C:\Users\All Five Projects\spring-batch-main\spring-batch-infrastructure\src\main\java\org\springframework\batch\item\data\Neo4jItemWriter.java,org.springframework.batch.item.data.Neo4jItemWriter,class,7,10,3,7,12,1,0,9,3,0.6666667,0.2,0.2,7,0,4,2,1,0,5,0,0,0,3,1,0,2,1,0,1,0,0,39,0,2,1,0,0,1,0,6,0,5,1,0,0,0,98,1,0
C:\Users\All Five Projects\spring-batch-main\spring-batch-core\src\test\java\org\springframework\batch\core\test\football\internal\JdbcPlayerSummaryDao.java,org.springframework.batch.core.test.football.internal.JdbcPlayerSummaryDao,class,5,5,0,5,3,1,0,14,0,0.25,1.0,1.0,2,0,2,0,0,0,2,0,0,0,2,1,0,2,0,0,1,0,0,13,0,1,0,0,0,16,0,3,1,3,1,0,0,0,34,1,0
C:\Users\All Five Projects\spring-batch-main\spring-batch-infrastructure\src\test\java\org\springframework\batch\item\validator\BeanValidatingItemProcessorTests.java,org.springframework.batch.item.validator.BeanValidatingItemProcessorTests$Foo,innerclass,1,1,0,1,3,1,0,0,0,0.0,1.0,1.0,3,0,3,0,0,0,3,0,0,0,1,0,0,1,0,0,0,0,0,12,1,0,0,0,0,0,0,2,0,1,0,0,0,0,5,10,0
C:\Users\All Five Projects\spring-batch-main\spring-batch-core\src\test\java\org\springframework\batch\core\test\repository\SQLiteJobRepositoryIntegrationTests.java,org.springframework.batch.core.test.repository.SQLiteJobRepositoryIntegrationTests,class,8,8,0,8,1,1,0,5,0,0.0,NaN,NaN,1,0,0,0,0,1,1,0,0,0,2,0,0,2,0,0,0,0,0,27,0,0,0,0,0,0,0,2,0,4,0,0,1,0,21,0,0
C:\Users\All Five Projects\spring-batch-main\spring-batch-core\src\test\java\org\springframework\batch\core\repository\dao\AbstractExecutionContextDaoTests.java,org.springframework.batch.core.repository.dao.AbstractExecutionContextDaoTests,class,14,16,2,14,19,2,1,35,0,0.7058824,0.5735294,0.5735294,17,0,0,0,4,13,17,4,0,0,6,0,0,6,0,0,0,0,5,127,0,2,0,0,0,17,9,32,2,32,1,0,0,1,49,1025,0
C:\Users\All Five Projects\spring-batch-main\spring-batch-core\src\main\java\org\springframework\batch\core\configuration\annotation\BatchObservabilityBeanPostProcessor.java,org.springframework.batch.core.configuration.annotation.BatchObservabilityBeanPostProcessor,class,8,9,1,8,7,1,0,5,0,0.25,1.0,1.0,2,0,2,0,0,0,2,0,0,0,2,1,0,2,0,0,1,0,0,24,1,0,0,1,2,1,0,3,0,3,3,0,0,0,50,1,1
C:\Users\All Five Projects\spring-batch-main\spring-batch-core\src\main\java\org\springframework\batch\core\repository\dao\MongoStepExecutionDao.java,org.springframework.batch.core.repository.dao.MongoStepExecutionDao,class,15,18,3,15,16,1,0,39,0,0.63492066,0.6388889,0.7777778,9,0,9,0,0,0,9,0,0,0,7,3,0,7,0,0,6,0,1,74,4,4,1,0,0,8,1,26,0,28,3,0,0,3,57,1,0
C:\Users\All Five Projects\spring-batch-main\spring-batch-samples\src\main\java\org\springframework\batch\samples\loop\LimitDecider.java,org.springframework.batch.samples.loop.LimitDecider,class,5,5,0,5,3,1,0,0,0,0.25,1.0,1.0,2,0,2,0,0,0,2,0,0,0,2,0,0,2,0,0,0,0,0,15,2,0,0,0,0,2,2,3,0,2,1,0,0,0,27,1,0
C:\Users\All Five Projects\spring-batch-main\spring-batch-core\src\test\java\org\springframework\batch\core\configuration\annotation\StepScopeConfigurationTests.java,org.springframework.batch.core.configuration.annotation.StepScopeConfigurationTests$ISimpleHolder,interface,0,0,0,0,1,1,0,0,0,0.0,NaN,NaN,1,0,0,0,0,1,1,0,0,0,0,0,0,0,0,0,0,0,0,3,0,0,0,0,0,0,0,0,0,0,0,0,0,0,5,1,0
C:\Users\All Five Projects\spring-batch-main\spring-batch-core\src\main\java\org\springframework\batch\core\job\StepHandler.java,org.springframework.batch.core.job.StepHandler,interface,3,7,4,3,1,1,0,0,0,0.0,NaN,NaN,1,0,0,0,0,1,1,0,0,0,0,0,0,0,0,0,0,0,0,3,0,0,0,0,0,0,0,0,0,0,0,0,0,0,55,1,0
C:\Users\All Five Projects\spring-batch-main\spring-batch-core\src\main\java\org\springframework\batch\core\step\item\ChunkProcessor.java,org.springframework.batch.core.step.item.ChunkProcessor,interface,2,5,3,2,1,1,0,0,0,0.0,NaN,NaN,1,0,0,0,0,1,1,0,0,0,0,0,0,0,0,0,0,0,0,3,0,0,0,0,0,0,0,0,0,0,0,0,0,0,13,1,0
C:\Users\All Five Projects\spring-batch-main\spring-batch-infrastructure\src\test\java\org\springframework\batch\item\avro\example\AvroTestUtils.java,org.springframework.batch.item.avro.example.AvroTestUtils,class,9,10,1,9,4,1,0,13,3,0.0,0.0,0.0,3,3,1,0,0,2,3,0,0,0,0,0,0,0,0,0,0,0,2,33,0,0,0,1,0,19,8,6,0,6,1,0,0,0,45,0,0
C:\Users\All Five Projects\spring-batch-main\spring-batch-core\src\main\java\org\springframework\batch\core\configuration\xml\InlineStepParser.java,org.springframework.batch.core.configuration.xml.InlineStepParser,class,9,10,1,9,1,2,0,7,0,0.0,NaN,NaN,1,0,1,0,0,0,1,0,0,0,0,0,0,0,0,0,0,0,1,10,1,0,0,0,0,0,0,3,0,3,0,0,0,0,67,1,0
C:\Users\All Five Projects\spring-batch-main\spring-batch-core\src\main\java\org\springframework\batch\core\StartLimitExceededException.java,org.springframework.batch.core.StartLimitExceededException,class,0,1,1,0,1,4,0,0,0,0.0,NaN,NaN,1,0,1,0,0,0,1,0,0,0,0,0,0,0,0,0,0,0,0,5,0,0,0,0,0,0,0,0,0,0,0,0,0,0,16,1,0
C:\Users\All Five Projects\spring-batch-main\spring-batch-core\src\test\java\org\springframework\batch\core\step\tasklet\AsyncTaskletStepTests.java,org.springframework.batch.core.step.tasklet.AsyncTaskletStepTests$Anonymous1,anonymous,1,1,0,1,1,1,0,1,0,0.0,NaN,NaN,1,0,1,0,0,0,1,0,0,0,1,0,0,1,0,0,0,0,0,6,0,0,0,0,0,1,1,1,0,1,0,0,0,0,5,-1,0
C:\Users\All Five Projects\spring-batch-main\spring-batch-infrastructure\src\test\java\org\springframework\batch\repeat\support\ThrottleLimitResultQueueTests.java,org.springframework.batch.repeat.support.ThrottleLimitResultQueueTests,class,2,2,0,2,6,1,0,14,0,0.0,1.0,1.0,4,0,0,0,0,4,4,0,0,0,1,0,0,1,0,0,1,0,4,39,0,0,0,1,1,6,3,3,3,3,2,0,0,2,41,0,0
C:\Users\All Five Projects\spring-batch-main\spring-batch-core\src\test\java\org\springframework\batch\core\step\tasklet\TaskletStepTests.java,org.springframework.batch.core.step.tasklet.TaskletStepTests$JobRepositoryStub,innerclass,2,2,0,2,2,2,0,2,0,0.0,NaN,NaN,1,0,1,0,0,0,1,0,0,0,1,0,0,1,0,0,0,0,0,9,0,0,0,0,0,0,3,1,1,1,1,0,0,0,11,10,0
C:\Users\All Five Projects\spring-batch-main\spring-batch-infrastructure\src\test\java\org\springframework\batch\item\file\mapping\RecordFieldSetMapperTests.java,org.springframework.batch.item.file.mapping.RecordFieldSetMapperTests,class,6,6,0,6,4,1,0,7,6,0.0,0.0,0.0,4,0,0,0,0,4,4,0,0,0,0,0,0,0,0,0,0,0,0,24,0,0,0,0,0,11,1,9,0,9,0,0,0,2,37,0,0
C:\Users\All Five Projects\spring-batch-main\spring-batch-samples\src\main\java\org\springframework\batch\samples\domain\trade\internal\CustomerCreditIncreaseProcessor.java,org.springframework.batch.samples.domain.trade.internal.CustomerCreditIncreaseProcessor,class,3,10,7,3,1,1,0,1,0,0.0,NaN,NaN,1,0,1,0,0,0,1,0,0,0,1,1,1,0,0,0,1,0,0,6,1,0,0,0,0,1,0,1,0,1,0,0,0,0,28,1,0
C:\Users\All Five Projects\spring-batch-main\spring-batch-infrastructure\src\main\java\org\springframework\batch\item\ItemStreamReader.java,org.springframework.batch.item.ItemStreamReader,interface,3,10,7,3,0,1,0,0,0,0.0,-1.0,-1.0,0,0,0,0,0,0,0,0,0,0,0,0,0,0,0,0,0,0,0,2,0,0,0,0,0,0,0,0,0,0,0,0,0,0,9,1,0
C:\Users\All Five Projects\spring-batch-main\spring-batch-infrastructure\src\test\java\org\springframework\batch\repeat\policy\CompositeCompletionPolicyTests.java,org.springframework.batch.repeat.policy.CompositeCompletionPolicyTests$Anonymous1,anonymous,1,1,0,1,1,1,0,0,0,0.0,NaN,NaN,1,0,1,0,0,0,1,0,0,0,0,0,0,0,0,0,0,0,0,5,1,0,0,0,0,0,0,0,0,0,0,0,0,0,6,-1,0
C:\Users\All Five Projects\spring-batch-main\spring-batch-infrastructure\src\test\java\org\springframework\batch\repeat\policy\CompositeCompletionPolicyTests.java,org.springframework.batch.repeat.policy.CompositeCompletionPolicyTests$Anonymous2,anonymous,2,2,0,2,1,1,0,0,0,0.0,NaN,NaN,1,0,1,0,0,0,1,0,0,0,0,0,0,0,0,0,0,0,0,5,1,0,0,0,0,0,0,0,0,0,0,0,0,0,7,-1,0
C:\Users\All Five Projects\spring-batch-main\spring-batch-core\src\test\java\org\springframework\batch\core\configuration\xml\TestProcessor.java,org.springframework.batch.core.configuration.xml.TestProcessor,class,3,6,3,3,1,2,0,0,0,0.0,NaN,NaN,1,0,1,0,0,0,1,0,0,0,0,0,0,0,0,0,0,0,0,6,1,0,0,0,0,0,0,1,0,0,0,0,0,0,9,1,0
C:\Users\All Five Projects\spring-batch-main\spring-batch-core\src\test\java\org\springframework\batch\core\step\tasklet\TaskletStepTests.java,org.springframework.batch.core.step.tasklet.TaskletStepTests$JobRepositoryFailedUpdateStub,innerclass,3,3,0,3,2,2,0,0,0,0.0,NaN,NaN,1,0,1,0,0,0,1,0,0,0,1,0,0,1,0,0,0,0,0,9,0,0,1,0,0,1,2,1,0,1,1,0,0,0,16,10,0
C:\Users\All Five Projects\spring-batch-main\spring-batch-infrastructure\src\main\java\org\springframework\batch\support\MethodResolver.java,org.springframework.batch.support.MethodResolver,interface,1,2,1,1,2,1,0,0,1,0.0,0.0,0.0,2,0,0,0,0,2,2,0,0,0,0,0,0,0,0,0,0,0,0,4,0,0,0,0,0,0,0,0,0,0,0,0,0,0,46,1,0
C:\Users\All Five Projects\spring-batch-main\spring-batch-infrastructure\src\test\java\org\springframework\batch\item\util\FileUtilsTests.java,org.springframework.batch.item.util.FileUtilsTests,class,4,4,0,4,14,1,0,17,0,0.0,0.16666667,0.16666667,9,0,0,0,0,9,9,0,0,0,1,0,0,1,0,0,1,0,0,133,0,0,1,5,0,23,2,15,3,15,1,3,0,3,86,0,0
C:\Users\All Five Projects\spring-batch-main\spring-batch-infrastructure\src\main\java\org\springframework\batch\support\transaction\ResourcelessTransactionManager.java,org.springframework.batch.support.transaction.ResourcelessTransactionManager,class,4,6,2,4,11,2,0,13,21,0.0,0.0,0.0,7,0,0,0,7,0,7,0,0,0,0,0,0,0,0,0,0,0,0,56,3,0,0,0,3,5,1,6,2,5,1,0,1,0,30,1,2
C:\Users\All Five Projects\spring-batch-main\spring-batch-infrastructure\src\main\java\org\springframework\batch\item\util\ExecutionContextUserSupport.java,org.springframework.batch.item.util.ExecutionContextUserSupport,class,0,2,2,0,5,1,0,1,0,0.2,0.6,0.6,5,0,5,0,0,0,5,0,0,0,1,0,0,1,0,0,0,0,0,20,2,0,0,0,0,2,0,2,1,1,0,0,0,0,56,1,0
C:\Users\All Five Projects\spring-batch-main\spring-batch-infrastructure\src\test\java\org\springframework\batch\item\xml\StaxEventItemWriterTests.java,org.springframework.batch.item.xml.StaxEventItemWriterTests$JAXBItem,innerclass,1,1,0,1,0,1,0,0,0,0.0,-1.0,-1.0,0,0,0,0,0,0,0,0,0,0,0,0,0,0,0,0,0,0,0,2,0,0,0,0,0,2,0,0,0,0,0,0,0,0,6,10,0
C:\Users\All Five Projects\spring-batch-main\spring-batch-core\src\test\java\org\springframework\batch\core\partition\ExampleItemReader.java,org.springframework.batch.core.partition.ExampleItemReader,class,5,7,2,5,11,2,0,11,5,0.72222215,0.33333334,0.6666667,6,0,6,0,0,0,6,0,0,0,6,1,1,5,0,0,2,0,2,42,2,0,1,0,0,13,3,10,0,6,3,0,0,0,39,1,2
C:\Users\All Five Projects\spring-batch-main\spring-batch-infrastructure\src\main\java\org\springframework\batch\item\kafka\KafkaItemReader.java,org.springframework.batch.item.kafka.KafkaItemReader,class,8,10,2,8,22,3,0,28,9,0.75555557,0.4,1.0,10,0,10,0,0,0,10,0,0,0,9,2,0,9,0,0,4,0,2,84,3,3,4,0,0,12,5,14,5,11,2,0,0,0,142,1,0
C:\Users\All Five Projects\spring-batch-main\spring-batch-integration\src\test\java\org\springframework\batch\integration\step\TestTasklet.java,org.springframework.batch.integration.step.TestTasklet,class,5,7,2,5,3,1,0,0,0,0.0,1.0,1.0,2,0,2,0,0,0,2,0,0,0,1,0,0,1,0,0,0,0,0,12,1,0,0,0,0,1,0,2,0,1,1,0,0,0,19,1,0
C:\Users\All Five Projects\spring-batch-main\spring-batch-core\src\main\java\org\springframework\batch\core\step\builder\FaultTolerantStepBuilder.java,org.springframework.batch.core.step.builder.FaultTolerantStepBuilder$Anonymous1,anonymous,0,0,0,0,1,1,0,1,0,0.0,NaN,NaN,1,0,1,0,0,0,1,0,0,0,0,0,0,0,0,0,0,0,0,5,1,0,0,0,0,0,0,0,0,0,0,0,0,0,4,-1,0
C:\Users\All Five Projects\spring-batch-main\spring-batch-samples\src\test\java\org\springframework\batch\samples\partition\jdbc\PartitionJdbcJobFunctionalTests.java,org.springframework.batch.samples.partition.jdbc.PartitionJdbcJobFunctionalTests,class,13,14,1,13,10,1,0,19,8,0.73333335,1.0,1.0,5,0,1,3,0,1,2,0,0,0,3,0,0,3,0,0,0,0,0,45,1,2,1,0,3,8,2,9,0,11,1,0,0,0,74,0,0
C:\Users\All Five Projects\spring-batch-main\spring-batch-core\src\test\java\org\springframework\batch\core\step\item\TaskletStepExceptionTests.java,org.springframework.batch.core.step.item.TaskletStepExceptionTests,class,18,18,0,18,19,2,0,27,0,0.43157893,1.0,1.0,19,0,0,0,0,19,19,0,0,0,5,2,0,0,0,5,0,0,0,358,0,0,0,0,0,14,27,22,0,22,0,19,4,0,79,0,0
C:\Users\All Five Projects\spring-batch-main\spring-batch-integration\src\main\java\org\springframework\batch\integration\launch\JobLaunchingMessageHandler.java,org.springframework.batch.integration.launch.JobLaunchingMessageHandler,class,7,10,3,7,2,1,0,3,0,0.0,1.0,1.0,2,0,2,0,0,0,2,0,0,0,1,0,0,1,0,0,1,0,0,12,1,0,0,0,0,0,0,3,0,3,0,0,0,0,36,1,0
C:\Users\All Five Projects\spring-batch-main\spring-batch-core\src\main\java\org\springframework\batch\core\partition\support\PartitionNameProvider.java,org.springframework.batch.core.partition.support.PartitionNameProvider,interface,0,3,3,0,1,1,0,0,0,0.0,NaN,NaN,1,0,0,0,0,1,1,0,0,0,0,0,0,0,0,0,0,0,0,3,0,0,0,0,0,0,0,0,0,0,0,0,0,0,58,1,0
C:\Users\All Five Projects\spring-batch-main\spring-batch-integration\src\test\java\org\springframework\batch\integration\partition\RemotePartitioningManagerStepBuilderTests.java,org.springframework.batch.integration.partition.RemotePartitioningManagerStepBuilderTests,class,14,14,0,14,9,1,0,22,0,0.0,1.0,1.0,9,0,0,0,0,9,9,0,0,0,1,0,0,1,0,0,0,0,0,102,0,0,0,0,0,41,7,38,1,43,1,0,1,8,104,0,0
C:\Users\All Five Projects\spring-batch-main\spring-batch-core\src\main\java\org\springframework\batch\core\repository\dao\MongoJobInstanceDao.java,org.springframework.batch.core.repository.dao.MongoJobInstanceDao,class,16,19,3,16,17,1,0,37,0,0.5972222,0.6060606,0.8333333,12,0,12,0,0,0,12,0,0,0,6,2,0,6,0,0,4,0,0,76,9,0,4,0,0,17,0,27,1,25,1,0,0,0,67,1,0
C:\Users\All Five Projects\spring-batch-main\spring-batch-core\src\test\java\org\springframework\batch\core\configuration\xml\AutoRegisteringStepScopeTests.java,org.springframework.batch.core.configuration.xml.AutoRegisteringStepScopeTests,class,4,4,0,4,2,1,0,3,1,0.0,0.0,0.0,2,0,0,0,0,2,2,0,0,0,0,0,0,0,0,0,0,0,0,12,0,0,0,0,0,4,2,4,0,4,0,0,0,0,28,0,0
C:\Users\All Five Projects\spring-batch-main\spring-batch-infrastructure\src\test\java\org\springframework\batch\repeat\context\SynchronizedAttributeAccessorTests.java,org.springframework.batch.repeat.context.SynchronizedAttributeAccessorTests,class,3,3,0,3,13,1,0,17,0,0.0,1.0,1.0,13,0,0,0,0,13,13,0,0,0,1,0,0,1,0,0,1,0,2,70,0,0,0,0,0,51,1,6,0,6,0,1,0,0,36,0,0
C:\Users\All Five Projects\spring-batch-main\spring-batch-samples\src\test\java\org\springframework\batch\samples\partition\file\PartitionFileJobFunctionalTests.java,org.springframework.batch.samples.partition.file.PartitionFileJobFunctionalTests,class,13,14,1,13,10,1,0,19,8,0.73333335,1.0,1.0,5,0,1,3,0,1,2,0,0,0,3,0,0,3,0,0,0,0,0,45,1,2,1,0,3,8,2,9,0,11,1,0,0,0,75,0,0
C:\Users\All Five Projects\spring-batch-main\spring-batch-core\src\main\java\org\springframework\batch\core\configuration\annotation\BatchRegistrar.java,org.springframework.batch.core.configuration.annotation.BatchRegistrar,class,17,18,1,17,35,1,0,46,0,0.6666667,NaN,NaN,9,0,1,8,0,0,1,0,0,0,7,7,0,7,0,0,7,0,3,178,8,0,5,0,0,51,0,41,7,41,1,0,0,0,123,0,8
C:\Users\All Five Projects\spring-batch-main\spring-batch-core\src\main\java\org\springframework\batch\core\partition\support\SimplePartitioner.java,org.springframework.batch.core.partition.support.SimplePartitioner,class,2,2,0,2,2,1,0,1,0,0.0,NaN,NaN,1,0,1,0,0,0,1,0,0,0,1,1,0,1,0,0,1,0,0,10,1,1,0,0,0,1,1,3,1,3,1,0,0,0,39,1,0
C:\Users\All Five Projects\spring-batch-main\spring-batch-test\src\main\java\org\springframework\batch\test\context\BatchTestContextBeanPostProcessor.java,org.springframework.batch.test.context.BatchTestContextBeanPostProcessor,class,8,10,2,8,6,1,0,1,0,0.5,0.5,1.0,4,0,4,0,0,0,4,0,0,0,3,0,0,3,0,0,0,0,0,25,1,0,0,0,0,0,0,3,0,3,1,0,0,0,34,1,0
C:\Users\All Five Projects\spring-batch-main\spring-batch-core\src\main\java\org\springframework\batch\core\job\flow\FlowJob.java,org.springframework.batch.core.job.flow.FlowJob,class,13,18,5,13,18,2,0,15,6,0.5416667,0.13333334,0.13333334,8,0,5,2,1,0,6,0,0,0,3,0,0,2,1,0,1,0,0,61,2,3,0,1,2,1,0,7,0,6,3,0,0,0,78,1,0
C:\Users\All Five Projects\spring-batch-main\spring-batch-core\src\main\java\org\springframework\batch\core\launch\NoSuchJobException.java,org.springframework.batch.core.launch.NoSuchJobException,class,1,9,8,1,2,4,0,0,1,0.0,0.0,0.0,2,0,2,0,0,0,2,0,0,0,0,0,0,0,0,0,0,0,0,8,0,0,0,0,0,0,0,0,0,0,0,0,0,0,30,1,0
C:\Users\All Five Projects\spring-batch-main\spring-batch-test\src\test\java\org\springframework\batch\test\context\BatchTestContextCustomizerTests.java,org.springframework.batch.test.context.BatchTestContextCustomizerTests,class,6,6,0,6,4,1,0,10,0,0.25,0.5,0.5,4,0,0,0,0,4,4,0,0,0,1,0,0,1,0,0,1,0,0,29,0,0,0,0,0,10,0,8,0,8,0,0,0,1,51,0,0
C:\Users\All Five Projects\spring-batch-main\spring-batch-core\src\test\java\org\springframework\batch\core\configuration\support\ApplicationContextJobFactoryTests.java,org.springframework.batch.core.configuration.support.ApplicationContextJobFactoryTests$TestBeanPostProcessor,innerclass,2,2,0,2,3,1,0,1,1,0.0,0.0,0.0,2,0,2,0,0,0,2,0,0,0,0,0,0,0,0,0,0,0,0,11,2,0,0,0,1,1,0,0,0,0,1,0,0,0,16,10,0
C:\Users\All Five Projects\spring-batch-main\spring-batch-samples\src\test\java\org\springframework\batch\samples\chunking\RemoteChunkingJobFunctionalTests.java,org.springframework.batch.samples.chunking.RemoteChunkingJobFunctionalTests,class,16,16,0,16,3,1,0,14,1,0.44444445,0.33333334,0.33333334,3,0,0,0,0,3,3,0,0,0,3,0,0,3,0,0,0,0,0,19,0,0,0,0,0,4,0,4,0,5,0,0,0,0,59,0,0
C:\Users\All Five Projects\spring-batch-main\spring-batch-integration\src\test\java\org\springframework\batch\integration\retry\TransactionalPollingIntegrationTests.java,org.springframework.batch.integration.retry.TransactionalPollingIntegrationTests,class,11,12,1,11,15,1,0,17,0,0.5,0.8095238,1.0,8,0,4,1,0,3,7,0,0,0,7,5,0,7,0,0,3,0,5,68,3,1,0,1,0,13,10,14,4,9,1,0,0,0,48,0,3
C:\Users\All Five Projects\spring-batch-main\spring-batch-infrastructure\src\test\java\org\springframework\batch\item\support\builder\SingleItemPeekableItemReaderBuilderTests.java,org.springframework.batch.item.support.builder.SingleItemPeekableItemReaderBuilderTests,class,4,4,0,4,2,1,0,9,1,0.0,0.0,0.0,2,0,0,0,0,2,2,0,0,0,0,0,0,0,0,0,0,0,1,14,0,0,0,0,0,6,0,2,0,2,0,0,0,1,42,0,0
C:\Users\All Five Projects\spring-batch-main\spring-batch-samples\src\main\java\org\springframework\batch\samples\file\patternmatching\internal\extractor\LineItemFieldExtractor.java,org.springframework.batch.samples.file.patternmatching.internal.extractor.LineItemFieldExtractor,class,2,2,0,2,1,1,0,2,0,0.0,NaN,NaN,1,0,1,0,0,0,1,0,0,0,0,0,0,0,0,0,0,0,0,5,1,0,0,0,0,1,0,0,0,0,0,0,0,0,8,1,0
C:\Users\All Five Projects\spring-batch-main\spring-batch-infrastructure\src\test\java\org\springframework\batch\item\file\transform\RangeArrayPropertyEditorTests.java,org.springframework.batch.item.file.transform.RangeArrayPropertyEditorTests$Anonymous1,anonymous,1,1,0,1,2,1,0,0,1,0.0,0.0,0.0,2,0,2,0,0,0,2,0,0,0,0,0,0,0,0,0,0,0,0,8,1,0,0,0,0,0,0,1,0,0,0,0,0,0,6,-1,0
C:\Users\All Five Projects\spring-batch-main\spring-batch-integration\src\main\java\org\springframework\batch\integration\partition\MessageChannelPartitionHandler.java,org.springframework.batch.integration.partition.MessageChannelPartitionHandler,class,19,23,4,19,31,2,0,38,36,0.77777773,0.2,0.46666667,13,0,9,3,1,0,10,0,0,0,9,1,0,9,0,0,1,0,3,109,10,1,9,0,1,10,4,24,3,21,2,0,0,3,277,1,4
C:\Users\All Five Projects\spring-batch-main\spring-batch-core\src\main\java\org\springframework\batch\core\job\builder\FlowBuilder.java,org.springframework.batch.core.job.builder.FlowBuilder$TransitionBuilder,innerclass,6,6,0,6,11,1,0,7,0,0.0,1.0,1.0,11,0,11,0,0,0,11,0,0,0,2,0,0,2,0,0,2,0,0,57,10,0,0,0,0,0,0,11,0,8,0,0,0,0,52,9,0
C:\Users\All Five Projects\spring-batch-main\spring-batch-samples\src\main\java\org\springframework\batch\samples\loom\JobConfigurationForLaunchingJobsWithVirtualThreads.java,org.springframework.batch.samples.loom.JobConfigurationForLaunchingJobsWithVirtualThreads,class,14,15,1,14,2,1,0,8,1,0.0,0.0,0.0,2,0,2,0,0,0,2,0,0,0,0,0,0,0,0,0,0,0,0,14,3,0,0,0,0,5,0,2,1,4,1,0,0,1,36,1,0
C:\Users\All Five Projects\spring-batch-main\spring-batch-infrastructure\src\test\java\org\springframework\batch\repeat\support\SimpleRepeatTemplateTests.java,org.springframework.batch.repeat.support.SimpleRepeatTemplateTests$Anonymous8,anonymous,2,2,0,2,1,1,0,2,0,0.0,NaN,NaN,1,0,1,0,0,0,1,0,0,0,0,0,0,0,0,0,0,0,0,7,1,0,0,0,0,0,0,0,0,0,0,0,0,0,9,-1,0
C:\Users\All Five Projects\spring-batch-main\spring-batch-core\src\main\java\org\springframework\batch\core\step\builder\FaultTolerantStepBuilder.java,org.springframework.batch.core.step.builder.FaultTolerantStepBuilder,class,63,66,3,63,73,4,0,78,678,0.92794114,0.069518715,0.15864527,40,0,22,6,12,0,34,0,0,0,17,0,0,17,0,0,6,0,2,364,33,7,8,0,3,14,6,70,1,58,3,1,1,1,343,1,2
C:\Users\All Five Projects\spring-batch-main\spring-batch-infrastructure\src\test\java\org\springframework\batch\repeat\support\SimpleRepeatTemplateTests.java,org.springframework.batch.repeat.support.SimpleRepeatTemplateTests$Anonymous9,anonymous,2,2,0,2,1,1,0,3,0,0.0,NaN,NaN,1,0,1,0,0,0,1,0,0,0,0,0,0,0,0,0,0,0,0,8,1,0,0,0,0,0,0,0,0,0,0,0,0,0,11,-1,0
C:\Users\All Five Projects\spring-batch-main\spring-batch-core\src\main\java\org\springframework\batch\core\repository\dao\MongoJobExecutionDao.java,org.springframework.batch.core.repository.dao.MongoJobExecutionDao,class,15,18,3,15,14,1,0,32,0,0.57142866,0.6388889,0.7777778,9,0,9,0,0,0,9,0,0,0,7,3,0,7,0,0,6,0,0,65,5,1,3,0,0,15,0,26,0,26,1,0,0,2,60,1,0
C:\Users\All Five Projects\spring-batch-main\spring-batch-core\src\test\java\org\springframework\batch\core\repository\dao\TablePrefixTests.java,org.springframework.batch.core.repository.dao.TablePrefixTests$TestTasklet,innerclass,5,5,0,5,1,1,0,0,0,0.0,NaN,NaN,1,0,1,0,0,0,1,0,0,0,0,0,0,0,0,0,0,0,0,5,1,0,0,0,0,0,0,0,0,0,0,0,0,0,11,8,0
C:\Users\All Five Projects\spring-batch-main\spring-batch-core\src\test\java\org\springframework\batch\core\scope\StepScopeProxyTargetClassIntegrationTests.java,org.springframework.batch.core.scope.StepScopeProxyTargetClassIntegrationTests,class,13,13,0,13,4,1,0,9,0,0.5,0.6666667,1.0,4,0,1,0,0,3,4,0,0,0,4,0,0,4,0,0,0,0,0,27,0,0,0,0,0,8,2,4,0,5,0,0,0,0,34,1,0
C:\Users\All Five Projects\spring-batch-main\spring-batch-infrastructure\src\test\java\org\springframework\batch\repeat\support\SimpleRepeatTemplateTests.java,org.springframework.batch.repeat.support.SimpleRepeatTemplateTests$Anonymous4,anonymous,1,1,0,1,1,1,0,0,0,0.0,NaN,NaN,1,0,1,0,0,0,1,0,0,0,0,0,0,0,0,0,0,0,0,5,1,0,0,0,0,0,0,0,0,0,0,0,0,0,5,-1,0
C:\Users\All Five Projects\spring-batch-main\spring-batch-core\src\test\java\org\springframework\batch\core\step\StepLocatorStepFactoryBeanTests.java,org.springframework.batch.core.step.StepLocatorStepFactoryBeanTests,class,6,7,1,6,3,1,0,9,3,0.0,0.0,0.0,3,0,0,1,0,2,2,0,0,0,0,0,0,0,0,0,0,0,0,35,1,0,0,0,1,4,0,5,0,5,0,1,0,0,25,0,0
C:\Users\All Five Projects\spring-batch-main\spring-batch-infrastructure\src\test\java\org\springframework\batch\repeat\support\SimpleRepeatTemplateTests.java,org.springframework.batch.repeat.support.SimpleRepeatTemplateTests$Anonymous5,anonymous,2,2,0,2,2,1,0,2,0,0.0,NaN,NaN,1,0,1,0,0,0,1,0,0,0,0,0,0,0,0,0,0,0,0,9,1,0,0,0,0,0,1,1,0,1,1,0,0,0,9,-1,0
C:\Users\All Five Projects\spring-batch-main\spring-batch-infrastructure\src\test\java\org\springframework\batch\repeat\support\SimpleRepeatTemplateTests.java,org.springframework.batch.repeat.support.SimpleRepeatTemplateTests$Anonymous6,anonymous,2,2,0,2,2,1,0,2,0,0.0,NaN,NaN,1,0,1,0,0,0,1,0,0,0,0,0,0,0,0,0,0,0,0,9,1,0,0,0,0,0,1,1,0,1,1,0,0,0,9,-1,0
C:\Users\All Five Projects\spring-batch-main\spring-batch-core\src\main\java\org\springframework\batch\core\converter\AbstractDateTimeConverter.java,org.springframework.batch.core.converter.AbstractDateTimeConverter,class,0,8,8,0,0,1,8,0,0,NaN,-1.0,-1.0,0,0,0,0,0,0,0,0,0,0,4,0,0,0,4,0,0,0,0,6,0,0,0,0,0,0,0,4,0,4,0,0,0,0,13,0,0
C:\Users\All Five Projects\spring-batch-main\spring-batch-infrastructure\src\test\java\org\springframework\batch\repeat\support\SimpleRepeatTemplateTests.java,org.springframework.batch.repeat.support.SimpleRepeatTemplateTests$Anonymous7,anonymous,2,2,0,2,1,1,0,3,0,0.0,NaN,NaN,1,0,1,0,0,0,1,0,0,0,0,0,0,0,0,0,0,0,0,7,1,0,0,0,0,0,0,0,0,0,0,0,0,0,11,-1,0
C:\Users\All Five Projects\spring-batch-main\spring-batch-infrastructure\src\main\java\org\springframework\batch\item\file\transform\DefaultFieldSet.java,org.springframework.batch.item.file.transform.DefaultFieldSet,class,3,6,3,3,97,1,0,66,1497,0.9152542,0.05171209,0.10691824,59,2,52,5,2,0,54,0,1,0,7,1,0,7,0,0,2,0,16,311,59,2,19,8,4,33,9,27,14,24,2,0,0,0,164,1,0
C:\Users\All Five Projects\spring-batch-main\spring-batch-infrastructure\src\test\java\org\springframework\batch\repeat\support\SimpleRepeatTemplateTests.java,org.springframework.batch.repeat.support.SimpleRepeatTemplateTests$Anonymous1,anonymous,0,0,0,0,1,1,0,2,0,0.0,NaN,NaN,1,0,1,0,0,0,1,0,0,0,0,0,0,0,0,0,0,0,0,6,0,0,0,0,0,1,0,0,0,0,0,0,0,0,1,-1,0
C:\Users\All Five Projects\spring-batch-main\spring-batch-infrastructure\src\test\java\org\springframework\batch\repeat\support\SimpleRepeatTemplateTests.java,org.springframework.batch.repeat.support.SimpleRepeatTemplateTests$Anonymous2,anonymous,1,1,0,1,1,1,0,0,0,0.0,NaN,NaN,1,0,1,0,0,0,1,0,0,0,0,0,0,0,0,0,0,0,0,5,1,0,0,0,0,0,0,0,0,0,0,0,0,0,5,-1,0
C:\Users\All Five Projects\spring-batch-main\spring-batch-infrastructure\src\test\java\org\springframework\batch\repeat\support\SimpleRepeatTemplateTests.java,org.springframework.batch.repeat.support.SimpleRepeatTemplateTests$Anonymous3,anonymous,0,0,0,0,1,1,0,2,0,0.0,NaN,NaN,1,0,1,0,0,0,1,0,0,0,0,0,0,0,0,0,0,0,0,6,0,0,0,0,0,1,0,0,0,0,0,0,0,0,1,-1,0
C:\Users\All Five Projects\spring-batch-main\spring-batch-samples\src\main\java\org\springframework\batch\samples\common\StagingItemListener.java,org.springframework.batch.samples.common.StagingItemListener,class,5,5,0,5,5,2,0,2,0,0.0,1.0,1.0,3,0,3,0,0,0,3,0,1,0,1,0,0,1,0,0,0,0,0,15,0,0,2,0,0,5,1,2,1,2,1,0,0,0,63,1,0
C:\Users\All Five Projects\spring-batch-main\spring-batch-test\src\main\java\org\springframework\batch\test\JobLauncherTestUtils.java,org.springframework.batch.test.JobLauncherTestUtils,class,14,53,39,14,19,1,0,14,89,0.888889,0.07619048,0.07619048,15,0,14,0,1,0,15,0,0,0,6,0,0,5,1,0,2,0,0,69,12,0,3,0,1,6,0,10,3,9,1,0,0,0,166,1,0
C:\Users\All Five Projects\spring-batch-main\spring-batch-samples\src\main\java\org\springframework\batch\samples\file\patternmatching\BillingInfo.java,org.springframework.batch.samples.file.patternmatching.BillingInfo,class,1,7,6,1,18,1,0,3,0,0.5238095,0.8095238,1.0,7,0,7,0,0,0,7,0,0,0,3,1,1,2,0,0,1,0,0,56,12,0,9,0,4,4,4,8,5,6,2,0,0,0,32,1,0
C:\Users\All Five Projects\spring-batch-main\spring-batch-core\src\test\java\org\springframework\batch\core\configuration\xml\StopJobParserTests.java,org.springframework.batch.core.configuration.xml.StopJobParserTests$TestDecider,innerclass,5,5,0,5,1,1,0,0,0,0.0,NaN,NaN,1,0,1,0,0,0,1,0,0,0,0,0,0,0,0,0,0,0,0,5,1,0,0,0,0,1,0,0,0,0,0,0,0,0,9,9,0
C:\Users\All Five Projects\spring-batch-main\spring-batch-core\src\test\java\org\springframework\batch\core\launch\support\CommandLineJobRunnerTests.java,org.springframework.batch.core.launch.support.CommandLineJobRunnerTests$Configuration1,innerclass,2,2,0,2,1,1,0,0,0,0.0,NaN,NaN,1,0,1,0,0,0,1,0,0,0,0,0,0,0,0,0,0,0,0,5,1,0,0,0,0,1,0,0,0,0,0,0,0,0,2,9,0
C:\Users\All Five Projects\spring-batch-main\spring-batch-infrastructure\src\main\java\org\springframework\batch\item\file\SimpleBinaryBufferedReaderFactory.java,org.springframework.batch.item.file.SimpleBinaryBufferedReaderFactory,class,3,3,0,3,2,3,0,1,0,0.5,1.0,1.0,2,0,2,0,0,0,2,0,0,0,2,1,0,2,0,0,1,0,0,63,1,0,0,0,0,1,0,3,0,2,0,0,1,0,73,1,0
C:\Users\All Five Projects\spring-batch-main\spring-batch-infrastructure\src\main\java\org\springframework\batch\item\file\builder\MultiResourceItemWriterBuilder.java,org.springframework.batch.item.file.builder.MultiResourceItemWriterBuilder,class,6,7,1,6,9,1,0,8,7,0.69047624,0.33333334,1.0,7,0,7,0,0,0,7,0,0,0,6,0,0,6,0,0,0,0,0,49,7,0,1,0,0,3,0,9,0,7,1,0,0,0,93,1,0
C:\Users\All Five Projects\spring-batch-main\spring-batch-infrastructure\src\test\java\org\springframework\batch\item\database\JpaPagingItemReaderCommonTests.java,org.springframework.batch.item.database.JpaPagingItemReaderCommonTests,class,8,8,0,8,2,2,0,7,1,0.5,0.0,0.0,2,0,0,0,2,0,2,0,0,0,1,0,0,1,0,0,0,0,0,20,1,0,0,0,0,2,1,3,0,4,0,0,0,0,29,1,0
C:\Users\All Five Projects\spring-batch-main\spring-batch-core\src\test\java\org\springframework\batch\core\explore\support\SimpleJobExplorerIntegrationTests.java,org.springframework.batch.core.explore.support.SimpleJobExplorerIntegrationTests,class,17,17,0,17,3,1,0,26,0,0.4,0.33333334,0.33333334,3,0,0,0,0,3,3,0,0,0,5,0,0,5,0,0,0,0,0,91,0,0,0,0,0,9,5,18,0,23,0,0,2,0,56,0,0
C:\Users\All Five Projects\spring-batch-main\spring-batch-infrastructure\src\test\java\org\springframework\batch\item\data\builder\MongoCursorItemReaderBuilderTests.java,org.springframework.batch.item.data.builder.MongoCursorItemReaderBuilderTests,class,6,6,0,6,1,1,0,13,0,0.0,NaN,NaN,1,0,0,0,0,1,1,0,0,0,0,0,0,0,0,0,0,0,1,18,0,0,0,0,0,7,3,8,0,8,0,0,0,0,27,1,0
C:\Users\All Five Projects\spring-batch-main\spring-batch-core\src\test\java\org\springframework\batch\core\explore\support\SimpleJobExplorerIntegrationTests.java,org.springframework.batch.core.explore.support.SimpleJobExplorerIntegrationTests$Config,innerclass,18,18,0,18,8,1,0,17,28,0.0,0.0,0.0,8,0,8,0,0,0,8,0,0,0,0,0,0,0,0,0,0,0,0,34,8,0,0,0,0,7,0,3,0,3,0,0,0,0,35,8,0
C:\Users\All Five Projects\spring-batch-main\spring-batch-core\src\test\java\org\springframework\batch\core\configuration\xml\TestIncrementer.java,org.springframework.batch.core.configuration.xml.TestIncrementer,class,3,3,0,3,1,1,0,0,0,0.0,NaN,NaN,1,0,1,0,0,0,1,0,0,0,0,0,0,0,0,0,0,0,0,5,1,0,0,0,0,0,0,0,0,0,0,0,0,0,8,1,0
C:\Users\All Five Projects\spring-batch-main\spring-batch-infrastructure\src\test\java\org\springframework\batch\item\xml\StaxTestUtils.java,org.springframework.batch.item.xml.StaxTestUtils,class,0,8,8,0,2,1,0,4,1,0.0,0.0,0.0,2,2,2,0,0,0,2,0,0,0,0,0,0,0,0,0,0,0,0,14,2,0,0,0,0,2,0,4,0,4,0,0,0,0,26,17,0
C:\Users\All Five Projects\spring-batch-main\spring-batch-core\src\test\java\org\springframework\batch\core\job\flow\FlowJobFailureTests.java,org.springframework.batch.core.job.flow.FlowJobFailureTests$Anonymous1,anonymous,1,1,0,1,1,1,0,2,0,0.0,NaN,NaN,1,0,1,0,0,0,1,0,0,0,0,0,0,0,0,0,0,0,0,6,0,0,0,0,0,0,0,0,0,0,0,0,0,0,7,-1,0
C:\Users\All Five Projects\spring-batch-main\spring-batch-integration\src\main\java\org\springframework\batch\integration\chunk\RemoteChunkHandlerFactoryBean.java,org.springframework.batch.integration.chunk.RemoteChunkHandlerFactoryBean$Anonymous1,anonymous,2,2,0,2,1,1,0,2,0,0.0,NaN,NaN,1,0,0,0,1,0,1,0,0,0,0,0,0,0,0,0,0,0,0,6,0,0,0,0,0,0,0,0,0,0,0,0,0,0,8,-1,0
C:\Users\All Five Projects\spring-batch-main\spring-batch-core\src\test\java\org\springframework\batch\core\configuration\annotation\JobScopeConfigurationTests.java,org.springframework.batch.core.configuration.annotation.JobScopeConfigurationTests$JobScopeConfigurationForcingInterfaceProxy,innerclass,6,6,0,6,1,1,0,0,0,0.0,NaN,NaN,1,0,0,0,1,0,1,0,0,0,0,0,0,0,0,0,0,0,0,5,1,0,0,0,0,2,0,0,0,0,0,0,0,0,11,9,0
C:\Users\All Five Projects\spring-batch-main\spring-batch-samples\src\main\java\org\springframework\batch\samples\launch\DefaultJobLoader.java,org.springframework.batch.samples.launch.DefaultJobLoader,class,8,9,1,8,14,1,0,15,18,0.7083333,0.23809524,0.47619048,8,0,7,1,0,0,7,0,0,0,3,0,0,3,0,0,1,0,0,61,5,2,0,2,0,5,4,16,4,16,3,0,0,0,57,1,0
C:\Users\All Five Projects\spring-batch-main\spring-batch-core\src\main\java\org\springframework\batch\core\scope\context\ChunkContext.java,org.springframework.batch.core.scope.context.ChunkContext,class,2,11,9,2,5,2,0,3,0,0.4,0.6,1.0,5,0,5,0,0,0,5,0,0,0,2,0,0,2,0,0,1,0,2,19,3,0,0,0,0,1,0,3,0,2,0,0,0,0,61,1,0
C:\Users\All Five Projects\spring-batch-main\spring-batch-integration\src\test\java\org\springframework\batch\integration\config\xml\JobLaunchingGatewayParserTests.java,org.springframework.batch.integration.config.xml.JobLaunchingGatewayParserTests,class,11,12,1,11,7,1,0,16,1,0.5,0.3,0.3,6,0,0,1,0,5,5,0,0,0,2,0,0,2,0,0,0,0,0,42,0,0,1,0,0,17,2,11,0,11,1,0,0,1,59,0,0
C:\Users\All Five Projects\spring-batch-main\spring-batch-infrastructure\src\test\java\org\springframework\batch\item\xml\builder\StaxEventItemReaderBuilderTests.java,org.springframework.batch.item.xml.builder.StaxEventItemReaderBuilderTests$Foo,innerclass,1,1,0,1,9,1,0,1,4,0.5555556,0.44444445,0.7777778,9,0,9,0,0,0,9,0,0,0,3,0,0,3,0,0,0,0,1,33,4,0,0,0,0,2,0,6,0,3,0,0,0,0,12,9,0
C:\Users\All Five Projects\spring-batch-main\spring-batch-infrastructure\src\test\java\org\springframework\batch\repeat\support\SimpleRepeatTemplateTests.java,org.springframework.batch.repeat.support.SimpleRepeatTemplateTests$1RepeatListenerStub,innerclass,2,2,0,2,1,1,0,1,0,0.0,NaN,NaN,1,0,1,0,0,0,1,0,0,0,1,0,0,0,0,1,0,0,0,7,0,0,0,0,0,0,0,2,0,1,0,0,0,0,13,0,0
